product_id,product_name,description,brand_name,category_name
1,"Giày chạy bộ DL Speed Pro X1","<h3>Tổng quan chi tiết về <strong>Giày chạy bộ DL Speed Pro X1</strong></h3>
<p>Giày chạy bộ chuyên nghiệp với đế giày EVA siêu nhẹ.</p>

        <p>Được thiết kế chuyên biệt để nâng niu từng bước chân, <strong>Giày chạy bộ DL Speed Pro X1</strong> là người bạn đồng hành không thể thiếu cho những tín đồ đam mê vận động. Với kiểu dáng thể thao hiện đại, sản phẩm không chỉ mang lại hiệu suất cao trên sân tập mà còn rất phong cách khi dạo phố.</p>
        
        <h4>1. Cấu tạo và Công nghệ nổi bật</h4>
        <ul>
            <li><strong>Chất liệu bề mặt cao cấp:</strong> Thân giày được làm từ vật liệu siêu nhẹ và thoáng khí, giúp đôi chân luôn khô ráo dù hoạt động ở cường độ cao.</li>
            <li><strong>Bộ đệm êm ái, trợ lực tốt:</strong> Đế giữa hấp thụ lực va đập cực tốt, phản hồi năng lượng mạnh mẽ giúp giảm thiểu chấn thương cơ xương khớp.</li>
            <li><strong>Đế ngoài chống trượt:</strong> Thiết kế mặt đế bám đường vượt trội, tăng độ ma sát và an toàn trên nhiều địa hình khác nhau.</li>
        </ul>

        <h4>2. Hướng dẫn vệ sinh và bảo quản</h4>
        <ul>
            <li>Không giặt giày bằng máy giặt để tránh làm biến dạng form dáng và hỏng lớp keo dán.</li>
            <li>Sử dụng bàn chải lông mềm và dung dịch vệ sinh chuyên dụng để làm sạch các vết bẩn.</li>
            <li>Sau khi giặt, phơi giày ở nơi khô ráo, bóng râm. Tuyệt đối không phơi trực tiếp dưới ánh nắng gắt hoặc dùng máy sấy nhiệt độ cao.</li>
            <li>Nên nhét thêm giấy báo hoặc cục hút ẩm vào bên trong giày khi không sử dụng để giữ form và khử mùi.</li>
        </ul>
        <h3>Tại sao nên chọn mua tại Axeron Sport?</h3>
        <p>Với phương châm mang đến những sản phẩm thể thao chất lượng cao và dẫn đầu xu hướng, Axeron Sport cam kết 100% sản phẩm <strong>Giày chạy bộ DL Speed Pro X1</strong> đều được kiểm định chất lượng chặt chẽ trước khi trao đến tay khách hàng. Đội ngũ tư vấn viên nhiệt tình của chúng tôi luôn sẵn sàng hỗ trợ để bạn có thể chọn lựa được sản phẩm ưng ý nhất. Nâng tầm hiệu suất tập luyện ngay hôm nay!</p>
    ","Động Lực","Giày Chạy Bộ Nam"
2,"Giày chạy bộ DL Runner Air 2024","<h3>Tổng quan chi tiết về <strong>Giày chạy bộ DL Runner Air 2024</strong></h3>
<p>Thiết kế khí động học giúp tăng tốc độ.</p>

        <p>Được thiết kế chuyên biệt để nâng niu từng bước chân, <strong>Giày chạy bộ DL Runner Air 2024</strong> là người bạn đồng hành không thể thiếu cho những tín đồ đam mê vận động. Với kiểu dáng thể thao hiện đại, sản phẩm không chỉ mang lại hiệu suất cao trên sân tập mà còn rất phong cách khi dạo phố.</p>
        
        <h4>1. Cấu tạo và Công nghệ nổi bật</h4>
        <ul>
            <li><strong>Chất liệu bề mặt cao cấp:</strong> Thân giày được làm từ vật liệu siêu nhẹ và thoáng khí, giúp đôi chân luôn khô ráo dù hoạt động ở cường độ cao.</li>
            <li><strong>Bộ đệm êm ái, trợ lực tốt:</strong> Đế giữa hấp thụ lực va đập cực tốt, phản hồi năng lượng mạnh mẽ giúp giảm thiểu chấn thương cơ xương khớp.</li>
            <li><strong>Đế ngoài chống trượt:</strong> Thiết kế mặt đế bám đường vượt trội, tăng độ ma sát và an toàn trên nhiều địa hình khác nhau.</li>
        </ul>

        <h4>2. Hướng dẫn vệ sinh và bảo quản</h4>
        <ul>
            <li>Không giặt giày bằng máy giặt để tránh làm biến dạng form dáng và hỏng lớp keo dán.</li>
            <li>Sử dụng bàn chải lông mềm và dung dịch vệ sinh chuyên dụng để làm sạch các vết bẩn.</li>
            <li>Sau khi giặt, phơi giày ở nơi khô ráo, bóng râm. Tuyệt đối không phơi trực tiếp dưới ánh nắng gắt hoặc dùng máy sấy nhiệt độ cao.</li>
            <li>Nên nhét thêm giấy báo hoặc cục hút ẩm vào bên trong giày khi không sử dụng để giữ form và khử mùi.</li>
        </ul>
        <h3>Tại sao nên chọn mua tại Axeron Sport?</h3>
        <p>Với phương châm mang đến những sản phẩm thể thao chất lượng cao và dẫn đầu xu hướng, Axeron Sport cam kết 100% sản phẩm <strong>Giày chạy bộ DL Runner Air 2024</strong> đều được kiểm định chất lượng chặt chẽ trước khi trao đến tay khách hàng. Đội ngũ tư vấn viên nhiệt tình của chúng tôi luôn sẵn sàng hỗ trợ để bạn có thể chọn lựa được sản phẩm ưng ý nhất. Nâng tầm hiệu suất tập luyện ngay hôm nay!</p>
    ","Động Lực","Giày Chạy Bộ Nam"
3,"Giày Nike Revolution 7","<h3>Tổng quan chi tiết về <strong>Giày Nike Revolution 7</strong></h3>
<p>Giày chạy bộ phổ biến của Nike với đế giữa foam đen.</p>

        <p>Được thiết kế chuyên biệt để nâng niu từng bước chân, <strong>Giày Nike Revolution 7</strong> là người bạn đồng hành không thể thiếu cho những tín đồ đam mê vận động. Với kiểu dáng thể thao hiện đại, sản phẩm không chỉ mang lại hiệu suất cao trên sân tập mà còn rất phong cách khi dạo phố.</p>
        
        <h4>1. Cấu tạo và Công nghệ nổi bật</h4>
        <ul>
            <li><strong>Chất liệu bề mặt cao cấp:</strong> Thân giày được làm từ vật liệu siêu nhẹ và thoáng khí, giúp đôi chân luôn khô ráo dù hoạt động ở cường độ cao.</li>
            <li><strong>Bộ đệm êm ái, trợ lực tốt:</strong> Đế giữa hấp thụ lực va đập cực tốt, phản hồi năng lượng mạnh mẽ giúp giảm thiểu chấn thương cơ xương khớp.</li>
            <li><strong>Đế ngoài chống trượt:</strong> Thiết kế mặt đế bám đường vượt trội, tăng độ ma sát và an toàn trên nhiều địa hình khác nhau.</li>
        </ul>

        <h4>2. Hướng dẫn vệ sinh và bảo quản</h4>
        <ul>
            <li>Không giặt giày bằng máy giặt để tránh làm biến dạng form dáng và hỏng lớp keo dán.</li>
            <li>Sử dụng bàn chải lông mềm và dung dịch vệ sinh chuyên dụng để làm sạch các vết bẩn.</li>
            <li>Sau khi giặt, phơi giày ở nơi khô ráo, bóng râm. Tuyệt đối không phơi trực tiếp dưới ánh nắng gắt hoặc dùng máy sấy nhiệt độ cao.</li>
            <li>Nên nhét thêm giấy báo hoặc cục hút ẩm vào bên trong giày khi không sử dụng để giữ form và khử mùi.</li>
        </ul>
        <h3>Tại sao nên chọn mua tại Axeron Sport?</h3>
        <p>Với phương châm mang đến những sản phẩm thể thao chất lượng cao và dẫn đầu xu hướng, Axeron Sport cam kết 100% sản phẩm <strong>Giày Nike Revolution 7</strong> đều được kiểm định chất lượng chặt chẽ trước khi trao đến tay khách hàng. Đội ngũ tư vấn viên nhiệt tình của chúng tôi luôn sẵn sàng hỗ trợ để bạn có thể chọn lựa được sản phẩm ưng ý nhất. Nâng tầm hiệu suất tập luyện ngay hôm nay!</p>
    ",Nike,"Giày Chạy Bộ Nam"
4,"Giày Adidas Runfalcon 3.0","<h3>Tổng quan chi tiết về <strong>Giày Adidas Runfalcon 3.0</strong></h3>
<p>Dòng giày chạy bộ giá tốt của Adidas.</p>

        <p>Được thiết kế chuyên biệt để nâng niu từng bước chân, <strong>Giày Adidas Runfalcon 3.0</strong> là người bạn đồng hành không thể thiếu cho những tín đồ đam mê vận động. Với kiểu dáng thể thao hiện đại, sản phẩm không chỉ mang lại hiệu suất cao trên sân tập mà còn rất phong cách khi dạo phố.</p>
        
        <h4>1. Cấu tạo và Công nghệ nổi bật</h4>
        <ul>
            <li><strong>Chất liệu bề mặt cao cấp:</strong> Thân giày được làm từ vật liệu siêu nhẹ và thoáng khí, giúp đôi chân luôn khô ráo dù hoạt động ở cường độ cao.</li>
            <li><strong>Bộ đệm êm ái, trợ lực tốt:</strong> Đế giữa hấp thụ lực va đập cực tốt, phản hồi năng lượng mạnh mẽ giúp giảm thiểu chấn thương cơ xương khớp.</li>
            <li><strong>Đế ngoài chống trượt:</strong> Thiết kế mặt đế bám đường vượt trội, tăng độ ma sát và an toàn trên nhiều địa hình khác nhau.</li>
        </ul>

        <h4>2. Hướng dẫn vệ sinh và bảo quản</h4>
        <ul>
            <li>Không giặt giày bằng máy giặt để tránh làm biến dạng form dáng và hỏng lớp keo dán.</li>
            <li>Sử dụng bàn chải lông mềm và dung dịch vệ sinh chuyên dụng để làm sạch các vết bẩn.</li>
            <li>Sau khi giặt, phơi giày ở nơi khô ráo, bóng râm. Tuyệt đối không phơi trực tiếp dưới ánh nắng gắt hoặc dùng máy sấy nhiệt độ cao.</li>
            <li>Nên nhét thêm giấy báo hoặc cục hút ẩm vào bên trong giày khi không sử dụng để giữ form và khử mùi.</li>
        </ul>
        <h3>Tại sao nên chọn mua tại Axeron Sport?</h3>
        <p>Với phương châm mang đến những sản phẩm thể thao chất lượng cao và dẫn đầu xu hướng, Axeron Sport cam kết 100% sản phẩm <strong>Giày Adidas Runfalcon 3.0</strong> đều được kiểm định chất lượng chặt chẽ trước khi trao đến tay khách hàng. Đội ngũ tư vấn viên nhiệt tình của chúng tôi luôn sẵn sàng hỗ trợ để bạn có thể chọn lựa được sản phẩm ưng ý nhất. Nâng tầm hiệu suất tập luyện ngay hôm nay!</p>
    ",Adidas,"Giày Chạy Bộ Nam"
5,"Giày ASICS Gel-Nimbus 26","<h3>Tổng quan chi tiết về <strong>Giày ASICS Gel-Nimbus 26</strong></h3>
<p>Dòng giày cao cấp của ASICS, công nghệ đệm Gel.</p>

        <p>Được thiết kế chuyên biệt để nâng niu từng bước chân, <strong>Giày ASICS Gel-Nimbus 26</strong> là người bạn đồng hành không thể thiếu cho những tín đồ đam mê vận động. Với kiểu dáng thể thao hiện đại, sản phẩm không chỉ mang lại hiệu suất cao trên sân tập mà còn rất phong cách khi dạo phố.</p>
        
        <h4>1. Cấu tạo và Công nghệ nổi bật</h4>
        <ul>
            <li><strong>Chất liệu bề mặt cao cấp:</strong> Thân giày được làm từ vật liệu siêu nhẹ và thoáng khí, giúp đôi chân luôn khô ráo dù hoạt động ở cường độ cao.</li>
            <li><strong>Bộ đệm êm ái, trợ lực tốt:</strong> Đế giữa hấp thụ lực va đập cực tốt, phản hồi năng lượng mạnh mẽ giúp giảm thiểu chấn thương cơ xương khớp.</li>
            <li><strong>Đế ngoài chống trượt:</strong> Thiết kế mặt đế bám đường vượt trội, tăng độ ma sát và an toàn trên nhiều địa hình khác nhau.</li>
        </ul>

        <h4>2. Hướng dẫn vệ sinh và bảo quản</h4>
        <ul>
            <li>Không giặt giày bằng máy giặt để tránh làm biến dạng form dáng và hỏng lớp keo dán.</li>
            <li>Sử dụng bàn chải lông mềm và dung dịch vệ sinh chuyên dụng để làm sạch các vết bẩn.</li>
            <li>Sau khi giặt, phơi giày ở nơi khô ráo, bóng râm. Tuyệt đối không phơi trực tiếp dưới ánh nắng gắt hoặc dùng máy sấy nhiệt độ cao.</li>
            <li>Nên nhét thêm giấy báo hoặc cục hút ẩm vào bên trong giày khi không sử dụng để giữ form và khử mùi.</li>
        </ul>
        <h3>Tại sao nên chọn mua tại Axeron Sport?</h3>
        <p>Với phương châm mang đến những sản phẩm thể thao chất lượng cao và dẫn đầu xu hướng, Axeron Sport cam kết 100% sản phẩm <strong>Giày ASICS Gel-Nimbus 26</strong> đều được kiểm định chất lượng chặt chẽ trước khi trao đến tay khách hàng. Đội ngũ tư vấn viên nhiệt tình của chúng tôi luôn sẵn sàng hỗ trợ để bạn có thể chọn lựa được sản phẩm ưng ý nhất. Nâng tầm hiệu suất tập luyện ngay hôm nay!</p>
    ",Asics,"Giày Chạy Bộ Nam"
6,"Giày đá bóng DL Striker FG 2024","<h3>Tổng quan chi tiết về <strong>Giày đá bóng DL Striker FG 2024</strong></h3>
<p>Giày đá bóng sân cỏ, đế cao su tự nhiên.</p>

        <p>Được thiết kế chuyên biệt để nâng niu từng bước chân, <strong>Giày đá bóng DL Striker FG 2024</strong> là người bạn đồng hành không thể thiếu cho những tín đồ đam mê vận động. Với kiểu dáng thể thao hiện đại, sản phẩm không chỉ mang lại hiệu suất cao trên sân tập mà còn rất phong cách khi dạo phố.</p>
        
        <h4>1. Cấu tạo và Công nghệ nổi bật</h4>
        <ul>
            <li><strong>Chất liệu bề mặt cao cấp:</strong> Thân giày được làm từ vật liệu siêu nhẹ và thoáng khí, giúp đôi chân luôn khô ráo dù hoạt động ở cường độ cao.</li>
            <li><strong>Bộ đệm êm ái, trợ lực tốt:</strong> Đế giữa hấp thụ lực va đập cực tốt, phản hồi năng lượng mạnh mẽ giúp giảm thiểu chấn thương cơ xương khớp.</li>
            <li><strong>Đế ngoài chống trượt:</strong> Thiết kế mặt đế bám đường vượt trội, tăng độ ma sát và an toàn trên nhiều địa hình khác nhau.</li>
        </ul>

        <h4>2. Hướng dẫn vệ sinh và bảo quản</h4>
        <ul>
            <li>Không giặt giày bằng máy giặt để tránh làm biến dạng form dáng và hỏng lớp keo dán.</li>
            <li>Sử dụng bàn chải lông mềm và dung dịch vệ sinh chuyên dụng để làm sạch các vết bẩn.</li>
            <li>Sau khi giặt, phơi giày ở nơi khô ráo, bóng râm. Tuyệt đối không phơi trực tiếp dưới ánh nắng gắt hoặc dùng máy sấy nhiệt độ cao.</li>
            <li>Nên nhét thêm giấy báo hoặc cục hút ẩm vào bên trong giày khi không sử dụng để giữ form và khử mùi.</li>
        </ul>
        <h3>Tại sao nên chọn mua tại Axeron Sport?</h3>
        <p>Với phương châm mang đến những sản phẩm thể thao chất lượng cao và dẫn đầu xu hướng, Axeron Sport cam kết 100% sản phẩm <strong>Giày đá bóng DL Striker FG 2024</strong> đều được kiểm định chất lượng chặt chẽ trước khi trao đến tay khách hàng. Đội ngũ tư vấn viên nhiệt tình của chúng tôi luôn sẵn sàng hỗ trợ để bạn có thể chọn lựa được sản phẩm ưng ý nhất. Nâng tầm hiệu suất tập luyện ngay hôm nay!</p>
    ","Động Lực","Giày Đá Bóng"
7,"Giày đá bóng DL Futsal Pro F10","<h3>Tổng quan chi tiết về <strong>Giày đá bóng DL Futsal Pro F10</strong></h3>
<p>Thiết kế dành riêng cho futsal, đế bám sân nhà tốt.</p>

        <p>Được thiết kế chuyên biệt để nâng niu từng bước chân, <strong>Giày đá bóng DL Futsal Pro F10</strong> là người bạn đồng hành không thể thiếu cho những tín đồ đam mê vận động. Với kiểu dáng thể thao hiện đại, sản phẩm không chỉ mang lại hiệu suất cao trên sân tập mà còn rất phong cách khi dạo phố.</p>
        
        <h4>1. Cấu tạo và Công nghệ nổi bật</h4>
        <ul>
            <li><strong>Chất liệu bề mặt cao cấp:</strong> Thân giày được làm từ vật liệu siêu nhẹ và thoáng khí, giúp đôi chân luôn khô ráo dù hoạt động ở cường độ cao.</li>
            <li><strong>Bộ đệm êm ái, trợ lực tốt:</strong> Đế giữa hấp thụ lực va đập cực tốt, phản hồi năng lượng mạnh mẽ giúp giảm thiểu chấn thương cơ xương khớp.</li>
            <li><strong>Đế ngoài chống trượt:</strong> Thiết kế mặt đế bám đường vượt trội, tăng độ ma sát và an toàn trên nhiều địa hình khác nhau.</li>
        </ul>

        <h4>2. Hướng dẫn vệ sinh và bảo quản</h4>
        <ul>
            <li>Không giặt giày bằng máy giặt để tránh làm biến dạng form dáng và hỏng lớp keo dán.</li>
            <li>Sử dụng bàn chải lông mềm và dung dịch vệ sinh chuyên dụng để làm sạch các vết bẩn.</li>
            <li>Sau khi giặt, phơi giày ở nơi khô ráo, bóng râm. Tuyệt đối không phơi trực tiếp dưới ánh nắng gắt hoặc dùng máy sấy nhiệt độ cao.</li>
            <li>Nên nhét thêm giấy báo hoặc cục hút ẩm vào bên trong giày khi không sử dụng để giữ form và khử mùi.</li>
        </ul>
        <h3>Tại sao nên chọn mua tại Axeron Sport?</h3>
        <p>Với phương châm mang đến những sản phẩm thể thao chất lượng cao và dẫn đầu xu hướng, Axeron Sport cam kết 100% sản phẩm <strong>Giày đá bóng DL Futsal Pro F10</strong> đều được kiểm định chất lượng chặt chẽ trước khi trao đến tay khách hàng. Đội ngũ tư vấn viên nhiệt tình của chúng tôi luôn sẵn sàng hỗ trợ để bạn có thể chọn lựa được sản phẩm ưng ý nhất. Nâng tầm hiệu suất tập luyện ngay hôm nay!</p>
    ","Động Lực","Giày Đá Bóng"
8,"Giày đá bóng Adidas Predator 24 FG","<h3>Tổng quan chi tiết về <strong>Giày đá bóng Adidas Predator 24 FG</strong></h3>
<p>Vật liệu Zone Skin giúp kiểm soát bóng chính xác hơn.</p>

        <p>Được thiết kế chuyên biệt để nâng niu từng bước chân, <strong>Giày đá bóng Adidas Predator 24 FG</strong> là người bạn đồng hành không thể thiếu cho những tín đồ đam mê vận động. Với kiểu dáng thể thao hiện đại, sản phẩm không chỉ mang lại hiệu suất cao trên sân tập mà còn rất phong cách khi dạo phố.</p>
        
        <h4>1. Cấu tạo và Công nghệ nổi bật</h4>
        <ul>
            <li><strong>Chất liệu bề mặt cao cấp:</strong> Thân giày được làm từ vật liệu siêu nhẹ và thoáng khí, giúp đôi chân luôn khô ráo dù hoạt động ở cường độ cao.</li>
            <li><strong>Bộ đệm êm ái, trợ lực tốt:</strong> Đế giữa hấp thụ lực va đập cực tốt, phản hồi năng lượng mạnh mẽ giúp giảm thiểu chấn thương cơ xương khớp.</li>
            <li><strong>Đế ngoài chống trượt:</strong> Thiết kế mặt đế bám đường vượt trội, tăng độ ma sát và an toàn trên nhiều địa hình khác nhau.</li>
        </ul>

        <h4>2. Hướng dẫn vệ sinh và bảo quản</h4>
        <ul>
            <li>Không giặt giày bằng máy giặt để tránh làm biến dạng form dáng và hỏng lớp keo dán.</li>
            <li>Sử dụng bàn chải lông mềm và dung dịch vệ sinh chuyên dụng để làm sạch các vết bẩn.</li>
            <li>Sau khi giặt, phơi giày ở nơi khô ráo, bóng râm. Tuyệt đối không phơi trực tiếp dưới ánh nắng gắt hoặc dùng máy sấy nhiệt độ cao.</li>
            <li>Nên nhét thêm giấy báo hoặc cục hút ẩm vào bên trong giày khi không sử dụng để giữ form và khử mùi.</li>
        </ul>
        <h3>Tại sao nên chọn mua tại Axeron Sport?</h3>
        <p>Với phương châm mang đến những sản phẩm thể thao chất lượng cao và dẫn đầu xu hướng, Axeron Sport cam kết 100% sản phẩm <strong>Giày đá bóng Adidas Predator 24 FG</strong> đều được kiểm định chất lượng chặt chẽ trước khi trao đến tay khách hàng. Đội ngũ tư vấn viên nhiệt tình của chúng tôi luôn sẵn sàng hỗ trợ để bạn có thể chọn lựa được sản phẩm ưng ý nhất. Nâng tầm hiệu suất tập luyện ngay hôm nay!</p>
    ",Adidas,"Giày Đá Bóng"
9,"Giày đá bóng Nike Phantom GX2","<h3>Tổng quan chi tiết về <strong>Giày đá bóng Nike Phantom GX2</strong></h3>
<p>Công nghệ Aerotrak giúp bóng bay chính xác.</p>

        <p>Được thiết kế chuyên biệt để nâng niu từng bước chân, <strong>Giày đá bóng Nike Phantom GX2</strong> là người bạn đồng hành không thể thiếu cho những tín đồ đam mê vận động. Với kiểu dáng thể thao hiện đại, sản phẩm không chỉ mang lại hiệu suất cao trên sân tập mà còn rất phong cách khi dạo phố.</p>
        
        <h4>1. Cấu tạo và Công nghệ nổi bật</h4>
        <ul>
            <li><strong>Chất liệu bề mặt cao cấp:</strong> Thân giày được làm từ vật liệu siêu nhẹ và thoáng khí, giúp đôi chân luôn khô ráo dù hoạt động ở cường độ cao.</li>
            <li><strong>Bộ đệm êm ái, trợ lực tốt:</strong> Đế giữa hấp thụ lực va đập cực tốt, phản hồi năng lượng mạnh mẽ giúp giảm thiểu chấn thương cơ xương khớp.</li>
            <li><strong>Đế ngoài chống trượt:</strong> Thiết kế mặt đế bám đường vượt trội, tăng độ ma sát và an toàn trên nhiều địa hình khác nhau.</li>
        </ul>

        <h4>2. Hướng dẫn vệ sinh và bảo quản</h4>
        <ul>
            <li>Không giặt giày bằng máy giặt để tránh làm biến dạng form dáng và hỏng lớp keo dán.</li>
            <li>Sử dụng bàn chải lông mềm và dung dịch vệ sinh chuyên dụng để làm sạch các vết bẩn.</li>
            <li>Sau khi giặt, phơi giày ở nơi khô ráo, bóng râm. Tuyệt đối không phơi trực tiếp dưới ánh nắng gắt hoặc dùng máy sấy nhiệt độ cao.</li>
            <li>Nên nhét thêm giấy báo hoặc cục hút ẩm vào bên trong giày khi không sử dụng để giữ form và khử mùi.</li>
        </ul>
        <h3>Tại sao nên chọn mua tại Axeron Sport?</h3>
        <p>Với phương châm mang đến những sản phẩm thể thao chất lượng cao và dẫn đầu xu hướng, Axeron Sport cam kết 100% sản phẩm <strong>Giày đá bóng Nike Phantom GX2</strong> đều được kiểm định chất lượng chặt chẽ trước khi trao đến tay khách hàng. Đội ngũ tư vấn viên nhiệt tình của chúng tôi luôn sẵn sàng hỗ trợ để bạn có thể chọn lựa được sản phẩm ưng ý nhất. Nâng tầm hiệu suất tập luyện ngay hôm nay!</p>
    ",Nike,"Giày Đá Bóng"
10,"Giày đá bóng DL Speed FG Jr","<h3>Tổng quan chi tiết về <strong>Giày đá bóng DL Speed FG Jr</strong></h3>
<p>Dành cho cầu thủ trẻ em và thiếu niên.</p>

        <p>Được thiết kế chuyên biệt để nâng niu từng bước chân, <strong>Giày đá bóng DL Speed FG Jr</strong> là người bạn đồng hành không thể thiếu cho những tín đồ đam mê vận động. Với kiểu dáng thể thao hiện đại, sản phẩm không chỉ mang lại hiệu suất cao trên sân tập mà còn rất phong cách khi dạo phố.</p>
        
        <h4>1. Cấu tạo và Công nghệ nổi bật</h4>
        <ul>
            <li><strong>Chất liệu bề mặt cao cấp:</strong> Thân giày được làm từ vật liệu siêu nhẹ và thoáng khí, giúp đôi chân luôn khô ráo dù hoạt động ở cường độ cao.</li>
            <li><strong>Bộ đệm êm ái, trợ lực tốt:</strong> Đế giữa hấp thụ lực va đập cực tốt, phản hồi năng lượng mạnh mẽ giúp giảm thiểu chấn thương cơ xương khớp.</li>
            <li><strong>Đế ngoài chống trượt:</strong> Thiết kế mặt đế bám đường vượt trội, tăng độ ma sát và an toàn trên nhiều địa hình khác nhau.</li>
        </ul>

        <h4>2. Hướng dẫn vệ sinh và bảo quản</h4>
        <ul>
            <li>Không giặt giày bằng máy giặt để tránh làm biến dạng form dáng và hỏng lớp keo dán.</li>
            <li>Sử dụng bàn chải lông mềm và dung dịch vệ sinh chuyên dụng để làm sạch các vết bẩn.</li>
            <li>Sau khi giặt, phơi giày ở nơi khô ráo, bóng râm. Tuyệt đối không phơi trực tiếp dưới ánh nắng gắt hoặc dùng máy sấy nhiệt độ cao.</li>
            <li>Nên nhét thêm giấy báo hoặc cục hút ẩm vào bên trong giày khi không sử dụng để giữ form và khử mùi.</li>
        </ul>
        <h3>Tại sao nên chọn mua tại Axeron Sport?</h3>
        <p>Với phương châm mang đến những sản phẩm thể thao chất lượng cao và dẫn đầu xu hướng, Axeron Sport cam kết 100% sản phẩm <strong>Giày đá bóng DL Speed FG Jr</strong> đều được kiểm định chất lượng chặt chẽ trước khi trao đến tay khách hàng. Đội ngũ tư vấn viên nhiệt tình của chúng tôi luôn sẵn sàng hỗ trợ để bạn có thể chọn lựa được sản phẩm ưng ý nhất. Nâng tầm hiệu suất tập luyện ngay hôm nay!</p>
    ","Động Lực","Giày Đá Bóng"
11,"Giày cầu lông Yonex Power Cushion 65Z3","<h3>Tổng quan chi tiết về <strong>Giày cầu lông Yonex Power Cushion 65Z3</strong></h3>
<p>Đế giày Power Cushion hấp thụ chấn động.</p>

        <p>Được thiết kế chuyên biệt để nâng niu từng bước chân, <strong>Giày cầu lông Yonex Power Cushion 65Z3</strong> là người bạn đồng hành không thể thiếu cho những tín đồ đam mê vận động. Với kiểu dáng thể thao hiện đại, sản phẩm không chỉ mang lại hiệu suất cao trên sân tập mà còn rất phong cách khi dạo phố.</p>
        
        <h4>1. Cấu tạo và Công nghệ nổi bật</h4>
        <ul>
            <li><strong>Chất liệu bề mặt cao cấp:</strong> Thân giày được làm từ vật liệu siêu nhẹ và thoáng khí, giúp đôi chân luôn khô ráo dù hoạt động ở cường độ cao.</li>
            <li><strong>Bộ đệm êm ái, trợ lực tốt:</strong> Đế giữa hấp thụ lực va đập cực tốt, phản hồi năng lượng mạnh mẽ giúp giảm thiểu chấn thương cơ xương khớp.</li>
            <li><strong>Đế ngoài chống trượt:</strong> Thiết kế mặt đế bám đường vượt trội, tăng độ ma sát và an toàn trên nhiều địa hình khác nhau.</li>
        </ul>

        <h4>2. Hướng dẫn vệ sinh và bảo quản</h4>
        <ul>
            <li>Không giặt giày bằng máy giặt để tránh làm biến dạng form dáng và hỏng lớp keo dán.</li>
            <li>Sử dụng bàn chải lông mềm và dung dịch vệ sinh chuyên dụng để làm sạch các vết bẩn.</li>
            <li>Sau khi giặt, phơi giày ở nơi khô ráo, bóng râm. Tuyệt đối không phơi trực tiếp dưới ánh nắng gắt hoặc dùng máy sấy nhiệt độ cao.</li>
            <li>Nên nhét thêm giấy báo hoặc cục hút ẩm vào bên trong giày khi không sử dụng để giữ form và khử mùi.</li>
        </ul>
        <h3>Tại sao nên chọn mua tại Axeron Sport?</h3>
        <p>Với phương châm mang đến những sản phẩm thể thao chất lượng cao và dẫn đầu xu hướng, Axeron Sport cam kết 100% sản phẩm <strong>Giày cầu lông Yonex Power Cushion 65Z3</strong> đều được kiểm định chất lượng chặt chẽ trước khi trao đến tay khách hàng. Đội ngũ tư vấn viên nhiệt tình của chúng tôi luôn sẵn sàng hỗ trợ để bạn có thể chọn lựa được sản phẩm ưng ý nhất. Nâng tầm hiệu suất tập luyện ngay hôm nay!</p>
    ",Yonex,"Giày Cầu Lông Nam"
12,"Giày cầu lông DL Wing Pro 2024","<h3>Tổng quan chi tiết về <strong>Giày cầu lông DL Wing Pro 2024</strong></h3>
<p>Giày cầu lông thương hiệu Đồng Lực, đế EVA nhẹ.</p>

        <p>Được thiết kế chuyên biệt để nâng niu từng bước chân, <strong>Giày cầu lông DL Wing Pro 2024</strong> là người bạn đồng hành không thể thiếu cho những tín đồ đam mê vận động. Với kiểu dáng thể thao hiện đại, sản phẩm không chỉ mang lại hiệu suất cao trên sân tập mà còn rất phong cách khi dạo phố.</p>
        
        <h4>1. Cấu tạo và Công nghệ nổi bật</h4>
        <ul>
            <li><strong>Chất liệu bề mặt cao cấp:</strong> Thân giày được làm từ vật liệu siêu nhẹ và thoáng khí, giúp đôi chân luôn khô ráo dù hoạt động ở cường độ cao.</li>
            <li><strong>Bộ đệm êm ái, trợ lực tốt:</strong> Đế giữa hấp thụ lực va đập cực tốt, phản hồi năng lượng mạnh mẽ giúp giảm thiểu chấn thương cơ xương khớp.</li>
            <li><strong>Đế ngoài chống trượt:</strong> Thiết kế mặt đế bám đường vượt trội, tăng độ ma sát và an toàn trên nhiều địa hình khác nhau.</li>
        </ul>

        <h4>2. Hướng dẫn vệ sinh và bảo quản</h4>
        <ul>
            <li>Không giặt giày bằng máy giặt để tránh làm biến dạng form dáng và hỏng lớp keo dán.</li>
            <li>Sử dụng bàn chải lông mềm và dung dịch vệ sinh chuyên dụng để làm sạch các vết bẩn.</li>
            <li>Sau khi giặt, phơi giày ở nơi khô ráo, bóng râm. Tuyệt đối không phơi trực tiếp dưới ánh nắng gắt hoặc dùng máy sấy nhiệt độ cao.</li>
            <li>Nên nhét thêm giấy báo hoặc cục hút ẩm vào bên trong giày khi không sử dụng để giữ form và khử mùi.</li>
        </ul>
        <h3>Tại sao nên chọn mua tại Axeron Sport?</h3>
        <p>Với phương châm mang đến những sản phẩm thể thao chất lượng cao và dẫn đầu xu hướng, Axeron Sport cam kết 100% sản phẩm <strong>Giày cầu lông DL Wing Pro 2024</strong> đều được kiểm định chất lượng chặt chẽ trước khi trao đến tay khách hàng. Đội ngũ tư vấn viên nhiệt tình của chúng tôi luôn sẵn sàng hỗ trợ để bạn có thể chọn lựa được sản phẩm ưng ý nhất. Nâng tầm hiệu suất tập luyện ngay hôm nay!</p>
    ","Động Lực","Giày Cầu Lông Nam"
13,"Giày cầu lông Lining Ranger TD","<h3>Tổng quan chi tiết về <strong>Giày cầu lông Lining Ranger TD</strong></h3>
<p>Thương hiệu Lining nổi tiếng, đế giữa Light Foam.</p>

        <p>Được thiết kế chuyên biệt để nâng niu từng bước chân, <strong>Giày cầu lông Lining Ranger TD</strong> là người bạn đồng hành không thể thiếu cho những tín đồ đam mê vận động. Với kiểu dáng thể thao hiện đại, sản phẩm không chỉ mang lại hiệu suất cao trên sân tập mà còn rất phong cách khi dạo phố.</p>
        
        <h4>1. Cấu tạo và Công nghệ nổi bật</h4>
        <ul>
            <li><strong>Chất liệu bề mặt cao cấp:</strong> Thân giày được làm từ vật liệu siêu nhẹ và thoáng khí, giúp đôi chân luôn khô ráo dù hoạt động ở cường độ cao.</li>
            <li><strong>Bộ đệm êm ái, trợ lực tốt:</strong> Đế giữa hấp thụ lực va đập cực tốt, phản hồi năng lượng mạnh mẽ giúp giảm thiểu chấn thương cơ xương khớp.</li>
            <li><strong>Đế ngoài chống trượt:</strong> Thiết kế mặt đế bám đường vượt trội, tăng độ ma sát và an toàn trên nhiều địa hình khác nhau.</li>
        </ul>

        <h4>2. Hướng dẫn vệ sinh và bảo quản</h4>
        <ul>
            <li>Không giặt giày bằng máy giặt để tránh làm biến dạng form dáng và hỏng lớp keo dán.</li>
            <li>Sử dụng bàn chải lông mềm và dung dịch vệ sinh chuyên dụng để làm sạch các vết bẩn.</li>
            <li>Sau khi giặt, phơi giày ở nơi khô ráo, bóng râm. Tuyệt đối không phơi trực tiếp dưới ánh nắng gắt hoặc dùng máy sấy nhiệt độ cao.</li>
            <li>Nên nhét thêm giấy báo hoặc cục hút ẩm vào bên trong giày khi không sử dụng để giữ form và khử mùi.</li>
        </ul>
        <h3>Tại sao nên chọn mua tại Axeron Sport?</h3>
        <p>Với phương châm mang đến những sản phẩm thể thao chất lượng cao và dẫn đầu xu hướng, Axeron Sport cam kết 100% sản phẩm <strong>Giày cầu lông Lining Ranger TD</strong> đều được kiểm định chất lượng chặt chẽ trước khi trao đến tay khách hàng. Đội ngũ tư vấn viên nhiệt tình của chúng tôi luôn sẵn sàng hỗ trợ để bạn có thể chọn lựa được sản phẩm ưng ý nhất. Nâng tầm hiệu suất tập luyện ngay hôm nay!</p>
    ",Lining,"Giày Cầu Lông Nam"
14,"Giày cầu lông nữ Yonex SHB-01MXLX","<h3>Tổng quan chi tiết về <strong>Giày cầu lông nữ Yonex SHB-01MXLX</strong></h3>
<p>Thiết kế dành cho nữ, trọng lượng siêu nhẹ 70g.</p>

        <p>Được thiết kế chuyên biệt để nâng niu từng bước chân, <strong>Giày cầu lông nữ Yonex SHB-01MXLX</strong> là người bạn đồng hành không thể thiếu cho những tín đồ đam mê vận động. Với kiểu dáng thể thao hiện đại, sản phẩm không chỉ mang lại hiệu suất cao trên sân tập mà còn rất phong cách khi dạo phố.</p>
        
        <h4>1. Cấu tạo và Công nghệ nổi bật</h4>
        <ul>
            <li><strong>Chất liệu bề mặt cao cấp:</strong> Thân giày được làm từ vật liệu siêu nhẹ và thoáng khí, giúp đôi chân luôn khô ráo dù hoạt động ở cường độ cao.</li>
            <li><strong>Bộ đệm êm ái, trợ lực tốt:</strong> Đế giữa hấp thụ lực va đập cực tốt, phản hồi năng lượng mạnh mẽ giúp giảm thiểu chấn thương cơ xương khớp.</li>
            <li><strong>Đế ngoài chống trượt:</strong> Thiết kế mặt đế bám đường vượt trội, tăng độ ma sát và an toàn trên nhiều địa hình khác nhau.</li>
        </ul>

        <h4>2. Hướng dẫn vệ sinh và bảo quản</h4>
        <ul>
            <li>Không giặt giày bằng máy giặt để tránh làm biến dạng form dáng và hỏng lớp keo dán.</li>
            <li>Sử dụng bàn chải lông mềm và dung dịch vệ sinh chuyên dụng để làm sạch các vết bẩn.</li>
            <li>Sau khi giặt, phơi giày ở nơi khô ráo, bóng râm. Tuyệt đối không phơi trực tiếp dưới ánh nắng gắt hoặc dùng máy sấy nhiệt độ cao.</li>
            <li>Nên nhét thêm giấy báo hoặc cục hút ẩm vào bên trong giày khi không sử dụng để giữ form và khử mùi.</li>
        </ul>
        <h3>Tại sao nên chọn mua tại Axeron Sport?</h3>
        <p>Với phương châm mang đến những sản phẩm thể thao chất lượng cao và dẫn đầu xu hướng, Axeron Sport cam kết 100% sản phẩm <strong>Giày cầu lông nữ Yonex SHB-01MXLX</strong> đều được kiểm định chất lượng chặt chẽ trước khi trao đến tay khách hàng. Đội ngũ tư vấn viên nhiệt tình của chúng tôi luôn sẵn sàng hỗ trợ để bạn có thể chọn lựa được sản phẩm ưng ý nhất. Nâng tầm hiệu suất tập luyện ngay hôm nay!</p>
    ",Yonex,"Giày Cầu Lông Nữ"
15,"Giày cầu lông nữ DL Wing Lite","<h3>Tổng quan chi tiết về <strong>Giày cầu lông nữ DL Wing Lite</strong></h3>
<p>Phiên bản nhẹ hơn cho nữ, màu sắc nữ tính.</p>

        <p>Được thiết kế chuyên biệt để nâng niu từng bước chân, <strong>Giày cầu lông nữ DL Wing Lite</strong> là người bạn đồng hành không thể thiếu cho những tín đồ đam mê vận động. Với kiểu dáng thể thao hiện đại, sản phẩm không chỉ mang lại hiệu suất cao trên sân tập mà còn rất phong cách khi dạo phố.</p>
        
        <h4>1. Cấu tạo và Công nghệ nổi bật</h4>
        <ul>
            <li><strong>Chất liệu bề mặt cao cấp:</strong> Thân giày được làm từ vật liệu siêu nhẹ và thoáng khí, giúp đôi chân luôn khô ráo dù hoạt động ở cường độ cao.</li>
            <li><strong>Bộ đệm êm ái, trợ lực tốt:</strong> Đế giữa hấp thụ lực va đập cực tốt, phản hồi năng lượng mạnh mẽ giúp giảm thiểu chấn thương cơ xương khớp.</li>
            <li><strong>Đế ngoài chống trượt:</strong> Thiết kế mặt đế bám đường vượt trội, tăng độ ma sát và an toàn trên nhiều địa hình khác nhau.</li>
        </ul>

        <h4>2. Hướng dẫn vệ sinh và bảo quản</h4>
        <ul>
            <li>Không giặt giày bằng máy giặt để tránh làm biến dạng form dáng và hỏng lớp keo dán.</li>
            <li>Sử dụng bàn chải lông mềm và dung dịch vệ sinh chuyên dụng để làm sạch các vết bẩn.</li>
            <li>Sau khi giặt, phơi giày ở nơi khô ráo, bóng râm. Tuyệt đối không phơi trực tiếp dưới ánh nắng gắt hoặc dùng máy sấy nhiệt độ cao.</li>
            <li>Nên nhét thêm giấy báo hoặc cục hút ẩm vào bên trong giày khi không sử dụng để giữ form và khử mùi.</li>
        </ul>
        <h3>Tại sao nên chọn mua tại Axeron Sport?</h3>
        <p>Với phương châm mang đến những sản phẩm thể thao chất lượng cao và dẫn đầu xu hướng, Axeron Sport cam kết 100% sản phẩm <strong>Giày cầu lông nữ DL Wing Lite</strong> đều được kiểm định chất lượng chặt chẽ trước khi trao đến tay khách hàng. Đội ngũ tư vấn viên nhiệt tình của chúng tôi luôn sẵn sàng hỗ trợ để bạn có thể chọn lựa được sản phẩm ưng ý nhất. Nâng tầm hiệu suất tập luyện ngay hôm nay!</p>
    ","Động Lực","Giày Cầu Lông Nữ"
16,"Áo polo thể thao DL Classic 2024","<h3>Tổng quan chi tiết về <strong>Áo polo thể thao DL Classic 2024</strong></h3>
<p>Vải Polyester 100%, thoáng khí, thoáng mát.</p>

        <p>Nếu bạn đang tìm kiếm một sản phẩm kết hợp hoàn hảo giữa phong cách năng động và hiệu năng thể thao vượt trội, thì <strong>Áo polo thể thao DL Classic 2024</strong> chính là lựa chọn hàng đầu. Chiếc áo này được tinh chỉnh để đáp ứng mọi nhu cầu khắt khe nhất của quá trình tập luyện.</p>
        
        <h4>1. Thiết kế và Chất liệu</h4>
        <ul>
            <li><strong>Công nghệ vải thoáng khí:</strong> Giúp luồng không khí lưu thông tối đa, kiểm soát mồ hôi hiệu quả, giữ cơ thể luôn mát mẻ.</li>
            <li><strong>Co giãn 4 chiều linh hoạt:</strong> Đảm bảo sự đàn hồi tuyệt đối, không gây gò bó, cho phép bạn tự do thực hiện các động tác vươn người, chạy nhảy.</li>
            <li><strong>Đường may tỉ mỉ:</strong> Từng chi tiết được gia công chắc chắn, không gây cọ xát hay kích ứng da trong quá trình vận động mạnh.</li>
        </ul>

        <h4>2. Hướng dẫn sử dụng và bảo quản đúng cách</h4>
        <ul>
            <li>Giặt máy ở nhiệt độ thường (hoặc nước lạnh), lộn trái trang phục trước khi giặt để bảo vệ bề mặt vải và logo.</li>
            <li>Tuyệt đối không dùng chất tẩy rửa mạnh để tránh làm phai màu và phá vỡ cấu trúc sợi vải.</li>
            <li>Phơi ở nơi thoáng mát, có gió tự nhiên. Tránh ánh nắng gắt chiếu trực tiếp.</li>
            <li>Không nên ủi ở nhiệt độ cao vì chất liệu thun thể thao rất nhạy cảm với nhiệt độ lớn.</li>
        </ul>
        <h3>Tại sao nên chọn mua tại Axeron Sport?</h3>
        <p>Với phương châm mang đến những sản phẩm thể thao chất lượng cao và dẫn đầu xu hướng, Axeron Sport cam kết 100% sản phẩm <strong>Áo polo thể thao DL Classic 2024</strong> đều được kiểm định chất lượng chặt chẽ trước khi trao đến tay khách hàng. Đội ngũ tư vấn viên nhiệt tình của chúng tôi luôn sẵn sàng hỗ trợ để bạn có thể chọn lựa được sản phẩm ưng ý nhất. Nâng tầm hiệu suất tập luyện ngay hôm nay!</p>
    ","Động Lực","Áo Polo Nam"
17,"Áo polo DL Pro Team 2024","<h3>Tổng quan chi tiết về <strong>Áo polo DL Pro Team 2024</strong></h3>
<p>Phiên bản chuyên nghiệp cho các đội thể thao.</p>

        <p>Nếu bạn đang tìm kiếm một sản phẩm kết hợp hoàn hảo giữa phong cách năng động và hiệu năng thể thao vượt trội, thì <strong>Áo polo DL Pro Team 2024</strong> chính là lựa chọn hàng đầu. Chiếc áo này được tinh chỉnh để đáp ứng mọi nhu cầu khắt khe nhất của quá trình tập luyện.</p>
        
        <h4>1. Thiết kế và Chất liệu</h4>
        <ul>
            <li><strong>Công nghệ vải thoáng khí:</strong> Giúp luồng không khí lưu thông tối đa, kiểm soát mồ hôi hiệu quả, giữ cơ thể luôn mát mẻ.</li>
            <li><strong>Co giãn 4 chiều linh hoạt:</strong> Đảm bảo sự đàn hồi tuyệt đối, không gây gò bó, cho phép bạn tự do thực hiện các động tác vươn người, chạy nhảy.</li>
            <li><strong>Đường may tỉ mỉ:</strong> Từng chi tiết được gia công chắc chắn, không gây cọ xát hay kích ứng da trong quá trình vận động mạnh.</li>
        </ul>

        <h4>2. Hướng dẫn sử dụng và bảo quản đúng cách</h4>
        <ul>
            <li>Giặt máy ở nhiệt độ thường (hoặc nước lạnh), lộn trái trang phục trước khi giặt để bảo vệ bề mặt vải và logo.</li>
            <li>Tuyệt đối không dùng chất tẩy rửa mạnh để tránh làm phai màu và phá vỡ cấu trúc sợi vải.</li>
            <li>Phơi ở nơi thoáng mát, có gió tự nhiên. Tránh ánh nắng gắt chiếu trực tiếp.</li>
            <li>Không nên ủi ở nhiệt độ cao vì chất liệu thun thể thao rất nhạy cảm với nhiệt độ lớn.</li>
        </ul>
        <h3>Tại sao nên chọn mua tại Axeron Sport?</h3>
        <p>Với phương châm mang đến những sản phẩm thể thao chất lượng cao và dẫn đầu xu hướng, Axeron Sport cam kết 100% sản phẩm <strong>Áo polo DL Pro Team 2024</strong> đều được kiểm định chất lượng chặt chẽ trước khi trao đến tay khách hàng. Đội ngũ tư vấn viên nhiệt tình của chúng tôi luôn sẵn sàng hỗ trợ để bạn có thể chọn lựa được sản phẩm ưng ý nhất. Nâng tầm hiệu suất tập luyện ngay hôm nay!</p>
    ","Động Lực","Áo Polo Nam"
18,"Áo T-shirt DL Training Basic","<h3>Tổng quan chi tiết về <strong>Áo T-shirt DL Training Basic</strong></h3>
<p>Áo tập thể thao co tròn, vải Polyester thoáng mát.</p>

        <p>Nếu bạn đang tìm kiếm một sản phẩm kết hợp hoàn hảo giữa phong cách năng động và hiệu năng thể thao vượt trội, thì <strong>Áo T-shirt DL Training Basic</strong> chính là lựa chọn hàng đầu. Chiếc áo này được tinh chỉnh để đáp ứng mọi nhu cầu khắt khe nhất của quá trình tập luyện.</p>
        
        <h4>1. Thiết kế và Chất liệu</h4>
        <ul>
            <li><strong>Công nghệ vải thoáng khí:</strong> Giúp luồng không khí lưu thông tối đa, kiểm soát mồ hôi hiệu quả, giữ cơ thể luôn mát mẻ.</li>
            <li><strong>Co giãn 4 chiều linh hoạt:</strong> Đảm bảo sự đàn hồi tuyệt đối, không gây gò bó, cho phép bạn tự do thực hiện các động tác vươn người, chạy nhảy.</li>
            <li><strong>Đường may tỉ mỉ:</strong> Từng chi tiết được gia công chắc chắn, không gây cọ xát hay kích ứng da trong quá trình vận động mạnh.</li>
        </ul>

        <h4>2. Hướng dẫn sử dụng và bảo quản đúng cách</h4>
        <ul>
            <li>Giặt máy ở nhiệt độ thường (hoặc nước lạnh), lộn trái trang phục trước khi giặt để bảo vệ bề mặt vải và logo.</li>
            <li>Tuyệt đối không dùng chất tẩy rửa mạnh để tránh làm phai màu và phá vỡ cấu trúc sợi vải.</li>
            <li>Phơi ở nơi thoáng mát, có gió tự nhiên. Tránh ánh nắng gắt chiếu trực tiếp.</li>
            <li>Không nên ủi ở nhiệt độ cao vì chất liệu thun thể thao rất nhạy cảm với nhiệt độ lớn.</li>
        </ul>
        <h3>Tại sao nên chọn mua tại Axeron Sport?</h3>
        <p>Với phương châm mang đến những sản phẩm thể thao chất lượng cao và dẫn đầu xu hướng, Axeron Sport cam kết 100% sản phẩm <strong>Áo T-shirt DL Training Basic</strong> đều được kiểm định chất lượng chặt chẽ trước khi trao đến tay khách hàng. Đội ngũ tư vấn viên nhiệt tình của chúng tôi luôn sẵn sàng hỗ trợ để bạn có thể chọn lựa được sản phẩm ưng ý nhất. Nâng tầm hiệu suất tập luyện ngay hôm nay!</p>
    ","Động Lực","Áo T-shirt Nam"
19,"Áo Under Armour HeatGear Nam","<h3>Tổng quan chi tiết về <strong>Áo Under Armour HeatGear Nam</strong></h3>
<p>Công nghệ HeatGear hút ẩm và làm mát nhanh.</p>

        <p>Nếu bạn đang tìm kiếm một sản phẩm kết hợp hoàn hảo giữa phong cách năng động và hiệu năng thể thao vượt trội, thì <strong>Áo Under Armour HeatGear Nam</strong> chính là lựa chọn hàng đầu. Chiếc áo này được tinh chỉnh để đáp ứng mọi nhu cầu khắt khe nhất của quá trình tập luyện.</p>
        
        <h4>1. Thiết kế và Chất liệu</h4>
        <ul>
            <li><strong>Công nghệ vải thoáng khí:</strong> Giúp luồng không khí lưu thông tối đa, kiểm soát mồ hôi hiệu quả, giữ cơ thể luôn mát mẻ.</li>
            <li><strong>Co giãn 4 chiều linh hoạt:</strong> Đảm bảo sự đàn hồi tuyệt đối, không gây gò bó, cho phép bạn tự do thực hiện các động tác vươn người, chạy nhảy.</li>
            <li><strong>Đường may tỉ mỉ:</strong> Từng chi tiết được gia công chắc chắn, không gây cọ xát hay kích ứng da trong quá trình vận động mạnh.</li>
        </ul>

        <h4>2. Hướng dẫn sử dụng và bảo quản đúng cách</h4>
        <ul>
            <li>Giặt máy ở nhiệt độ thường (hoặc nước lạnh), lộn trái trang phục trước khi giặt để bảo vệ bề mặt vải và logo.</li>
            <li>Tuyệt đối không dùng chất tẩy rửa mạnh để tránh làm phai màu và phá vỡ cấu trúc sợi vải.</li>
            <li>Phơi ở nơi thoáng mát, có gió tự nhiên. Tránh ánh nắng gắt chiếu trực tiếp.</li>
            <li>Không nên ủi ở nhiệt độ cao vì chất liệu thun thể thao rất nhạy cảm với nhiệt độ lớn.</li>
        </ul>
        <h3>Tại sao nên chọn mua tại Axeron Sport?</h3>
        <p>Với phương châm mang đến những sản phẩm thể thao chất lượng cao và dẫn đầu xu hướng, Axeron Sport cam kết 100% sản phẩm <strong>Áo Under Armour HeatGear Nam</strong> đều được kiểm định chất lượng chặt chẽ trước khi trao đến tay khách hàng. Đội ngũ tư vấn viên nhiệt tình của chúng tôi luôn sẵn sàng hỗ trợ để bạn có thể chọn lựa được sản phẩm ưng ý nhất. Nâng tầm hiệu suất tập luyện ngay hôm nay!</p>
    ","Under Armour","Áo T-shirt Nam"
20,"Áo Nike Dri-FIT Training","<h3>Tổng quan chi tiết về <strong>Áo Nike Dri-FIT Training</strong></h3>
<p>Công nghệ Dri-FIT thoát mồ hôi siêu nhanh.</p>

        <p>Nếu bạn đang tìm kiếm một sản phẩm kết hợp hoàn hảo giữa phong cách năng động và hiệu năng thể thao vượt trội, thì <strong>Áo Nike Dri-FIT Training</strong> chính là lựa chọn hàng đầu. Chiếc áo này được tinh chỉnh để đáp ứng mọi nhu cầu khắt khe nhất của quá trình tập luyện.</p>
        
        <h4>1. Thiết kế và Chất liệu</h4>
        <ul>
            <li><strong>Công nghệ vải thoáng khí:</strong> Giúp luồng không khí lưu thông tối đa, kiểm soát mồ hôi hiệu quả, giữ cơ thể luôn mát mẻ.</li>
            <li><strong>Co giãn 4 chiều linh hoạt:</strong> Đảm bảo sự đàn hồi tuyệt đối, không gây gò bó, cho phép bạn tự do thực hiện các động tác vươn người, chạy nhảy.</li>
            <li><strong>Đường may tỉ mỉ:</strong> Từng chi tiết được gia công chắc chắn, không gây cọ xát hay kích ứng da trong quá trình vận động mạnh.</li>
        </ul>

        <h4>2. Hướng dẫn sử dụng và bảo quản đúng cách</h4>
        <ul>
            <li>Giặt máy ở nhiệt độ thường (hoặc nước lạnh), lộn trái trang phục trước khi giặt để bảo vệ bề mặt vải và logo.</li>
            <li>Tuyệt đối không dùng chất tẩy rửa mạnh để tránh làm phai màu và phá vỡ cấu trúc sợi vải.</li>
            <li>Phơi ở nơi thoáng mát, có gió tự nhiên. Tránh ánh nắng gắt chiếu trực tiếp.</li>
            <li>Không nên ủi ở nhiệt độ cao vì chất liệu thun thể thao rất nhạy cảm với nhiệt độ lớn.</li>
        </ul>
        <h3>Tại sao nên chọn mua tại Axeron Sport?</h3>
        <p>Với phương châm mang đến những sản phẩm thể thao chất lượng cao và dẫn đầu xu hướng, Axeron Sport cam kết 100% sản phẩm <strong>Áo Nike Dri-FIT Training</strong> đều được kiểm định chất lượng chặt chẽ trước khi trao đến tay khách hàng. Đội ngũ tư vấn viên nhiệt tình của chúng tôi luôn sẵn sàng hỗ trợ để bạn có thể chọn lựa được sản phẩm ưng ý nhất. Nâng tầm hiệu suất tập luyện ngay hôm nay!</p>
    ",Nike,"Áo T-shirt Nam"
21,"Áo phông nữ DL Sport Lite","<h3>Tổng quan chi tiết về <strong>Áo phông nữ DL Sport Lite</strong></h3>
<p>Áo phông thể thao nữ, chất liệu co giãn 4 chiều.</p>

        <p>Nếu bạn đang tìm kiếm một sản phẩm kết hợp hoàn hảo giữa phong cách năng động và hiệu năng thể thao vượt trội, thì <strong>Áo phông nữ DL Sport Lite</strong> chính là lựa chọn hàng đầu. Chiếc áo này được tinh chỉnh để đáp ứng mọi nhu cầu khắt khe nhất của quá trình tập luyện.</p>
        
        <h4>1. Thiết kế và Chất liệu</h4>
        <ul>
            <li><strong>Công nghệ vải thoáng khí:</strong> Giúp luồng không khí lưu thông tối đa, kiểm soát mồ hôi hiệu quả, giữ cơ thể luôn mát mẻ.</li>
            <li><strong>Co giãn 4 chiều linh hoạt:</strong> Đảm bảo sự đàn hồi tuyệt đối, không gây gò bó, cho phép bạn tự do thực hiện các động tác vươn người, chạy nhảy.</li>
            <li><strong>Đường may tỉ mỉ:</strong> Từng chi tiết được gia công chắc chắn, không gây cọ xát hay kích ứng da trong quá trình vận động mạnh.</li>
        </ul>

        <h4>2. Hướng dẫn sử dụng và bảo quản đúng cách</h4>
        <ul>
            <li>Giặt máy ở nhiệt độ thường (hoặc nước lạnh), lộn trái trang phục trước khi giặt để bảo vệ bề mặt vải và logo.</li>
            <li>Tuyệt đối không dùng chất tẩy rửa mạnh để tránh làm phai màu và phá vỡ cấu trúc sợi vải.</li>
            <li>Phơi ở nơi thoáng mát, có gió tự nhiên. Tránh ánh nắng gắt chiếu trực tiếp.</li>
            <li>Không nên ủi ở nhiệt độ cao vì chất liệu thun thể thao rất nhạy cảm với nhiệt độ lớn.</li>
        </ul>
        <h3>Tại sao nên chọn mua tại Axeron Sport?</h3>
        <p>Với phương châm mang đến những sản phẩm thể thao chất lượng cao và dẫn đầu xu hướng, Axeron Sport cam kết 100% sản phẩm <strong>Áo phông nữ DL Sport Lite</strong> đều được kiểm định chất lượng chặt chẽ trước khi trao đến tay khách hàng. Đội ngũ tư vấn viên nhiệt tình của chúng tôi luôn sẵn sàng hỗ trợ để bạn có thể chọn lựa được sản phẩm ưng ý nhất. Nâng tầm hiệu suất tập luyện ngay hôm nay!</p>
    ","Động Lực","Áo Phông Nữ"
22,"Áo Under Armour HeatGear Nữ","<h3>Tổng quan chi tiết về <strong>Áo Under Armour HeatGear Nữ</strong></h3>
<p>Phiên bản nữ của HeatGear, chất liệu siêu nhẹ.</p>

        <p>Nếu bạn đang tìm kiếm một sản phẩm kết hợp hoàn hảo giữa phong cách năng động và hiệu năng thể thao vượt trội, thì <strong>Áo Under Armour HeatGear Nữ</strong> chính là lựa chọn hàng đầu. Chiếc áo này được tinh chỉnh để đáp ứng mọi nhu cầu khắt khe nhất của quá trình tập luyện.</p>
        
        <h4>1. Thiết kế và Chất liệu</h4>
        <ul>
            <li><strong>Công nghệ vải thoáng khí:</strong> Giúp luồng không khí lưu thông tối đa, kiểm soát mồ hôi hiệu quả, giữ cơ thể luôn mát mẻ.</li>
            <li><strong>Co giãn 4 chiều linh hoạt:</strong> Đảm bảo sự đàn hồi tuyệt đối, không gây gò bó, cho phép bạn tự do thực hiện các động tác vươn người, chạy nhảy.</li>
            <li><strong>Đường may tỉ mỉ:</strong> Từng chi tiết được gia công chắc chắn, không gây cọ xát hay kích ứng da trong quá trình vận động mạnh.</li>
        </ul>

        <h4>2. Hướng dẫn sử dụng và bảo quản đúng cách</h4>
        <ul>
            <li>Giặt máy ở nhiệt độ thường (hoặc nước lạnh), lộn trái trang phục trước khi giặt để bảo vệ bề mặt vải và logo.</li>
            <li>Tuyệt đối không dùng chất tẩy rửa mạnh để tránh làm phai màu và phá vỡ cấu trúc sợi vải.</li>
            <li>Phơi ở nơi thoáng mát, có gió tự nhiên. Tránh ánh nắng gắt chiếu trực tiếp.</li>
            <li>Không nên ủi ở nhiệt độ cao vì chất liệu thun thể thao rất nhạy cảm với nhiệt độ lớn.</li>
        </ul>
        <h3>Tại sao nên chọn mua tại Axeron Sport?</h3>
        <p>Với phương châm mang đến những sản phẩm thể thao chất lượng cao và dẫn đầu xu hướng, Axeron Sport cam kết 100% sản phẩm <strong>Áo Under Armour HeatGear Nữ</strong> đều được kiểm định chất lượng chặt chẽ trước khi trao đến tay khách hàng. Đội ngũ tư vấn viên nhiệt tình của chúng tôi luôn sẵn sàng hỗ trợ để bạn có thể chọn lựa được sản phẩm ưng ý nhất. Nâng tầm hiệu suất tập luyện ngay hôm nay!</p>
    ","Under Armour","Áo Phông Nữ"
23,"Áo sport bra Adidas Powerreact","<h3>Tổng quan chi tiết về <strong>Áo sport bra Adidas Powerreact</strong></h3>
<p>Áo lót thể thao nữ Adidas, dây vai lưới thông gió.</p>

        <p>Nếu bạn đang tìm kiếm một sản phẩm kết hợp hoàn hảo giữa phong cách năng động và hiệu năng thể thao vượt trội, thì <strong>Áo sport bra Adidas Powerreact</strong> chính là lựa chọn hàng đầu. Chiếc áo này được tinh chỉnh để đáp ứng mọi nhu cầu khắt khe nhất của quá trình tập luyện.</p>
        
        <h4>1. Thiết kế và Chất liệu</h4>
        <ul>
            <li><strong>Công nghệ vải thoáng khí:</strong> Giúp luồng không khí lưu thông tối đa, kiểm soát mồ hôi hiệu quả, giữ cơ thể luôn mát mẻ.</li>
            <li><strong>Co giãn 4 chiều linh hoạt:</strong> Đảm bảo sự đàn hồi tuyệt đối, không gây gò bó, cho phép bạn tự do thực hiện các động tác vươn người, chạy nhảy.</li>
            <li><strong>Đường may tỉ mỉ:</strong> Từng chi tiết được gia công chắc chắn, không gây cọ xát hay kích ứng da trong quá trình vận động mạnh.</li>
        </ul>

        <h4>2. Hướng dẫn sử dụng và bảo quản đúng cách</h4>
        <ul>
            <li>Giặt máy ở nhiệt độ thường (hoặc nước lạnh), lộn trái trang phục trước khi giặt để bảo vệ bề mặt vải và logo.</li>
            <li>Tuyệt đối không dùng chất tẩy rửa mạnh để tránh làm phai màu và phá vỡ cấu trúc sợi vải.</li>
            <li>Phơi ở nơi thoáng mát, có gió tự nhiên. Tránh ánh nắng gắt chiếu trực tiếp.</li>
            <li>Không nên ủi ở nhiệt độ cao vì chất liệu thun thể thao rất nhạy cảm với nhiệt độ lớn.</li>
        </ul>
        <h3>Tại sao nên chọn mua tại Axeron Sport?</h3>
        <p>Với phương châm mang đến những sản phẩm thể thao chất lượng cao và dẫn đầu xu hướng, Axeron Sport cam kết 100% sản phẩm <strong>Áo sport bra Adidas Powerreact</strong> đều được kiểm định chất lượng chặt chẽ trước khi trao đến tay khách hàng. Đội ngũ tư vấn viên nhiệt tình của chúng tôi luôn sẵn sàng hỗ trợ để bạn có thể chọn lựa được sản phẩm ưng ý nhất. Nâng tầm hiệu suất tập luyện ngay hôm nay!</p>
    ",Adidas,"Áo Sport Bra"
24,"Áo sport bra Nike Indy","<h3>Tổng quan chi tiết về <strong>Áo sport bra Nike Indy</strong></h3>
<p>Nike Indy Medium-Support, chất liệu Dri-FIT.</p>

        <p>Nếu bạn đang tìm kiếm một sản phẩm kết hợp hoàn hảo giữa phong cách năng động và hiệu năng thể thao vượt trội, thì <strong>Áo sport bra Nike Indy</strong> chính là lựa chọn hàng đầu. Chiếc áo này được tinh chỉnh để đáp ứng mọi nhu cầu khắt khe nhất của quá trình tập luyện.</p>
        
        <h4>1. Thiết kế và Chất liệu</h4>
        <ul>
            <li><strong>Công nghệ vải thoáng khí:</strong> Giúp luồng không khí lưu thông tối đa, kiểm soát mồ hôi hiệu quả, giữ cơ thể luôn mát mẻ.</li>
            <li><strong>Co giãn 4 chiều linh hoạt:</strong> Đảm bảo sự đàn hồi tuyệt đối, không gây gò bó, cho phép bạn tự do thực hiện các động tác vươn người, chạy nhảy.</li>
            <li><strong>Đường may tỉ mỉ:</strong> Từng chi tiết được gia công chắc chắn, không gây cọ xát hay kích ứng da trong quá trình vận động mạnh.</li>
        </ul>

        <h4>2. Hướng dẫn sử dụng và bảo quản đúng cách</h4>
        <ul>
            <li>Giặt máy ở nhiệt độ thường (hoặc nước lạnh), lộn trái trang phục trước khi giặt để bảo vệ bề mặt vải và logo.</li>
            <li>Tuyệt đối không dùng chất tẩy rửa mạnh để tránh làm phai màu và phá vỡ cấu trúc sợi vải.</li>
            <li>Phơi ở nơi thoáng mát, có gió tự nhiên. Tránh ánh nắng gắt chiếu trực tiếp.</li>
            <li>Không nên ủi ở nhiệt độ cao vì chất liệu thun thể thao rất nhạy cảm với nhiệt độ lớn.</li>
        </ul>
        <h3>Tại sao nên chọn mua tại Axeron Sport?</h3>
        <p>Với phương châm mang đến những sản phẩm thể thao chất lượng cao và dẫn đầu xu hướng, Axeron Sport cam kết 100% sản phẩm <strong>Áo sport bra Nike Indy</strong> đều được kiểm định chất lượng chặt chẽ trước khi trao đến tay khách hàng. Đội ngũ tư vấn viên nhiệt tình của chúng tôi luôn sẵn sàng hỗ trợ để bạn có thể chọn lựa được sản phẩm ưng ý nhất. Nâng tầm hiệu suất tập luyện ngay hôm nay!</p>
    ",Nike,"Áo Sport Bra"
25,"Vợt cầu lông Yonex Astrox 99 Pro","<h3>Tổng quan chi tiết về <strong>Vợt cầu lông Yonex Astrox 99 Pro</strong></h3>
<p>Vợt tấn công hàng đầu Yonex, khung carbon cao cấp.</p>

        <p>Nếu bạn đang tìm kiếm một sản phẩm thể thao kết hợp hoàn hảo giữa phong cách hiện đại, sự bền bỉ và hiệu năng vượt trội, thì <strong>Vợt cầu lông Yonex Astrox 99 Pro</strong> chính là sự lựa chọn hàng đầu. Được nghiên cứu và phát triển để đáp ứng những nhu cầu khắt khe nhất của người dùng, sản phẩm này chắc chắn sẽ làm bạn hài lòng trong từng chuyển động.</p>
        
        <h4>1. Thiết kế và Công nghệ nổi bật</h4>
        <ul>
            <li><strong>Chất lượng cao cấp:</strong> Được chế tác từ những vật liệu tuyển chọn, mang lại trải nghiệm sử dụng êm ái và thoải mái.</li>
            <li><strong>Tính ứng dụng cao:</strong> Bạn có thể dễ dàng sử dụng <strong>Vợt cầu lông Yonex Astrox 99 Pro</strong> cho nhiều mục đích khác nhau, từ tập gym, chạy bộ cho đến dạo phố.</li>
            <li><strong>Độ bền bỉ theo thời gian:</strong> Từng chi tiết được gia công một cách tỉ mỉ, chắc chắn, giúp sản phẩm giữ được form dáng nguyên thủy dù trải qua thời gian dài sử dụng.</li>
        </ul>

        <h4>2. Hướng dẫn sử dụng và bảo quản đúng cách</h4>
        <ul>
            <li>Làm sạch sản phẩm theo đúng hướng dẫn của nhà sản xuất đính kèm trên nhãn mác.</li>
            <li>Tuyệt đối không sử dụng các loại hóa chất tẩy rửa có nồng độ mạnh.</li>
            <li>Nên phơi hoặc bảo quản ở những nơi thoáng mát, tránh để ánh nắng trực tiếp gay gắt chiếu vào trong thời gian dài.</li>
        </ul>
        <h3>Tại sao nên chọn mua tại Axeron Sport?</h3>
        <p>Với phương châm mang đến những sản phẩm thể thao chất lượng cao và dẫn đầu xu hướng, Axeron Sport cam kết 100% sản phẩm <strong>Vợt cầu lông Yonex Astrox 99 Pro</strong> đều được kiểm định chất lượng chặt chẽ trước khi trao đến tay khách hàng. Đội ngũ tư vấn viên nhiệt tình của chúng tôi luôn sẵn sàng hỗ trợ để bạn có thể chọn lựa được sản phẩm ưng ý nhất. Nâng tầm hiệu suất tập luyện ngay hôm nay!</p>
    ",Yonex,"Vợt Cầu Lông"
26,"Vợt cầu lông Yonex Nanoflare 700","<h3>Tổng quan chi tiết về <strong>Vợt cầu lông Yonex Nanoflare 700</strong></h3>
<p>Vợt phản công nhanh, khung Tungsten Mesh.</p>

        <p>Nếu bạn đang tìm kiếm một sản phẩm thể thao kết hợp hoàn hảo giữa phong cách hiện đại, sự bền bỉ và hiệu năng vượt trội, thì <strong>Vợt cầu lông Yonex Nanoflare 700</strong> chính là sự lựa chọn hàng đầu. Được nghiên cứu và phát triển để đáp ứng những nhu cầu khắt khe nhất của người dùng, sản phẩm này chắc chắn sẽ làm bạn hài lòng trong từng chuyển động.</p>
        
        <h4>1. Thiết kế và Công nghệ nổi bật</h4>
        <ul>
            <li><strong>Chất lượng cao cấp:</strong> Được chế tác từ những vật liệu tuyển chọn, mang lại trải nghiệm sử dụng êm ái và thoải mái.</li>
            <li><strong>Tính ứng dụng cao:</strong> Bạn có thể dễ dàng sử dụng <strong>Vợt cầu lông Yonex Nanoflare 700</strong> cho nhiều mục đích khác nhau, từ tập gym, chạy bộ cho đến dạo phố.</li>
            <li><strong>Độ bền bỉ theo thời gian:</strong> Từng chi tiết được gia công một cách tỉ mỉ, chắc chắn, giúp sản phẩm giữ được form dáng nguyên thủy dù trải qua thời gian dài sử dụng.</li>
        </ul>

        <h4>2. Hướng dẫn sử dụng và bảo quản đúng cách</h4>
        <ul>
            <li>Làm sạch sản phẩm theo đúng hướng dẫn của nhà sản xuất đính kèm trên nhãn mác.</li>
            <li>Tuyệt đối không sử dụng các loại hóa chất tẩy rửa có nồng độ mạnh.</li>
            <li>Nên phơi hoặc bảo quản ở những nơi thoáng mát, tránh để ánh nắng trực tiếp gay gắt chiếu vào trong thời gian dài.</li>
        </ul>
        <h3>Tại sao nên chọn mua tại Axeron Sport?</h3>
        <p>Với phương châm mang đến những sản phẩm thể thao chất lượng cao và dẫn đầu xu hướng, Axeron Sport cam kết 100% sản phẩm <strong>Vợt cầu lông Yonex Nanoflare 700</strong> đều được kiểm định chất lượng chặt chẽ trước khi trao đến tay khách hàng. Đội ngũ tư vấn viên nhiệt tình của chúng tôi luôn sẵn sàng hỗ trợ để bạn có thể chọn lựa được sản phẩm ưng ý nhất. Nâng tầm hiệu suất tập luyện ngay hôm nay!</p>
    ",Yonex,"Vợt Cầu Lông"
27,"Vợt cầu lông Lining Windstorm 72","<h3>Tổng quan chi tiết về <strong>Vợt cầu lông Lining Windstorm 72</strong></h3>
<p>Vợt phản công siêu nhẹ 72g, khung carbon tổ hợp.</p>

        <p>Nếu bạn đang tìm kiếm một sản phẩm thể thao kết hợp hoàn hảo giữa phong cách hiện đại, sự bền bỉ và hiệu năng vượt trội, thì <strong>Vợt cầu lông Lining Windstorm 72</strong> chính là sự lựa chọn hàng đầu. Được nghiên cứu và phát triển để đáp ứng những nhu cầu khắt khe nhất của người dùng, sản phẩm này chắc chắn sẽ làm bạn hài lòng trong từng chuyển động.</p>
        
        <h4>1. Thiết kế và Công nghệ nổi bật</h4>
        <ul>
            <li><strong>Chất lượng cao cấp:</strong> Được chế tác từ những vật liệu tuyển chọn, mang lại trải nghiệm sử dụng êm ái và thoải mái.</li>
            <li><strong>Tính ứng dụng cao:</strong> Bạn có thể dễ dàng sử dụng <strong>Vợt cầu lông Lining Windstorm 72</strong> cho nhiều mục đích khác nhau, từ tập gym, chạy bộ cho đến dạo phố.</li>
            <li><strong>Độ bền bỉ theo thời gian:</strong> Từng chi tiết được gia công một cách tỉ mỉ, chắc chắn, giúp sản phẩm giữ được form dáng nguyên thủy dù trải qua thời gian dài sử dụng.</li>
        </ul>

        <h4>2. Hướng dẫn sử dụng và bảo quản đúng cách</h4>
        <ul>
            <li>Làm sạch sản phẩm theo đúng hướng dẫn của nhà sản xuất đính kèm trên nhãn mác.</li>
            <li>Tuyệt đối không sử dụng các loại hóa chất tẩy rửa có nồng độ mạnh.</li>
            <li>Nên phơi hoặc bảo quản ở những nơi thoáng mát, tránh để ánh nắng trực tiếp gay gắt chiếu vào trong thời gian dài.</li>
        </ul>
        <h3>Tại sao nên chọn mua tại Axeron Sport?</h3>
        <p>Với phương châm mang đến những sản phẩm thể thao chất lượng cao và dẫn đầu xu hướng, Axeron Sport cam kết 100% sản phẩm <strong>Vợt cầu lông Lining Windstorm 72</strong> đều được kiểm định chất lượng chặt chẽ trước khi trao đến tay khách hàng. Đội ngũ tư vấn viên nhiệt tình của chúng tôi luôn sẵn sàng hỗ trợ để bạn có thể chọn lựa được sản phẩm ưng ý nhất. Nâng tầm hiệu suất tập luyện ngay hôm nay!</p>
    ",Lining,"Vợt Cầu Lông"
28,"Vợt cầu lông DL Pro 500","<h3>Tổng quan chi tiết về <strong>Vợt cầu lông DL Pro 500</strong></h3>
<p>Vợt cầu lông thương hiệu Đồng Lực dành cho người chơi phổ thông.</p>

        <p>Nếu bạn đang tìm kiếm một sản phẩm thể thao kết hợp hoàn hảo giữa phong cách hiện đại, sự bền bỉ và hiệu năng vượt trội, thì <strong>Vợt cầu lông DL Pro 500</strong> chính là sự lựa chọn hàng đầu. Được nghiên cứu và phát triển để đáp ứng những nhu cầu khắt khe nhất của người dùng, sản phẩm này chắc chắn sẽ làm bạn hài lòng trong từng chuyển động.</p>
        
        <h4>1. Thiết kế và Công nghệ nổi bật</h4>
        <ul>
            <li><strong>Chất lượng cao cấp:</strong> Được chế tác từ những vật liệu tuyển chọn, mang lại trải nghiệm sử dụng êm ái và thoải mái.</li>
            <li><strong>Tính ứng dụng cao:</strong> Bạn có thể dễ dàng sử dụng <strong>Vợt cầu lông DL Pro 500</strong> cho nhiều mục đích khác nhau, từ tập gym, chạy bộ cho đến dạo phố.</li>
            <li><strong>Độ bền bỉ theo thời gian:</strong> Từng chi tiết được gia công một cách tỉ mỉ, chắc chắn, giúp sản phẩm giữ được form dáng nguyên thủy dù trải qua thời gian dài sử dụng.</li>
        </ul>

        <h4>2. Hướng dẫn sử dụng và bảo quản đúng cách</h4>
        <ul>
            <li>Làm sạch sản phẩm theo đúng hướng dẫn của nhà sản xuất đính kèm trên nhãn mác.</li>
            <li>Tuyệt đối không sử dụng các loại hóa chất tẩy rửa có nồng độ mạnh.</li>
            <li>Nên phơi hoặc bảo quản ở những nơi thoáng mát, tránh để ánh nắng trực tiếp gay gắt chiếu vào trong thời gian dài.</li>
        </ul>
        <h3>Tại sao nên chọn mua tại Axeron Sport?</h3>
        <p>Với phương châm mang đến những sản phẩm thể thao chất lượng cao và dẫn đầu xu hướng, Axeron Sport cam kết 100% sản phẩm <strong>Vợt cầu lông DL Pro 500</strong> đều được kiểm định chất lượng chặt chẽ trước khi trao đến tay khách hàng. Đội ngũ tư vấn viên nhiệt tình của chúng tôi luôn sẵn sàng hỗ trợ để bạn có thể chọn lựa được sản phẩm ưng ý nhất. Nâng tầm hiệu suất tập luyện ngay hôm nay!</p>
    ","Động Lực","Vợt Cầu Lông"
29,"Vợt cầu lông DL Fighter 200","<h3>Tổng quan chi tiết về <strong>Vợt cầu lông DL Fighter 200</strong></h3>
<p>Vợt dành cho người mới bắt đầu, dễ cầm tay.</p>

        <p>Nếu bạn đang tìm kiếm một sản phẩm thể thao kết hợp hoàn hảo giữa phong cách hiện đại, sự bền bỉ và hiệu năng vượt trội, thì <strong>Vợt cầu lông DL Fighter 200</strong> chính là sự lựa chọn hàng đầu. Được nghiên cứu và phát triển để đáp ứng những nhu cầu khắt khe nhất của người dùng, sản phẩm này chắc chắn sẽ làm bạn hài lòng trong từng chuyển động.</p>
        
        <h4>1. Thiết kế và Công nghệ nổi bật</h4>
        <ul>
            <li><strong>Chất lượng cao cấp:</strong> Được chế tác từ những vật liệu tuyển chọn, mang lại trải nghiệm sử dụng êm ái và thoải mái.</li>
            <li><strong>Tính ứng dụng cao:</strong> Bạn có thể dễ dàng sử dụng <strong>Vợt cầu lông DL Fighter 200</strong> cho nhiều mục đích khác nhau, từ tập gym, chạy bộ cho đến dạo phố.</li>
            <li><strong>Độ bền bỉ theo thời gian:</strong> Từng chi tiết được gia công một cách tỉ mỉ, chắc chắn, giúp sản phẩm giữ được form dáng nguyên thủy dù trải qua thời gian dài sử dụng.</li>
        </ul>

        <h4>2. Hướng dẫn sử dụng và bảo quản đúng cách</h4>
        <ul>
            <li>Làm sạch sản phẩm theo đúng hướng dẫn của nhà sản xuất đính kèm trên nhãn mác.</li>
            <li>Tuyệt đối không sử dụng các loại hóa chất tẩy rửa có nồng độ mạnh.</li>
            <li>Nên phơi hoặc bảo quản ở những nơi thoáng mát, tránh để ánh nắng trực tiếp gay gắt chiếu vào trong thời gian dài.</li>
        </ul>
        <h3>Tại sao nên chọn mua tại Axeron Sport?</h3>
        <p>Với phương châm mang đến những sản phẩm thể thao chất lượng cao và dẫn đầu xu hướng, Axeron Sport cam kết 100% sản phẩm <strong>Vợt cầu lông DL Fighter 200</strong> đều được kiểm định chất lượng chặt chẽ trước khi trao đến tay khách hàng. Đội ngũ tư vấn viên nhiệt tình của chúng tôi luôn sẵn sàng hỗ trợ để bạn có thể chọn lựa được sản phẩm ưng ý nhất. Nâng tầm hiệu suất tập luyện ngay hôm nay!</p>
    ","Động Lực","Vợt Cầu Lông"
30,"Vợt cầu lông Head Zephyr Pro","<h3>Tổng quan chi tiết về <strong>Vợt cầu lông Head Zephyr Pro</strong></h3>
<p>Head Zephyr Pro trọng lượng 78g, phù hợp trung-cao cấp.</p>

        <p>Nếu bạn đang tìm kiếm một sản phẩm thể thao kết hợp hoàn hảo giữa phong cách hiện đại, sự bền bỉ và hiệu năng vượt trội, thì <strong>Vợt cầu lông Head Zephyr Pro</strong> chính là sự lựa chọn hàng đầu. Được nghiên cứu và phát triển để đáp ứng những nhu cầu khắt khe nhất của người dùng, sản phẩm này chắc chắn sẽ làm bạn hài lòng trong từng chuyển động.</p>
        
        <h4>1. Thiết kế và Công nghệ nổi bật</h4>
        <ul>
            <li><strong>Chất lượng cao cấp:</strong> Được chế tác từ những vật liệu tuyển chọn, mang lại trải nghiệm sử dụng êm ái và thoải mái.</li>
            <li><strong>Tính ứng dụng cao:</strong> Bạn có thể dễ dàng sử dụng <strong>Vợt cầu lông Head Zephyr Pro</strong> cho nhiều mục đích khác nhau, từ tập gym, chạy bộ cho đến dạo phố.</li>
            <li><strong>Độ bền bỉ theo thời gian:</strong> Từng chi tiết được gia công một cách tỉ mỉ, chắc chắn, giúp sản phẩm giữ được form dáng nguyên thủy dù trải qua thời gian dài sử dụng.</li>
        </ul>

        <h4>2. Hướng dẫn sử dụng và bảo quản đúng cách</h4>
        <ul>
            <li>Làm sạch sản phẩm theo đúng hướng dẫn của nhà sản xuất đính kèm trên nhãn mác.</li>
            <li>Tuyệt đối không sử dụng các loại hóa chất tẩy rửa có nồng độ mạnh.</li>
            <li>Nên phơi hoặc bảo quản ở những nơi thoáng mát, tránh để ánh nắng trực tiếp gay gắt chiếu vào trong thời gian dài.</li>
        </ul>
        <h3>Tại sao nên chọn mua tại Axeron Sport?</h3>
        <p>Với phương châm mang đến những sản phẩm thể thao chất lượng cao và dẫn đầu xu hướng, Axeron Sport cam kết 100% sản phẩm <strong>Vợt cầu lông Head Zephyr Pro</strong> đều được kiểm định chất lượng chặt chẽ trước khi trao đến tay khách hàng. Đội ngũ tư vấn viên nhiệt tình của chúng tôi luôn sẵn sàng hỗ trợ để bạn có thể chọn lựa được sản phẩm ưng ý nhất. Nâng tầm hiệu suất tập luyện ngay hôm nay!</p>
    ",Head,"Vợt Cầu Lông"
31,"Cầu lông Yonex AS-05 (hop 12 qua)","<h3>Tổng quan chi tiết về <strong>Cầu lông Yonex AS-05 (hop 12 qua)</strong></h3>
<p>Cầu lông lưới ngắn Yonex AS-05.</p>

        <p>Nếu bạn đang tìm kiếm một sản phẩm thể thao kết hợp hoàn hảo giữa phong cách hiện đại, sự bền bỉ và hiệu năng vượt trội, thì <strong>Cầu lông Yonex AS-05 (hop 12 qua)</strong> chính là sự lựa chọn hàng đầu. Được nghiên cứu và phát triển để đáp ứng những nhu cầu khắt khe nhất của người dùng, sản phẩm này chắc chắn sẽ làm bạn hài lòng trong từng chuyển động.</p>
        
        <h4>1. Thiết kế và Công nghệ nổi bật</h4>
        <ul>
            <li><strong>Chất lượng cao cấp:</strong> Được chế tác từ những vật liệu tuyển chọn, mang lại trải nghiệm sử dụng êm ái và thoải mái.</li>
            <li><strong>Tính ứng dụng cao:</strong> Bạn có thể dễ dàng sử dụng <strong>Cầu lông Yonex AS-05 (hop 12 qua)</strong> cho nhiều mục đích khác nhau, từ tập gym, chạy bộ cho đến dạo phố.</li>
            <li><strong>Độ bền bỉ theo thời gian:</strong> Từng chi tiết được gia công một cách tỉ mỉ, chắc chắn, giúp sản phẩm giữ được form dáng nguyên thủy dù trải qua thời gian dài sử dụng.</li>
        </ul>

        <h4>2. Hướng dẫn sử dụng và bảo quản đúng cách</h4>
        <ul>
            <li>Làm sạch sản phẩm theo đúng hướng dẫn của nhà sản xuất đính kèm trên nhãn mác.</li>
            <li>Tuyệt đối không sử dụng các loại hóa chất tẩy rửa có nồng độ mạnh.</li>
            <li>Nên phơi hoặc bảo quản ở những nơi thoáng mát, tránh để ánh nắng trực tiếp gay gắt chiếu vào trong thời gian dài.</li>
        </ul>
        <h3>Tại sao nên chọn mua tại Axeron Sport?</h3>
        <p>Với phương châm mang đến những sản phẩm thể thao chất lượng cao và dẫn đầu xu hướng, Axeron Sport cam kết 100% sản phẩm <strong>Cầu lông Yonex AS-05 (hop 12 qua)</strong> đều được kiểm định chất lượng chặt chẽ trước khi trao đến tay khách hàng. Đội ngũ tư vấn viên nhiệt tình của chúng tôi luôn sẵn sàng hỗ trợ để bạn có thể chọn lựa được sản phẩm ưng ý nhất. Nâng tầm hiệu suất tập luyện ngay hôm nay!</p>
    ",Yonex,"Cầu Lông Lưới"
32,"Cầu lông Yonex AS-30 (hop 12 qua)","<h3>Tổng quan chi tiết về <strong>Cầu lông Yonex AS-30 (hop 12 qua)</strong></h3>
<p>Cầu lông lưới vit cấp cao Yonex AS-30.</p>

        <p>Nếu bạn đang tìm kiếm một sản phẩm thể thao kết hợp hoàn hảo giữa phong cách hiện đại, sự bền bỉ và hiệu năng vượt trội, thì <strong>Cầu lông Yonex AS-30 (hop 12 qua)</strong> chính là sự lựa chọn hàng đầu. Được nghiên cứu và phát triển để đáp ứng những nhu cầu khắt khe nhất của người dùng, sản phẩm này chắc chắn sẽ làm bạn hài lòng trong từng chuyển động.</p>
        
        <h4>1. Thiết kế và Công nghệ nổi bật</h4>
        <ul>
            <li><strong>Chất lượng cao cấp:</strong> Được chế tác từ những vật liệu tuyển chọn, mang lại trải nghiệm sử dụng êm ái và thoải mái.</li>
            <li><strong>Tính ứng dụng cao:</strong> Bạn có thể dễ dàng sử dụng <strong>Cầu lông Yonex AS-30 (hop 12 qua)</strong> cho nhiều mục đích khác nhau, từ tập gym, chạy bộ cho đến dạo phố.</li>
            <li><strong>Độ bền bỉ theo thời gian:</strong> Từng chi tiết được gia công một cách tỉ mỉ, chắc chắn, giúp sản phẩm giữ được form dáng nguyên thủy dù trải qua thời gian dài sử dụng.</li>
        </ul>

        <h4>2. Hướng dẫn sử dụng và bảo quản đúng cách</h4>
        <ul>
            <li>Làm sạch sản phẩm theo đúng hướng dẫn của nhà sản xuất đính kèm trên nhãn mác.</li>
            <li>Tuyệt đối không sử dụng các loại hóa chất tẩy rửa có nồng độ mạnh.</li>
            <li>Nên phơi hoặc bảo quản ở những nơi thoáng mát, tránh để ánh nắng trực tiếp gay gắt chiếu vào trong thời gian dài.</li>
        </ul>
        <h3>Tại sao nên chọn mua tại Axeron Sport?</h3>
        <p>Với phương châm mang đến những sản phẩm thể thao chất lượng cao và dẫn đầu xu hướng, Axeron Sport cam kết 100% sản phẩm <strong>Cầu lông Yonex AS-30 (hop 12 qua)</strong> đều được kiểm định chất lượng chặt chẽ trước khi trao đến tay khách hàng. Đội ngũ tư vấn viên nhiệt tình của chúng tôi luôn sẵn sàng hỗ trợ để bạn có thể chọn lựa được sản phẩm ưng ý nhất. Nâng tầm hiệu suất tập luyện ngay hôm nay!</p>
    ",Yonex,"Cầu Lông Lưới"
33,"Cầu lông DL Training (hop 12 qua)","<h3>Tổng quan chi tiết về <strong>Cầu lông DL Training (hop 12 qua)</strong></h3>
<p>Cầu lông Đồng Lực dùng tập luyện hàng ngày.</p>

        <p>Nếu bạn đang tìm kiếm một sản phẩm thể thao kết hợp hoàn hảo giữa phong cách hiện đại, sự bền bỉ và hiệu năng vượt trội, thì <strong>Cầu lông DL Training (hop 12 qua)</strong> chính là sự lựa chọn hàng đầu. Được nghiên cứu và phát triển để đáp ứng những nhu cầu khắt khe nhất của người dùng, sản phẩm này chắc chắn sẽ làm bạn hài lòng trong từng chuyển động.</p>
        
        <h4>1. Thiết kế và Công nghệ nổi bật</h4>
        <ul>
            <li><strong>Chất lượng cao cấp:</strong> Được chế tác từ những vật liệu tuyển chọn, mang lại trải nghiệm sử dụng êm ái và thoải mái.</li>
            <li><strong>Tính ứng dụng cao:</strong> Bạn có thể dễ dàng sử dụng <strong>Cầu lông DL Training (hop 12 qua)</strong> cho nhiều mục đích khác nhau, từ tập gym, chạy bộ cho đến dạo phố.</li>
            <li><strong>Độ bền bỉ theo thời gian:</strong> Từng chi tiết được gia công một cách tỉ mỉ, chắc chắn, giúp sản phẩm giữ được form dáng nguyên thủy dù trải qua thời gian dài sử dụng.</li>
        </ul>

        <h4>2. Hướng dẫn sử dụng và bảo quản đúng cách</h4>
        <ul>
            <li>Làm sạch sản phẩm theo đúng hướng dẫn của nhà sản xuất đính kèm trên nhãn mác.</li>
            <li>Tuyệt đối không sử dụng các loại hóa chất tẩy rửa có nồng độ mạnh.</li>
            <li>Nên phơi hoặc bảo quản ở những nơi thoáng mát, tránh để ánh nắng trực tiếp gay gắt chiếu vào trong thời gian dài.</li>
        </ul>
        <h3>Tại sao nên chọn mua tại Axeron Sport?</h3>
        <p>Với phương châm mang đến những sản phẩm thể thao chất lượng cao và dẫn đầu xu hướng, Axeron Sport cam kết 100% sản phẩm <strong>Cầu lông DL Training (hop 12 qua)</strong> đều được kiểm định chất lượng chặt chẽ trước khi trao đến tay khách hàng. Đội ngũ tư vấn viên nhiệt tình của chúng tôi luôn sẵn sàng hỗ trợ để bạn có thể chọn lựa được sản phẩm ưng ý nhất. Nâng tầm hiệu suất tập luyện ngay hôm nay!</p>
    ","Động Lực","Cầu Lông Lưới"
34,"Cầu lông Lining A+90D (hop 12 qua)","<h3>Tổng quan chi tiết về <strong>Cầu lông Lining A+90D (hop 12 qua)</strong></h3>
<p>Cầu lông lưới vit Lining A+90D, lớp 76 - 78.</p>

        <p>Nếu bạn đang tìm kiếm một sản phẩm thể thao kết hợp hoàn hảo giữa phong cách hiện đại, sự bền bỉ và hiệu năng vượt trội, thì <strong>Cầu lông Lining A+90D (hop 12 qua)</strong> chính là sự lựa chọn hàng đầu. Được nghiên cứu và phát triển để đáp ứng những nhu cầu khắt khe nhất của người dùng, sản phẩm này chắc chắn sẽ làm bạn hài lòng trong từng chuyển động.</p>
        
        <h4>1. Thiết kế và Công nghệ nổi bật</h4>
        <ul>
            <li><strong>Chất lượng cao cấp:</strong> Được chế tác từ những vật liệu tuyển chọn, mang lại trải nghiệm sử dụng êm ái và thoải mái.</li>
            <li><strong>Tính ứng dụng cao:</strong> Bạn có thể dễ dàng sử dụng <strong>Cầu lông Lining A+90D (hop 12 qua)</strong> cho nhiều mục đích khác nhau, từ tập gym, chạy bộ cho đến dạo phố.</li>
            <li><strong>Độ bền bỉ theo thời gian:</strong> Từng chi tiết được gia công một cách tỉ mỉ, chắc chắn, giúp sản phẩm giữ được form dáng nguyên thủy dù trải qua thời gian dài sử dụng.</li>
        </ul>

        <h4>2. Hướng dẫn sử dụng và bảo quản đúng cách</h4>
        <ul>
            <li>Làm sạch sản phẩm theo đúng hướng dẫn của nhà sản xuất đính kèm trên nhãn mác.</li>
            <li>Tuyệt đối không sử dụng các loại hóa chất tẩy rửa có nồng độ mạnh.</li>
            <li>Nên phơi hoặc bảo quản ở những nơi thoáng mát, tránh để ánh nắng trực tiếp gay gắt chiếu vào trong thời gian dài.</li>
        </ul>
        <h3>Tại sao nên chọn mua tại Axeron Sport?</h3>
        <p>Với phương châm mang đến những sản phẩm thể thao chất lượng cao và dẫn đầu xu hướng, Axeron Sport cam kết 100% sản phẩm <strong>Cầu lông Lining A+90D (hop 12 qua)</strong> đều được kiểm định chất lượng chặt chẽ trước khi trao đến tay khách hàng. Đội ngũ tư vấn viên nhiệt tình của chúng tôi luôn sẵn sàng hỗ trợ để bạn có thể chọn lựa được sản phẩm ưng ý nhất. Nâng tầm hiệu suất tập luyện ngay hôm nay!</p>
    ",Lining,"Cầu Lông Lưới"
35,"Quần short thể thao DL Training 2024","<h3>Tổng quan chi tiết về <strong>Quần short thể thao DL Training 2024</strong></h3>
<p>Quần short thể thao nam chất liệu Polyester khô nhanh.</p>

        <p>Nếu bạn đang tìm kiếm một sản phẩm kết hợp hoàn hảo giữa phong cách năng động và hiệu năng thể thao vượt trội, thì <strong>Quần short thể thao DL Training 2024</strong> chính là lựa chọn hàng đầu. Chiếc quần này được tinh chỉnh để đáp ứng mọi nhu cầu khắt khe nhất của quá trình tập luyện.</p>
        
        <h4>1. Thiết kế và Chất liệu</h4>
        <ul>
            <li><strong>Công nghệ vải thoáng khí:</strong> Giúp luồng không khí lưu thông tối đa, kiểm soát mồ hôi hiệu quả, giữ cơ thể luôn mát mẻ.</li>
            <li><strong>Co giãn 4 chiều linh hoạt:</strong> Đảm bảo sự đàn hồi tuyệt đối, không gây gò bó, cho phép bạn tự do thực hiện các động tác vươn người, chạy nhảy.</li>
            <li><strong>Đường may tỉ mỉ:</strong> Từng chi tiết được gia công chắc chắn, không gây cọ xát hay kích ứng da trong quá trình vận động mạnh.</li>
        </ul>

        <h4>2. Hướng dẫn sử dụng và bảo quản đúng cách</h4>
        <ul>
            <li>Giặt máy ở nhiệt độ thường (hoặc nước lạnh), lộn trái trang phục trước khi giặt để bảo vệ bề mặt vải và logo.</li>
            <li>Tuyệt đối không dùng chất tẩy rửa mạnh để tránh làm phai màu và phá vỡ cấu trúc sợi vải.</li>
            <li>Phơi ở nơi thoáng mát, có gió tự nhiên. Tránh ánh nắng gắt chiếu trực tiếp.</li>
            <li>Không nên ủi ở nhiệt độ cao vì chất liệu thun thể thao rất nhạy cảm với nhiệt độ lớn.</li>
        </ul>
        <h3>Tại sao nên chọn mua tại Axeron Sport?</h3>
        <p>Với phương châm mang đến những sản phẩm thể thao chất lượng cao và dẫn đầu xu hướng, Axeron Sport cam kết 100% sản phẩm <strong>Quần short thể thao DL Training 2024</strong> đều được kiểm định chất lượng chặt chẽ trước khi trao đến tay khách hàng. Đội ngũ tư vấn viên nhiệt tình của chúng tôi luôn sẵn sàng hỗ trợ để bạn có thể chọn lựa được sản phẩm ưng ý nhất. Nâng tầm hiệu suất tập luyện ngay hôm nay!</p>
    ","Động Lực","Quần Short Nam"
36,"Quần short Nike Dri-FIT 5 inch","<h3>Tổng quan chi tiết về <strong>Quần short Nike Dri-FIT 5 inch</strong></h3>
<p>Quần short chạy bộ Nike 5 inch, Dri-FIT thoát mồ hôi.</p>

        <p>Nếu bạn đang tìm kiếm một sản phẩm kết hợp hoàn hảo giữa phong cách năng động và hiệu năng thể thao vượt trội, thì <strong>Quần short Nike Dri-FIT 5 inch</strong> chính là lựa chọn hàng đầu. Chiếc quần này được tinh chỉnh để đáp ứng mọi nhu cầu khắt khe nhất của quá trình tập luyện.</p>
        
        <h4>1. Thiết kế và Chất liệu</h4>
        <ul>
            <li><strong>Công nghệ vải thoáng khí:</strong> Giúp luồng không khí lưu thông tối đa, kiểm soát mồ hôi hiệu quả, giữ cơ thể luôn mát mẻ.</li>
            <li><strong>Co giãn 4 chiều linh hoạt:</strong> Đảm bảo sự đàn hồi tuyệt đối, không gây gò bó, cho phép bạn tự do thực hiện các động tác vươn người, chạy nhảy.</li>
            <li><strong>Đường may tỉ mỉ:</strong> Từng chi tiết được gia công chắc chắn, không gây cọ xát hay kích ứng da trong quá trình vận động mạnh.</li>
        </ul>

        <h4>2. Hướng dẫn sử dụng và bảo quản đúng cách</h4>
        <ul>
            <li>Giặt máy ở nhiệt độ thường (hoặc nước lạnh), lộn trái trang phục trước khi giặt để bảo vệ bề mặt vải và logo.</li>
            <li>Tuyệt đối không dùng chất tẩy rửa mạnh để tránh làm phai màu và phá vỡ cấu trúc sợi vải.</li>
            <li>Phơi ở nơi thoáng mát, có gió tự nhiên. Tránh ánh nắng gắt chiếu trực tiếp.</li>
            <li>Không nên ủi ở nhiệt độ cao vì chất liệu thun thể thao rất nhạy cảm với nhiệt độ lớn.</li>
        </ul>
        <h3>Tại sao nên chọn mua tại Axeron Sport?</h3>
        <p>Với phương châm mang đến những sản phẩm thể thao chất lượng cao và dẫn đầu xu hướng, Axeron Sport cam kết 100% sản phẩm <strong>Quần short Nike Dri-FIT 5 inch</strong> đều được kiểm định chất lượng chặt chẽ trước khi trao đến tay khách hàng. Đội ngũ tư vấn viên nhiệt tình của chúng tôi luôn sẵn sàng hỗ trợ để bạn có thể chọn lựa được sản phẩm ưng ý nhất. Nâng tầm hiệu suất tập luyện ngay hôm nay!</p>
    ",Nike,"Quần Short Nam"
37,"Quần short nữ DL Active","<h3>Tổng quan chi tiết về <strong>Quần short nữ DL Active</strong></h3>
<p>Quần short nữ với dây lưng co giãn.</p>

        <p>Nếu bạn đang tìm kiếm một sản phẩm kết hợp hoàn hảo giữa phong cách năng động và hiệu năng thể thao vượt trội, thì <strong>Quần short nữ DL Active</strong> chính là lựa chọn hàng đầu. Chiếc quần này được tinh chỉnh để đáp ứng mọi nhu cầu khắt khe nhất của quá trình tập luyện.</p>
        
        <h4>1. Thiết kế và Chất liệu</h4>
        <ul>
            <li><strong>Công nghệ vải thoáng khí:</strong> Giúp luồng không khí lưu thông tối đa, kiểm soát mồ hôi hiệu quả, giữ cơ thể luôn mát mẻ.</li>
            <li><strong>Co giãn 4 chiều linh hoạt:</strong> Đảm bảo sự đàn hồi tuyệt đối, không gây gò bó, cho phép bạn tự do thực hiện các động tác vươn người, chạy nhảy.</li>
            <li><strong>Đường may tỉ mỉ:</strong> Từng chi tiết được gia công chắc chắn, không gây cọ xát hay kích ứng da trong quá trình vận động mạnh.</li>
        </ul>

        <h4>2. Hướng dẫn sử dụng và bảo quản đúng cách</h4>
        <ul>
            <li>Giặt máy ở nhiệt độ thường (hoặc nước lạnh), lộn trái trang phục trước khi giặt để bảo vệ bề mặt vải và logo.</li>
            <li>Tuyệt đối không dùng chất tẩy rửa mạnh để tránh làm phai màu và phá vỡ cấu trúc sợi vải.</li>
            <li>Phơi ở nơi thoáng mát, có gió tự nhiên. Tránh ánh nắng gắt chiếu trực tiếp.</li>
            <li>Không nên ủi ở nhiệt độ cao vì chất liệu thun thể thao rất nhạy cảm với nhiệt độ lớn.</li>
        </ul>
        <h3>Tại sao nên chọn mua tại Axeron Sport?</h3>
        <p>Với phương châm mang đến những sản phẩm thể thao chất lượng cao và dẫn đầu xu hướng, Axeron Sport cam kết 100% sản phẩm <strong>Quần short nữ DL Active</strong> đều được kiểm định chất lượng chặt chẽ trước khi trao đến tay khách hàng. Đội ngũ tư vấn viên nhiệt tình của chúng tôi luôn sẵn sàng hỗ trợ để bạn có thể chọn lựa được sản phẩm ưng ý nhất. Nâng tầm hiệu suất tập luyện ngay hôm nay!</p>
    ","Động Lực","Quần Short Nữ"
38,"Quần legging Under Armour HeatGear","<h3>Tổng quan chi tiết về <strong>Quần legging Under Armour HeatGear</strong></h3>
<p>Quần legging nữ 7/8, chất liệu HeatGear co giãn 4 chiều.</p>

        <p>Nếu bạn đang tìm kiếm một sản phẩm kết hợp hoàn hảo giữa phong cách năng động và hiệu năng thể thao vượt trội, thì <strong>Quần legging Under Armour HeatGear</strong> chính là lựa chọn hàng đầu. Chiếc quần này được tinh chỉnh để đáp ứng mọi nhu cầu khắt khe nhất của quá trình tập luyện.</p>
        
        <h4>1. Thiết kế và Chất liệu</h4>
        <ul>
            <li><strong>Công nghệ vải thoáng khí:</strong> Giúp luồng không khí lưu thông tối đa, kiểm soát mồ hôi hiệu quả, giữ cơ thể luôn mát mẻ.</li>
            <li><strong>Co giãn 4 chiều linh hoạt:</strong> Đảm bảo sự đàn hồi tuyệt đối, không gây gò bó, cho phép bạn tự do thực hiện các động tác vươn người, chạy nhảy.</li>
            <li><strong>Đường may tỉ mỉ:</strong> Từng chi tiết được gia công chắc chắn, không gây cọ xát hay kích ứng da trong quá trình vận động mạnh.</li>
        </ul>

        <h4>2. Hướng dẫn sử dụng và bảo quản đúng cách</h4>
        <ul>
            <li>Giặt máy ở nhiệt độ thường (hoặc nước lạnh), lộn trái trang phục trước khi giặt để bảo vệ bề mặt vải và logo.</li>
            <li>Tuyệt đối không dùng chất tẩy rửa mạnh để tránh làm phai màu và phá vỡ cấu trúc sợi vải.</li>
            <li>Phơi ở nơi thoáng mát, có gió tự nhiên. Tránh ánh nắng gắt chiếu trực tiếp.</li>
            <li>Không nên ủi ở nhiệt độ cao vì chất liệu thun thể thao rất nhạy cảm với nhiệt độ lớn.</li>
        </ul>
        <h3>Tại sao nên chọn mua tại Axeron Sport?</h3>
        <p>Với phương châm mang đến những sản phẩm thể thao chất lượng cao và dẫn đầu xu hướng, Axeron Sport cam kết 100% sản phẩm <strong>Quần legging Under Armour HeatGear</strong> đều được kiểm định chất lượng chặt chẽ trước khi trao đến tay khách hàng. Đội ngũ tư vấn viên nhiệt tình của chúng tôi luôn sẵn sàng hỗ trợ để bạn có thể chọn lựa được sản phẩm ưng ý nhất. Nâng tầm hiệu suất tập luyện ngay hôm nay!</p>
    ","Under Armour","Quần Legging"
39,"Quần legging Adidas Optime 7/8","<h3>Tổng quan chi tiết về <strong>Quần legging Adidas Optime 7/8</strong></h3>
<p>Quần legging nữ Adidas, AEROREADY thoát ẩm.</p>

        <p>Nếu bạn đang tìm kiếm một sản phẩm kết hợp hoàn hảo giữa phong cách năng động và hiệu năng thể thao vượt trội, thì <strong>Quần legging Adidas Optime 7/8</strong> chính là lựa chọn hàng đầu. Chiếc quần này được tinh chỉnh để đáp ứng mọi nhu cầu khắt khe nhất của quá trình tập luyện.</p>
        
        <h4>1. Thiết kế và Chất liệu</h4>
        <ul>
            <li><strong>Công nghệ vải thoáng khí:</strong> Giúp luồng không khí lưu thông tối đa, kiểm soát mồ hôi hiệu quả, giữ cơ thể luôn mát mẻ.</li>
            <li><strong>Co giãn 4 chiều linh hoạt:</strong> Đảm bảo sự đàn hồi tuyệt đối, không gây gò bó, cho phép bạn tự do thực hiện các động tác vươn người, chạy nhảy.</li>
            <li><strong>Đường may tỉ mỉ:</strong> Từng chi tiết được gia công chắc chắn, không gây cọ xát hay kích ứng da trong quá trình vận động mạnh.</li>
        </ul>

        <h4>2. Hướng dẫn sử dụng và bảo quản đúng cách</h4>
        <ul>
            <li>Giặt máy ở nhiệt độ thường (hoặc nước lạnh), lộn trái trang phục trước khi giặt để bảo vệ bề mặt vải và logo.</li>
            <li>Tuyệt đối không dùng chất tẩy rửa mạnh để tránh làm phai màu và phá vỡ cấu trúc sợi vải.</li>
            <li>Phơi ở nơi thoáng mát, có gió tự nhiên. Tránh ánh nắng gắt chiếu trực tiếp.</li>
            <li>Không nên ủi ở nhiệt độ cao vì chất liệu thun thể thao rất nhạy cảm với nhiệt độ lớn.</li>
        </ul>
        <h3>Tại sao nên chọn mua tại Axeron Sport?</h3>
        <p>Với phương châm mang đến những sản phẩm thể thao chất lượng cao và dẫn đầu xu hướng, Axeron Sport cam kết 100% sản phẩm <strong>Quần legging Adidas Optime 7/8</strong> đều được kiểm định chất lượng chặt chẽ trước khi trao đến tay khách hàng. Đội ngũ tư vấn viên nhiệt tình của chúng tôi luôn sẵn sàng hỗ trợ để bạn có thể chọn lựa được sản phẩm ưng ý nhất. Nâng tầm hiệu suất tập luyện ngay hôm nay!</p>
    ",Adidas,"Quần Legging"
40,"Bóng đá sân cỏ Adidas Al Rihla","<h3>Tổng quan chi tiết về <strong>Bóng đá sân cỏ Adidas Al Rihla</strong></h3>
<p>Bóng đá chính thức FIFA Quality Pro.</p>

        <p>Nếu bạn đang tìm kiếm một sản phẩm thể thao kết hợp hoàn hảo giữa phong cách hiện đại, sự bền bỉ và hiệu năng vượt trội, thì <strong>Bóng đá sân cỏ Adidas Al Rihla</strong> chính là sự lựa chọn hàng đầu. Được nghiên cứu và phát triển để đáp ứng những nhu cầu khắt khe nhất của người dùng, sản phẩm này chắc chắn sẽ làm bạn hài lòng trong từng chuyển động.</p>
        
        <h4>1. Thiết kế và Công nghệ nổi bật</h4>
        <ul>
            <li><strong>Chất lượng cao cấp:</strong> Được chế tác từ những vật liệu tuyển chọn, mang lại trải nghiệm sử dụng êm ái và thoải mái.</li>
            <li><strong>Tính ứng dụng cao:</strong> Bạn có thể dễ dàng sử dụng <strong>Bóng đá sân cỏ Adidas Al Rihla</strong> cho nhiều mục đích khác nhau, từ tập gym, chạy bộ cho đến dạo phố.</li>
            <li><strong>Độ bền bỉ theo thời gian:</strong> Từng chi tiết được gia công một cách tỉ mỉ, chắc chắn, giúp sản phẩm giữ được form dáng nguyên thủy dù trải qua thời gian dài sử dụng.</li>
        </ul>

        <h4>2. Hướng dẫn sử dụng và bảo quản đúng cách</h4>
        <ul>
            <li>Làm sạch sản phẩm theo đúng hướng dẫn của nhà sản xuất đính kèm trên nhãn mác.</li>
            <li>Tuyệt đối không sử dụng các loại hóa chất tẩy rửa có nồng độ mạnh.</li>
            <li>Nên phơi hoặc bảo quản ở những nơi thoáng mát, tránh để ánh nắng trực tiếp gay gắt chiếu vào trong thời gian dài.</li>
        </ul>
        <h3>Tại sao nên chọn mua tại Axeron Sport?</h3>
        <p>Với phương châm mang đến những sản phẩm thể thao chất lượng cao và dẫn đầu xu hướng, Axeron Sport cam kết 100% sản phẩm <strong>Bóng đá sân cỏ Adidas Al Rihla</strong> đều được kiểm định chất lượng chặt chẽ trước khi trao đến tay khách hàng. Đội ngũ tư vấn viên nhiệt tình của chúng tôi luôn sẵn sàng hỗ trợ để bạn có thể chọn lựa được sản phẩm ưng ý nhất. Nâng tầm hiệu suất tập luyện ngay hôm nay!</p>
    ",Adidas,"Bóng Đá Sân Cỏ"
41,"Bóng đá sân cỏ DL Classic 5","<h3>Tổng quan chi tiết về <strong>Bóng đá sân cỏ DL Classic 5</strong></h3>
<p>Bóng đá số 5 chất liệu PVC cao cấp.</p>

        <p>Nếu bạn đang tìm kiếm một sản phẩm thể thao kết hợp hoàn hảo giữa phong cách hiện đại, sự bền bỉ và hiệu năng vượt trội, thì <strong>Bóng đá sân cỏ DL Classic 5</strong> chính là sự lựa chọn hàng đầu. Được nghiên cứu và phát triển để đáp ứng những nhu cầu khắt khe nhất của người dùng, sản phẩm này chắc chắn sẽ làm bạn hài lòng trong từng chuyển động.</p>
        
        <h4>1. Thiết kế và Công nghệ nổi bật</h4>
        <ul>
            <li><strong>Chất lượng cao cấp:</strong> Được chế tác từ những vật liệu tuyển chọn, mang lại trải nghiệm sử dụng êm ái và thoải mái.</li>
            <li><strong>Tính ứng dụng cao:</strong> Bạn có thể dễ dàng sử dụng <strong>Bóng đá sân cỏ DL Classic 5</strong> cho nhiều mục đích khác nhau, từ tập gym, chạy bộ cho đến dạo phố.</li>
            <li><strong>Độ bền bỉ theo thời gian:</strong> Từng chi tiết được gia công một cách tỉ mỉ, chắc chắn, giúp sản phẩm giữ được form dáng nguyên thủy dù trải qua thời gian dài sử dụng.</li>
        </ul>

        <h4>2. Hướng dẫn sử dụng và bảo quản đúng cách</h4>
        <ul>
            <li>Làm sạch sản phẩm theo đúng hướng dẫn của nhà sản xuất đính kèm trên nhãn mác.</li>
            <li>Tuyệt đối không sử dụng các loại hóa chất tẩy rửa có nồng độ mạnh.</li>
            <li>Nên phơi hoặc bảo quản ở những nơi thoáng mát, tránh để ánh nắng trực tiếp gay gắt chiếu vào trong thời gian dài.</li>
        </ul>
        <h3>Tại sao nên chọn mua tại Axeron Sport?</h3>
        <p>Với phương châm mang đến những sản phẩm thể thao chất lượng cao và dẫn đầu xu hướng, Axeron Sport cam kết 100% sản phẩm <strong>Bóng đá sân cỏ DL Classic 5</strong> đều được kiểm định chất lượng chặt chẽ trước khi trao đến tay khách hàng. Đội ngũ tư vấn viên nhiệt tình của chúng tôi luôn sẵn sàng hỗ trợ để bạn có thể chọn lựa được sản phẩm ưng ý nhất. Nâng tầm hiệu suất tập luyện ngay hôm nay!</p>
    ","Động Lực","Bóng Đá Sân Cỏ"
42,"Bóng Futsal DL Super","<h3>Tổng quan chi tiết về <strong>Bóng Futsal DL Super</strong></h3>
<p>Bóng futsal số 4, chất liệu PU 4 lớp.</p>

        <p>Nếu bạn đang tìm kiếm một sản phẩm thể thao kết hợp hoàn hảo giữa phong cách hiện đại, sự bền bỉ và hiệu năng vượt trội, thì <strong>Bóng Futsal DL Super</strong> chính là sự lựa chọn hàng đầu. Được nghiên cứu và phát triển để đáp ứng những nhu cầu khắt khe nhất của người dùng, sản phẩm này chắc chắn sẽ làm bạn hài lòng trong từng chuyển động.</p>
        
        <h4>1. Thiết kế và Công nghệ nổi bật</h4>
        <ul>
            <li><strong>Chất lượng cao cấp:</strong> Được chế tác từ những vật liệu tuyển chọn, mang lại trải nghiệm sử dụng êm ái và thoải mái.</li>
            <li><strong>Tính ứng dụng cao:</strong> Bạn có thể dễ dàng sử dụng <strong>Bóng Futsal DL Super</strong> cho nhiều mục đích khác nhau, từ tập gym, chạy bộ cho đến dạo phố.</li>
            <li><strong>Độ bền bỉ theo thời gian:</strong> Từng chi tiết được gia công một cách tỉ mỉ, chắc chắn, giúp sản phẩm giữ được form dáng nguyên thủy dù trải qua thời gian dài sử dụng.</li>
        </ul>

        <h4>2. Hướng dẫn sử dụng và bảo quản đúng cách</h4>
        <ul>
            <li>Làm sạch sản phẩm theo đúng hướng dẫn của nhà sản xuất đính kèm trên nhãn mác.</li>
            <li>Tuyệt đối không sử dụng các loại hóa chất tẩy rửa có nồng độ mạnh.</li>
            <li>Nên phơi hoặc bảo quản ở những nơi thoáng mát, tránh để ánh nắng trực tiếp gay gắt chiếu vào trong thời gian dài.</li>
        </ul>
        <h3>Tại sao nên chọn mua tại Axeron Sport?</h3>
        <p>Với phương châm mang đến những sản phẩm thể thao chất lượng cao và dẫn đầu xu hướng, Axeron Sport cam kết 100% sản phẩm <strong>Bóng Futsal DL Super</strong> đều được kiểm định chất lượng chặt chẽ trước khi trao đến tay khách hàng. Đội ngũ tư vấn viên nhiệt tình của chúng tôi luôn sẵn sàng hỗ trợ để bạn có thể chọn lựa được sản phẩm ưng ý nhất. Nâng tầm hiệu suất tập luyện ngay hôm nay!</p>
    ","Động Lực","Bóng Futsal"
43,"Bóng Pickleball DL Outdoor","<h3>Tổng quan chi tiết về <strong>Bóng Pickleball DL Outdoor</strong></h3>
<p>Bóng pickleball 40 lỗ, chất liệu HDPE.</p>

        <p>Nếu bạn đang tìm kiếm một sản phẩm thể thao kết hợp hoàn hảo giữa phong cách hiện đại, sự bền bỉ và hiệu năng vượt trội, thì <strong>Bóng Pickleball DL Outdoor</strong> chính là sự lựa chọn hàng đầu. Được nghiên cứu và phát triển để đáp ứng những nhu cầu khắt khe nhất của người dùng, sản phẩm này chắc chắn sẽ làm bạn hài lòng trong từng chuyển động.</p>
        
        <h4>1. Thiết kế và Công nghệ nổi bật</h4>
        <ul>
            <li><strong>Chất lượng cao cấp:</strong> Được chế tác từ những vật liệu tuyển chọn, mang lại trải nghiệm sử dụng êm ái và thoải mái.</li>
            <li><strong>Tính ứng dụng cao:</strong> Bạn có thể dễ dàng sử dụng <strong>Bóng Pickleball DL Outdoor</strong> cho nhiều mục đích khác nhau, từ tập gym, chạy bộ cho đến dạo phố.</li>
            <li><strong>Độ bền bỉ theo thời gian:</strong> Từng chi tiết được gia công một cách tỉ mỉ, chắc chắn, giúp sản phẩm giữ được form dáng nguyên thủy dù trải qua thời gian dài sử dụng.</li>
        </ul>

        <h4>2. Hướng dẫn sử dụng và bảo quản đúng cách</h4>
        <ul>
            <li>Làm sạch sản phẩm theo đúng hướng dẫn của nhà sản xuất đính kèm trên nhãn mác.</li>
            <li>Tuyệt đối không sử dụng các loại hóa chất tẩy rửa có nồng độ mạnh.</li>
            <li>Nên phơi hoặc bảo quản ở những nơi thoáng mát, tránh để ánh nắng trực tiếp gay gắt chiếu vào trong thời gian dài.</li>
        </ul>
        <h3>Tại sao nên chọn mua tại Axeron Sport?</h3>
        <p>Với phương châm mang đến những sản phẩm thể thao chất lượng cao và dẫn đầu xu hướng, Axeron Sport cam kết 100% sản phẩm <strong>Bóng Pickleball DL Outdoor</strong> đều được kiểm định chất lượng chặt chẽ trước khi trao đến tay khách hàng. Đội ngũ tư vấn viên nhiệt tình của chúng tôi luôn sẵn sàng hỗ trợ để bạn có thể chọn lựa được sản phẩm ưng ý nhất. Nâng tầm hiệu suất tập luyện ngay hôm nay!</p>
    ","Động Lực","Bóng Pickleball"
44,"Tạ tay DL Vinyl 1kg - 10kg","<h3>Tổng quan chi tiết về <strong>Tạ tay DL Vinyl 1kg - 10kg</strong></h3>
<p>Tạ tay phủ cao su vinyl kháng trọt.</p>

        <p>Nếu bạn đang tìm kiếm một sản phẩm thể thao kết hợp hoàn hảo giữa phong cách hiện đại, sự bền bỉ và hiệu năng vượt trội, thì <strong>Tạ tay DL Vinyl 1kg - 10kg</strong> chính là sự lựa chọn hàng đầu. Được nghiên cứu và phát triển để đáp ứng những nhu cầu khắt khe nhất của người dùng, sản phẩm này chắc chắn sẽ làm bạn hài lòng trong từng chuyển động.</p>
        
        <h4>1. Thiết kế và Công nghệ nổi bật</h4>
        <ul>
            <li><strong>Chất lượng cao cấp:</strong> Được chế tác từ những vật liệu tuyển chọn, mang lại trải nghiệm sử dụng êm ái và thoải mái.</li>
            <li><strong>Tính ứng dụng cao:</strong> Bạn có thể dễ dàng sử dụng <strong>Tạ tay DL Vinyl 1kg - 10kg</strong> cho nhiều mục đích khác nhau, từ tập gym, chạy bộ cho đến dạo phố.</li>
            <li><strong>Độ bền bỉ theo thời gian:</strong> Từng chi tiết được gia công một cách tỉ mỉ, chắc chắn, giúp sản phẩm giữ được form dáng nguyên thủy dù trải qua thời gian dài sử dụng.</li>
        </ul>

        <h4>2. Hướng dẫn sử dụng và bảo quản đúng cách</h4>
        <ul>
            <li>Làm sạch sản phẩm theo đúng hướng dẫn của nhà sản xuất đính kèm trên nhãn mác.</li>
            <li>Tuyệt đối không sử dụng các loại hóa chất tẩy rửa có nồng độ mạnh.</li>
            <li>Nên phơi hoặc bảo quản ở những nơi thoáng mát, tránh để ánh nắng trực tiếp gay gắt chiếu vào trong thời gian dài.</li>
        </ul>
        <h3>Tại sao nên chọn mua tại Axeron Sport?</h3>
        <p>Với phương châm mang đến những sản phẩm thể thao chất lượng cao và dẫn đầu xu hướng, Axeron Sport cam kết 100% sản phẩm <strong>Tạ tay DL Vinyl 1kg - 10kg</strong> đều được kiểm định chất lượng chặt chẽ trước khi trao đến tay khách hàng. Đội ngũ tư vấn viên nhiệt tình của chúng tôi luôn sẵn sàng hỗ trợ để bạn có thể chọn lựa được sản phẩm ưng ý nhất. Nâng tầm hiệu suất tập luyện ngay hôm nay!</p>
    ","Động Lực","Tạ Tay Và Ghế"
45,"Mũ thể thao DL DryCool","<h3>Tổng quan chi tiết về <strong>Mũ thể thao DL DryCool</strong></h3>
<p>Mũ thể thao kiểu snapback, chất liệu thoáng khí.</p>

        <p><strong>Mũ thể thao DL DryCool</strong> là món phụ kiện đắc lực giúp bạn hoàn thiện phong cách thể thao và mang lại sự tiện ích tối đa trong những buổi tập luyện hay các chuyến đi dã ngoại.</p>
        
        <h4>1. Ưu điểm nổi bật</h4>
        <ul>
            <li><strong>Thiết kế thông minh và tiện dụng:</strong> Tối ưu hóa không gian lưu trữ và dễ dàng mang theo mọi lúc mọi nơi.</li>
            <li><strong>Chất liệu bền bỉ:</strong> Được làm từ những vật liệu có khả năng chống thấm nước, chịu lực tốt, bảo vệ đồ đạc bên trong một cách an toàn.</li>
            <li><strong>Kiểu dáng hiện đại:</strong> Gam màu năng động, khỏe khoắn, dễ dàng mix & match với nhiều trang phục khác nhau.</li>
        </ul>

        <h4>2. Hướng dẫn bảo quản</h4>
        <ul>
            <li>Nên dùng khăn ẩm lau sạch bụi bẩn trên bề mặt sau mỗi lần sử dụng.</li>
            <li>Bảo quản nơi khô ráo, thoáng mát, tránh để ở môi trường có độ ẩm quá cao gây nấm mốc.</li>
            <li>Tránh để sản phẩm tiếp xúc với các vật nhọn để không làm rách hoặc xước bề mặt chất liệu.</li>
        </ul>
        <h3>Tại sao nên chọn mua tại Axeron Sport?</h3>
        <p>Với phương châm mang đến những sản phẩm thể thao chất lượng cao và dẫn đầu xu hướng, Axeron Sport cam kết 100% sản phẩm <strong>Mũ thể thao DL DryCool</strong> đều được kiểm định chất lượng chặt chẽ trước khi trao đến tay khách hàng. Đội ngũ tư vấn viên nhiệt tình của chúng tôi luôn sẵn sàng hỗ trợ để bạn có thể chọn lựa được sản phẩm ưng ý nhất. Nâng tầm hiệu suất tập luyện ngay hôm nay!</p>
    ","Động Lực","Phụ Kiện Nam"
46,"Balo thể thao DL Sport 20L","<h3>Tổng quan chi tiết về <strong>Balo thể thao DL Sport 20L</strong></h3>
<p>Balo thể thao dung tích 20L.</p>

        <p><strong>Balo thể thao DL Sport 20L</strong> là món phụ kiện đắc lực giúp bạn hoàn thiện phong cách thể thao và mang lại sự tiện ích tối đa trong những buổi tập luyện hay các chuyến đi dã ngoại.</p>
        
        <h4>1. Ưu điểm nổi bật</h4>
        <ul>
            <li><strong>Thiết kế thông minh và tiện dụng:</strong> Tối ưu hóa không gian lưu trữ và dễ dàng mang theo mọi lúc mọi nơi.</li>
            <li><strong>Chất liệu bền bỉ:</strong> Được làm từ những vật liệu có khả năng chống thấm nước, chịu lực tốt, bảo vệ đồ đạc bên trong một cách an toàn.</li>
            <li><strong>Kiểu dáng hiện đại:</strong> Gam màu năng động, khỏe khoắn, dễ dàng mix & match với nhiều trang phục khác nhau.</li>
        </ul>

        <h4>2. Hướng dẫn bảo quản</h4>
        <ul>
            <li>Nên dùng khăn ẩm lau sạch bụi bẩn trên bề mặt sau mỗi lần sử dụng.</li>
            <li>Bảo quản nơi khô ráo, thoáng mát, tránh để ở môi trường có độ ẩm quá cao gây nấm mốc.</li>
            <li>Tránh để sản phẩm tiếp xúc với các vật nhọn để không làm rách hoặc xước bề mặt chất liệu.</li>
        </ul>
        <h3>Tại sao nên chọn mua tại Axeron Sport?</h3>
        <p>Với phương châm mang đến những sản phẩm thể thao chất lượng cao và dẫn đầu xu hướng, Axeron Sport cam kết 100% sản phẩm <strong>Balo thể thao DL Sport 20L</strong> đều được kiểm định chất lượng chặt chẽ trước khi trao đến tay khách hàng. Đội ngũ tư vấn viên nhiệt tình của chúng tôi luôn sẵn sàng hỗ trợ để bạn có thể chọn lựa được sản phẩm ưng ý nhất. Nâng tầm hiệu suất tập luyện ngay hôm nay!</p>
    ","Động Lực","Phụ Kiện Nam"
47,"Tất cầu lông Yonex 75th (3 doi)","<h3>Tổng quan chi tiết về <strong>Tất cầu lông Yonex 75th (3 doi)</strong></h3>
<p>3 đôi tất cầu lông Yonex, chất liệu bông cao cấp.</p>

        <p><strong>Tất cầu lông Yonex 75th (3 doi)</strong> là món phụ kiện đắc lực giúp bạn hoàn thiện phong cách thể thao và mang lại sự tiện ích tối đa trong những buổi tập luyện hay các chuyến đi dã ngoại.</p>
        
        <h4>1. Ưu điểm nổi bật</h4>
        <ul>
            <li><strong>Thiết kế thông minh và tiện dụng:</strong> Tối ưu hóa không gian lưu trữ và dễ dàng mang theo mọi lúc mọi nơi.</li>
            <li><strong>Chất liệu bền bỉ:</strong> Được làm từ những vật liệu có khả năng chống thấm nước, chịu lực tốt, bảo vệ đồ đạc bên trong một cách an toàn.</li>
            <li><strong>Kiểu dáng hiện đại:</strong> Gam màu năng động, khỏe khoắn, dễ dàng mix & match với nhiều trang phục khác nhau.</li>
        </ul>

        <h4>2. Hướng dẫn bảo quản</h4>
        <ul>
            <li>Nên dùng khăn ẩm lau sạch bụi bẩn trên bề mặt sau mỗi lần sử dụng.</li>
            <li>Bảo quản nơi khô ráo, thoáng mát, tránh để ở môi trường có độ ẩm quá cao gây nấm mốc.</li>
            <li>Tránh để sản phẩm tiếp xúc với các vật nhọn để không làm rách hoặc xước bề mặt chất liệu.</li>
        </ul>
        <h3>Tại sao nên chọn mua tại Axeron Sport?</h3>
        <p>Với phương châm mang đến những sản phẩm thể thao chất lượng cao và dẫn đầu xu hướng, Axeron Sport cam kết 100% sản phẩm <strong>Tất cầu lông Yonex 75th (3 doi)</strong> đều được kiểm định chất lượng chặt chẽ trước khi trao đến tay khách hàng. Đội ngũ tư vấn viên nhiệt tình của chúng tôi luôn sẵn sàng hỗ trợ để bạn có thể chọn lựa được sản phẩm ưng ý nhất. Nâng tầm hiệu suất tập luyện ngay hôm nay!</p>
    ",Yonex,"Phụ Kiện Nam"
48,"Tất thể thao DL Sport (5 doi)","<h3>Tổng quan chi tiết về <strong>Tất thể thao DL Sport (5 doi)</strong></h3>
<p>5 đôi tất thể thao DL, chất liệu cotton pha.</p>

        <p><strong>Tất thể thao DL Sport (5 doi)</strong> là món phụ kiện đắc lực giúp bạn hoàn thiện phong cách thể thao và mang lại sự tiện ích tối đa trong những buổi tập luyện hay các chuyến đi dã ngoại.</p>
        
        <h4>1. Ưu điểm nổi bật</h4>
        <ul>
            <li><strong>Thiết kế thông minh và tiện dụng:</strong> Tối ưu hóa không gian lưu trữ và dễ dàng mang theo mọi lúc mọi nơi.</li>
            <li><strong>Chất liệu bền bỉ:</strong> Được làm từ những vật liệu có khả năng chống thấm nước, chịu lực tốt, bảo vệ đồ đạc bên trong một cách an toàn.</li>
            <li><strong>Kiểu dáng hiện đại:</strong> Gam màu năng động, khỏe khoắn, dễ dàng mix & match với nhiều trang phục khác nhau.</li>
        </ul>

        <h4>2. Hướng dẫn bảo quản</h4>
        <ul>
            <li>Nên dùng khăn ẩm lau sạch bụi bẩn trên bề mặt sau mỗi lần sử dụng.</li>
            <li>Bảo quản nơi khô ráo, thoáng mát, tránh để ở môi trường có độ ẩm quá cao gây nấm mốc.</li>
            <li>Tránh để sản phẩm tiếp xúc với các vật nhọn để không làm rách hoặc xước bề mặt chất liệu.</li>
        </ul>
        <h3>Tại sao nên chọn mua tại Axeron Sport?</h3>
        <p>Với phương châm mang đến những sản phẩm thể thao chất lượng cao và dẫn đầu xu hướng, Axeron Sport cam kết 100% sản phẩm <strong>Tất thể thao DL Sport (5 doi)</strong> đều được kiểm định chất lượng chặt chẽ trước khi trao đến tay khách hàng. Đội ngũ tư vấn viên nhiệt tình của chúng tôi luôn sẵn sàng hỗ trợ để bạn có thể chọn lựa được sản phẩm ưng ý nhất. Nâng tầm hiệu suất tập luyện ngay hôm nay!</p>
    ","Động Lực","Phụ Kiện Nam"
49,"Mũ thể thao nữ DL Lily","<h3>Tổng quan chi tiết về <strong>Mũ thể thao nữ DL Lily</strong></h3>
<p>Mũ nữ kiểu bucket hat thời trang.</p>

        <p><strong>Mũ thể thao nữ DL Lily</strong> là món phụ kiện đắc lực giúp bạn hoàn thiện phong cách thể thao và mang lại sự tiện ích tối đa trong những buổi tập luyện hay các chuyến đi dã ngoại.</p>
        
        <h4>1. Ưu điểm nổi bật</h4>
        <ul>
            <li><strong>Thiết kế thông minh và tiện dụng:</strong> Tối ưu hóa không gian lưu trữ và dễ dàng mang theo mọi lúc mọi nơi.</li>
            <li><strong>Chất liệu bền bỉ:</strong> Được làm từ những vật liệu có khả năng chống thấm nước, chịu lực tốt, bảo vệ đồ đạc bên trong một cách an toàn.</li>
            <li><strong>Kiểu dáng hiện đại:</strong> Gam màu năng động, khỏe khoắn, dễ dàng mix & match với nhiều trang phục khác nhau.</li>
        </ul>

        <h4>2. Hướng dẫn bảo quản</h4>
        <ul>
            <li>Nên dùng khăn ẩm lau sạch bụi bẩn trên bề mặt sau mỗi lần sử dụng.</li>
            <li>Bảo quản nơi khô ráo, thoáng mát, tránh để ở môi trường có độ ẩm quá cao gây nấm mốc.</li>
            <li>Tránh để sản phẩm tiếp xúc với các vật nhọn để không làm rách hoặc xước bề mặt chất liệu.</li>
        </ul>
        <h3>Tại sao nên chọn mua tại Axeron Sport?</h3>
        <p>Với phương châm mang đến những sản phẩm thể thao chất lượng cao và dẫn đầu xu hướng, Axeron Sport cam kết 100% sản phẩm <strong>Mũ thể thao nữ DL Lily</strong> đều được kiểm định chất lượng chặt chẽ trước khi trao đến tay khách hàng. Đội ngũ tư vấn viên nhiệt tình của chúng tôi luôn sẵn sàng hỗ trợ để bạn có thể chọn lựa được sản phẩm ưng ý nhất. Nâng tầm hiệu suất tập luyện ngay hôm nay!</p>
    ","Động Lực","Phụ Kiện Nữ"
50,"Balo nữ Adidas Classic BOS","<h3>Tổng quan chi tiết về <strong>Balo nữ Adidas Classic BOS</strong></h3>
<p>Balo nữ Adidas Classic BOS dung tích 22L.</p>

        <p><strong>Balo nữ Adidas Classic BOS</strong> là món phụ kiện đắc lực giúp bạn hoàn thiện phong cách thể thao và mang lại sự tiện ích tối đa trong những buổi tập luyện hay các chuyến đi dã ngoại.</p>
        
        <h4>1. Ưu điểm nổi bật</h4>
        <ul>
            <li><strong>Thiết kế thông minh và tiện dụng:</strong> Tối ưu hóa không gian lưu trữ và dễ dàng mang theo mọi lúc mọi nơi.</li>
            <li><strong>Chất liệu bền bỉ:</strong> Được làm từ những vật liệu có khả năng chống thấm nước, chịu lực tốt, bảo vệ đồ đạc bên trong một cách an toàn.</li>
            <li><strong>Kiểu dáng hiện đại:</strong> Gam màu năng động, khỏe khoắn, dễ dàng mix & match với nhiều trang phục khác nhau.</li>
        </ul>

        <h4>2. Hướng dẫn bảo quản</h4>
        <ul>
            <li>Nên dùng khăn ẩm lau sạch bụi bẩn trên bề mặt sau mỗi lần sử dụng.</li>
            <li>Bảo quản nơi khô ráo, thoáng mát, tránh để ở môi trường có độ ẩm quá cao gây nấm mốc.</li>
            <li>Tránh để sản phẩm tiếp xúc với các vật nhọn để không làm rách hoặc xước bề mặt chất liệu.</li>
        </ul>
        <h3>Tại sao nên chọn mua tại Axeron Sport?</h3>
        <p>Với phương châm mang đến những sản phẩm thể thao chất lượng cao và dẫn đầu xu hướng, Axeron Sport cam kết 100% sản phẩm <strong>Balo nữ Adidas Classic BOS</strong> đều được kiểm định chất lượng chặt chẽ trước khi trao đến tay khách hàng. Đội ngũ tư vấn viên nhiệt tình của chúng tôi luôn sẵn sàng hỗ trợ để bạn có thể chọn lựa được sản phẩm ưng ý nhất. Nâng tầm hiệu suất tập luyện ngay hôm nay!</p>
    ",Adidas,"Phụ Kiện Nữ"
56,"sản phẩm test ẩn hiện","<h3>Tổng quan chi tiết về <strong>sản phẩm test ẩn hiện</strong></h3>
<p>Sản phẩm sản phẩm test ẩn hiện mang đến trải nghiệm tuyệt vời và hỗ trợ tối đa dành cho người yêu thể thao.</p>

        <p>Nếu bạn đang tìm kiếm một sản phẩm thể thao kết hợp hoàn hảo giữa phong cách hiện đại, sự bền bỉ và hiệu năng vượt trội, thì <strong>sản phẩm test ẩn hiện</strong> chính là sự lựa chọn hàng đầu. Được nghiên cứu và phát triển để đáp ứng những nhu cầu khắt khe nhất của người dùng, sản phẩm này chắc chắn sẽ làm bạn hài lòng trong từng chuyển động.</p>
        
        <h4>1. Thiết kế và Công nghệ nổi bật</h4>
        <ul>
            <li><strong>Chất lượng cao cấp:</strong> Được chế tác từ những vật liệu tuyển chọn, mang lại trải nghiệm sử dụng êm ái và thoải mái.</li>
            <li><strong>Tính ứng dụng cao:</strong> Bạn có thể dễ dàng sử dụng <strong>sản phẩm test ẩn hiện</strong> cho nhiều mục đích khác nhau, từ tập gym, chạy bộ cho đến dạo phố.</li>
            <li><strong>Độ bền bỉ theo thời gian:</strong> Từng chi tiết được gia công một cách tỉ mỉ, chắc chắn, giúp sản phẩm giữ được form dáng nguyên thủy dù trải qua thời gian dài sử dụng.</li>
        </ul>

        <h4>2. Hướng dẫn sử dụng và bảo quản đúng cách</h4>
        <ul>
            <li>Làm sạch sản phẩm theo đúng hướng dẫn của nhà sản xuất đính kèm trên nhãn mác.</li>
            <li>Tuyệt đối không sử dụng các loại hóa chất tẩy rửa có nồng độ mạnh.</li>
            <li>Nên phơi hoặc bảo quản ở những nơi thoáng mát, tránh để ánh nắng trực tiếp gay gắt chiếu vào trong thời gian dài.</li>
        </ul>
        <h3>Tại sao nên chọn mua tại Axeron Sport?</h3>
        <p>Với phương châm mang đến những sản phẩm thể thao chất lượng cao và dẫn đầu xu hướng, Axeron Sport cam kết 100% sản phẩm <strong>sản phẩm test ẩn hiện</strong> đều được kiểm định chất lượng chặt chẽ trước khi trao đến tay khách hàng. Đội ngũ tư vấn viên nhiệt tình của chúng tôi luôn sẵn sàng hỗ trợ để bạn có thể chọn lựa được sản phẩm ưng ý nhất. Nâng tầm hiệu suất tập luyện ngay hôm nay!</p>
    ",Yonex,"Bóng Chuyền"
58,"Giày Pickleball Axeron Pro V1-C439","<h3>Tổng quan chi tiết về <strong>Giày Pickleball Axeron Pro V1-C439</strong></h3>
<p>Sản phẩm Giày Pickleball Axeron Pro V1-C439 với thiết kế hiện đại, chất liệu bền bỉ mang đến trải nghiệm tập luyện thể thao tuyệt vời.</p>

        <p>Được thiết kế chuyên biệt để nâng niu từng bước chân, <strong>Giày Pickleball Axeron Pro V1-C439</strong> là người bạn đồng hành không thể thiếu cho những tín đồ đam mê vận động. Với kiểu dáng thể thao hiện đại, sản phẩm không chỉ mang lại hiệu suất cao trên sân tập mà còn rất phong cách khi dạo phố.</p>
        
        <h4>1. Cấu tạo và Công nghệ nổi bật</h4>
        <ul>
            <li><strong>Chất liệu bề mặt cao cấp:</strong> Thân giày được làm từ vật liệu siêu nhẹ và thoáng khí, giúp đôi chân luôn khô ráo dù hoạt động ở cường độ cao.</li>
            <li><strong>Bộ đệm êm ái, trợ lực tốt:</strong> Đế giữa hấp thụ lực va đập cực tốt, phản hồi năng lượng mạnh mẽ giúp giảm thiểu chấn thương cơ xương khớp.</li>
            <li><strong>Đế ngoài chống trượt:</strong> Thiết kế mặt đế bám đường vượt trội, tăng độ ma sát và an toàn trên nhiều địa hình khác nhau.</li>
        </ul>

        <h4>2. Hướng dẫn vệ sinh và bảo quản</h4>
        <ul>
            <li>Không giặt giày bằng máy giặt để tránh làm biến dạng form dáng và hỏng lớp keo dán.</li>
            <li>Sử dụng bàn chải lông mềm và dung dịch vệ sinh chuyên dụng để làm sạch các vết bẩn.</li>
            <li>Sau khi giặt, phơi giày ở nơi khô ráo, bóng râm. Tuyệt đối không phơi trực tiếp dưới ánh nắng gắt hoặc dùng máy sấy nhiệt độ cao.</li>
            <li>Nên nhét thêm giấy báo hoặc cục hút ẩm vào bên trong giày khi không sử dụng để giữ form và khử mùi.</li>
        </ul>
        <h3>Tại sao nên chọn mua tại Axeron Sport?</h3>
        <p>Với phương châm mang đến những sản phẩm thể thao chất lượng cao và dẫn đầu xu hướng, Axeron Sport cam kết 100% sản phẩm <strong>Giày Pickleball Axeron Pro V1-C439</strong> đều được kiểm định chất lượng chặt chẽ trước khi trao đến tay khách hàng. Đội ngũ tư vấn viên nhiệt tình của chúng tôi luôn sẵn sàng hỗ trợ để bạn có thể chọn lựa được sản phẩm ưng ý nhất. Nâng tầm hiệu suất tập luyện ngay hôm nay!</p>
    ",Axeron,"Giày Pickleball"
59,"Giày Pickleball Axeron Pro V2-D06C","<h3>Tổng quan chi tiết về <strong>Giày Pickleball Axeron Pro V2-D06C</strong></h3>
<p>Sản phẩm Giày Pickleball Axeron Pro V2-D06C với thiết kế hiện đại, chất liệu bền bỉ mang đến trải nghiệm tập luyện thể thao tuyệt vời.</p>

        <p>Được thiết kế chuyên biệt để nâng niu từng bước chân, <strong>Giày Pickleball Axeron Pro V2-D06C</strong> là người bạn đồng hành không thể thiếu cho những tín đồ đam mê vận động. Với kiểu dáng thể thao hiện đại, sản phẩm không chỉ mang lại hiệu suất cao trên sân tập mà còn rất phong cách khi dạo phố.</p>
        
        <h4>1. Cấu tạo và Công nghệ nổi bật</h4>
        <ul>
            <li><strong>Chất liệu bề mặt cao cấp:</strong> Thân giày được làm từ vật liệu siêu nhẹ và thoáng khí, giúp đôi chân luôn khô ráo dù hoạt động ở cường độ cao.</li>
            <li><strong>Bộ đệm êm ái, trợ lực tốt:</strong> Đế giữa hấp thụ lực va đập cực tốt, phản hồi năng lượng mạnh mẽ giúp giảm thiểu chấn thương cơ xương khớp.</li>
            <li><strong>Đế ngoài chống trượt:</strong> Thiết kế mặt đế bám đường vượt trội, tăng độ ma sát và an toàn trên nhiều địa hình khác nhau.</li>
        </ul>

        <h4>2. Hướng dẫn vệ sinh và bảo quản</h4>
        <ul>
            <li>Không giặt giày bằng máy giặt để tránh làm biến dạng form dáng và hỏng lớp keo dán.</li>
            <li>Sử dụng bàn chải lông mềm và dung dịch vệ sinh chuyên dụng để làm sạch các vết bẩn.</li>
            <li>Sau khi giặt, phơi giày ở nơi khô ráo, bóng râm. Tuyệt đối không phơi trực tiếp dưới ánh nắng gắt hoặc dùng máy sấy nhiệt độ cao.</li>
            <li>Nên nhét thêm giấy báo hoặc cục hút ẩm vào bên trong giày khi không sử dụng để giữ form và khử mùi.</li>
        </ul>
        <h3>Tại sao nên chọn mua tại Axeron Sport?</h3>
        <p>Với phương châm mang đến những sản phẩm thể thao chất lượng cao và dẫn đầu xu hướng, Axeron Sport cam kết 100% sản phẩm <strong>Giày Pickleball Axeron Pro V2-D06C</strong> đều được kiểm định chất lượng chặt chẽ trước khi trao đến tay khách hàng. Đội ngũ tư vấn viên nhiệt tình của chúng tôi luôn sẵn sàng hỗ trợ để bạn có thể chọn lựa được sản phẩm ưng ý nhất. Nâng tầm hiệu suất tập luyện ngay hôm nay!</p>
    ",Axeron,"Giày Pickleball"
60,"Giày Pickleball Axeron Pro V3-0BD7","<h3>Tổng quan chi tiết về <strong>Giày Pickleball Axeron Pro V3-0BD7</strong></h3>
<p>Sản phẩm Giày Pickleball Axeron Pro V3-0BD7 với thiết kế hiện đại, chất liệu bền bỉ mang đến trải nghiệm tập luyện thể thao tuyệt vời.</p>

        <p>Được thiết kế chuyên biệt để nâng niu từng bước chân, <strong>Giày Pickleball Axeron Pro V3-0BD7</strong> là người bạn đồng hành không thể thiếu cho những tín đồ đam mê vận động. Với kiểu dáng thể thao hiện đại, sản phẩm không chỉ mang lại hiệu suất cao trên sân tập mà còn rất phong cách khi dạo phố.</p>
        
        <h4>1. Cấu tạo và Công nghệ nổi bật</h4>
        <ul>
            <li><strong>Chất liệu bề mặt cao cấp:</strong> Thân giày được làm từ vật liệu siêu nhẹ và thoáng khí, giúp đôi chân luôn khô ráo dù hoạt động ở cường độ cao.</li>
            <li><strong>Bộ đệm êm ái, trợ lực tốt:</strong> Đế giữa hấp thụ lực va đập cực tốt, phản hồi năng lượng mạnh mẽ giúp giảm thiểu chấn thương cơ xương khớp.</li>
            <li><strong>Đế ngoài chống trượt:</strong> Thiết kế mặt đế bám đường vượt trội, tăng độ ma sát và an toàn trên nhiều địa hình khác nhau.</li>
        </ul>

        <h4>2. Hướng dẫn vệ sinh và bảo quản</h4>
        <ul>
            <li>Không giặt giày bằng máy giặt để tránh làm biến dạng form dáng và hỏng lớp keo dán.</li>
            <li>Sử dụng bàn chải lông mềm và dung dịch vệ sinh chuyên dụng để làm sạch các vết bẩn.</li>
            <li>Sau khi giặt, phơi giày ở nơi khô ráo, bóng râm. Tuyệt đối không phơi trực tiếp dưới ánh nắng gắt hoặc dùng máy sấy nhiệt độ cao.</li>
            <li>Nên nhét thêm giấy báo hoặc cục hút ẩm vào bên trong giày khi không sử dụng để giữ form và khử mùi.</li>
        </ul>
        <h3>Tại sao nên chọn mua tại Axeron Sport?</h3>
        <p>Với phương châm mang đến những sản phẩm thể thao chất lượng cao và dẫn đầu xu hướng, Axeron Sport cam kết 100% sản phẩm <strong>Giày Pickleball Axeron Pro V3-0BD7</strong> đều được kiểm định chất lượng chặt chẽ trước khi trao đến tay khách hàng. Đội ngũ tư vấn viên nhiệt tình của chúng tôi luôn sẵn sàng hỗ trợ để bạn có thể chọn lựa được sản phẩm ưng ý nhất. Nâng tầm hiệu suất tập luyện ngay hôm nay!</p>
    ",Axeron,"Giày Pickleball"
61,"Giày Pickleball Axeron Pro V4-0A99","<h3>Tổng quan chi tiết về <strong>Giày Pickleball Axeron Pro V4-0A99</strong></h3>
<p>Sản phẩm Giày Pickleball Axeron Pro V4-0A99 với thiết kế hiện đại, chất liệu bền bỉ mang đến trải nghiệm tập luyện thể thao tuyệt vời.</p>

        <p>Được thiết kế chuyên biệt để nâng niu từng bước chân, <strong>Giày Pickleball Axeron Pro V4-0A99</strong> là người bạn đồng hành không thể thiếu cho những tín đồ đam mê vận động. Với kiểu dáng thể thao hiện đại, sản phẩm không chỉ mang lại hiệu suất cao trên sân tập mà còn rất phong cách khi dạo phố.</p>
        
        <h4>1. Cấu tạo và Công nghệ nổi bật</h4>
        <ul>
            <li><strong>Chất liệu bề mặt cao cấp:</strong> Thân giày được làm từ vật liệu siêu nhẹ và thoáng khí, giúp đôi chân luôn khô ráo dù hoạt động ở cường độ cao.</li>
            <li><strong>Bộ đệm êm ái, trợ lực tốt:</strong> Đế giữa hấp thụ lực va đập cực tốt, phản hồi năng lượng mạnh mẽ giúp giảm thiểu chấn thương cơ xương khớp.</li>
            <li><strong>Đế ngoài chống trượt:</strong> Thiết kế mặt đế bám đường vượt trội, tăng độ ma sát và an toàn trên nhiều địa hình khác nhau.</li>
        </ul>

        <h4>2. Hướng dẫn vệ sinh và bảo quản</h4>
        <ul>
            <li>Không giặt giày bằng máy giặt để tránh làm biến dạng form dáng và hỏng lớp keo dán.</li>
            <li>Sử dụng bàn chải lông mềm và dung dịch vệ sinh chuyên dụng để làm sạch các vết bẩn.</li>
            <li>Sau khi giặt, phơi giày ở nơi khô ráo, bóng râm. Tuyệt đối không phơi trực tiếp dưới ánh nắng gắt hoặc dùng máy sấy nhiệt độ cao.</li>
            <li>Nên nhét thêm giấy báo hoặc cục hút ẩm vào bên trong giày khi không sử dụng để giữ form và khử mùi.</li>
        </ul>
        <h3>Tại sao nên chọn mua tại Axeron Sport?</h3>
        <p>Với phương châm mang đến những sản phẩm thể thao chất lượng cao và dẫn đầu xu hướng, Axeron Sport cam kết 100% sản phẩm <strong>Giày Pickleball Axeron Pro V4-0A99</strong> đều được kiểm định chất lượng chặt chẽ trước khi trao đến tay khách hàng. Đội ngũ tư vấn viên nhiệt tình của chúng tôi luôn sẵn sàng hỗ trợ để bạn có thể chọn lựa được sản phẩm ưng ý nhất. Nâng tầm hiệu suất tập luyện ngay hôm nay!</p>
    ",Axeron,"Giày Pickleball"
62,"Giày Pickleball Axeron Pro V5-F316","<h3>Tổng quan chi tiết về <strong>Giày Pickleball Axeron Pro V5-F316</strong></h3>
<p>Sản phẩm Giày Pickleball Axeron Pro V5-F316 với thiết kế hiện đại, chất liệu bền bỉ mang đến trải nghiệm tập luyện thể thao tuyệt vời.</p>

        <p>Được thiết kế chuyên biệt để nâng niu từng bước chân, <strong>Giày Pickleball Axeron Pro V5-F316</strong> là người bạn đồng hành không thể thiếu cho những tín đồ đam mê vận động. Với kiểu dáng thể thao hiện đại, sản phẩm không chỉ mang lại hiệu suất cao trên sân tập mà còn rất phong cách khi dạo phố.</p>
        
        <h4>1. Cấu tạo và Công nghệ nổi bật</h4>
        <ul>
            <li><strong>Chất liệu bề mặt cao cấp:</strong> Thân giày được làm từ vật liệu siêu nhẹ và thoáng khí, giúp đôi chân luôn khô ráo dù hoạt động ở cường độ cao.</li>
            <li><strong>Bộ đệm êm ái, trợ lực tốt:</strong> Đế giữa hấp thụ lực va đập cực tốt, phản hồi năng lượng mạnh mẽ giúp giảm thiểu chấn thương cơ xương khớp.</li>
            <li><strong>Đế ngoài chống trượt:</strong> Thiết kế mặt đế bám đường vượt trội, tăng độ ma sát và an toàn trên nhiều địa hình khác nhau.</li>
        </ul>

        <h4>2. Hướng dẫn vệ sinh và bảo quản</h4>
        <ul>
            <li>Không giặt giày bằng máy giặt để tránh làm biến dạng form dáng và hỏng lớp keo dán.</li>
            <li>Sử dụng bàn chải lông mềm và dung dịch vệ sinh chuyên dụng để làm sạch các vết bẩn.</li>
            <li>Sau khi giặt, phơi giày ở nơi khô ráo, bóng râm. Tuyệt đối không phơi trực tiếp dưới ánh nắng gắt hoặc dùng máy sấy nhiệt độ cao.</li>
            <li>Nên nhét thêm giấy báo hoặc cục hút ẩm vào bên trong giày khi không sử dụng để giữ form và khử mùi.</li>
        </ul>
        <h3>Tại sao nên chọn mua tại Axeron Sport?</h3>
        <p>Với phương châm mang đến những sản phẩm thể thao chất lượng cao và dẫn đầu xu hướng, Axeron Sport cam kết 100% sản phẩm <strong>Giày Pickleball Axeron Pro V5-F316</strong> đều được kiểm định chất lượng chặt chẽ trước khi trao đến tay khách hàng. Đội ngũ tư vấn viên nhiệt tình của chúng tôi luôn sẵn sàng hỗ trợ để bạn có thể chọn lựa được sản phẩm ưng ý nhất. Nâng tầm hiệu suất tập luyện ngay hôm nay!</p>
    ",Axeron,"Giày Pickleball"
63,"Giày Pickleball Axeron Pro V6-CD61","<h3>Tổng quan chi tiết về <strong>Giày Pickleball Axeron Pro V6-CD61</strong></h3>
<p>Sản phẩm Giày Pickleball Axeron Pro V6-CD61 với thiết kế hiện đại, chất liệu bền bỉ mang đến trải nghiệm tập luyện thể thao tuyệt vời.</p>

        <p>Được thiết kế chuyên biệt để nâng niu từng bước chân, <strong>Giày Pickleball Axeron Pro V6-CD61</strong> là người bạn đồng hành không thể thiếu cho những tín đồ đam mê vận động. Với kiểu dáng thể thao hiện đại, sản phẩm không chỉ mang lại hiệu suất cao trên sân tập mà còn rất phong cách khi dạo phố.</p>
        
        <h4>1. Cấu tạo và Công nghệ nổi bật</h4>
        <ul>
            <li><strong>Chất liệu bề mặt cao cấp:</strong> Thân giày được làm từ vật liệu siêu nhẹ và thoáng khí, giúp đôi chân luôn khô ráo dù hoạt động ở cường độ cao.</li>
            <li><strong>Bộ đệm êm ái, trợ lực tốt:</strong> Đế giữa hấp thụ lực va đập cực tốt, phản hồi năng lượng mạnh mẽ giúp giảm thiểu chấn thương cơ xương khớp.</li>
            <li><strong>Đế ngoài chống trượt:</strong> Thiết kế mặt đế bám đường vượt trội, tăng độ ma sát và an toàn trên nhiều địa hình khác nhau.</li>
        </ul>

        <h4>2. Hướng dẫn vệ sinh và bảo quản</h4>
        <ul>
            <li>Không giặt giày bằng máy giặt để tránh làm biến dạng form dáng và hỏng lớp keo dán.</li>
            <li>Sử dụng bàn chải lông mềm và dung dịch vệ sinh chuyên dụng để làm sạch các vết bẩn.</li>
            <li>Sau khi giặt, phơi giày ở nơi khô ráo, bóng râm. Tuyệt đối không phơi trực tiếp dưới ánh nắng gắt hoặc dùng máy sấy nhiệt độ cao.</li>
            <li>Nên nhét thêm giấy báo hoặc cục hút ẩm vào bên trong giày khi không sử dụng để giữ form và khử mùi.</li>
        </ul>
        <h3>Tại sao nên chọn mua tại Axeron Sport?</h3>
        <p>Với phương châm mang đến những sản phẩm thể thao chất lượng cao và dẫn đầu xu hướng, Axeron Sport cam kết 100% sản phẩm <strong>Giày Pickleball Axeron Pro V6-CD61</strong> đều được kiểm định chất lượng chặt chẽ trước khi trao đến tay khách hàng. Đội ngũ tư vấn viên nhiệt tình của chúng tôi luôn sẵn sàng hỗ trợ để bạn có thể chọn lựa được sản phẩm ưng ý nhất. Nâng tầm hiệu suất tập luyện ngay hôm nay!</p>
    ",Axeron,"Giày Pickleball"
64,"Giày Pickleball Axeron Pro V7-076E","<h3>Tổng quan chi tiết về <strong>Giày Pickleball Axeron Pro V7-076E</strong></h3>
<p>Sản phẩm Giày Pickleball Axeron Pro V7-076E với thiết kế hiện đại, chất liệu bền bỉ mang đến trải nghiệm tập luyện thể thao tuyệt vời.</p>

        <p>Được thiết kế chuyên biệt để nâng niu từng bước chân, <strong>Giày Pickleball Axeron Pro V7-076E</strong> là người bạn đồng hành không thể thiếu cho những tín đồ đam mê vận động. Với kiểu dáng thể thao hiện đại, sản phẩm không chỉ mang lại hiệu suất cao trên sân tập mà còn rất phong cách khi dạo phố.</p>
        
        <h4>1. Cấu tạo và Công nghệ nổi bật</h4>
        <ul>
            <li><strong>Chất liệu bề mặt cao cấp:</strong> Thân giày được làm từ vật liệu siêu nhẹ và thoáng khí, giúp đôi chân luôn khô ráo dù hoạt động ở cường độ cao.</li>
            <li><strong>Bộ đệm êm ái, trợ lực tốt:</strong> Đế giữa hấp thụ lực va đập cực tốt, phản hồi năng lượng mạnh mẽ giúp giảm thiểu chấn thương cơ xương khớp.</li>
            <li><strong>Đế ngoài chống trượt:</strong> Thiết kế mặt đế bám đường vượt trội, tăng độ ma sát và an toàn trên nhiều địa hình khác nhau.</li>
        </ul>

        <h4>2. Hướng dẫn vệ sinh và bảo quản</h4>
        <ul>
            <li>Không giặt giày bằng máy giặt để tránh làm biến dạng form dáng và hỏng lớp keo dán.</li>
            <li>Sử dụng bàn chải lông mềm và dung dịch vệ sinh chuyên dụng để làm sạch các vết bẩn.</li>
            <li>Sau khi giặt, phơi giày ở nơi khô ráo, bóng râm. Tuyệt đối không phơi trực tiếp dưới ánh nắng gắt hoặc dùng máy sấy nhiệt độ cao.</li>
            <li>Nên nhét thêm giấy báo hoặc cục hút ẩm vào bên trong giày khi không sử dụng để giữ form và khử mùi.</li>
        </ul>
        <h3>Tại sao nên chọn mua tại Axeron Sport?</h3>
        <p>Với phương châm mang đến những sản phẩm thể thao chất lượng cao và dẫn đầu xu hướng, Axeron Sport cam kết 100% sản phẩm <strong>Giày Pickleball Axeron Pro V7-076E</strong> đều được kiểm định chất lượng chặt chẽ trước khi trao đến tay khách hàng. Đội ngũ tư vấn viên nhiệt tình của chúng tôi luôn sẵn sàng hỗ trợ để bạn có thể chọn lựa được sản phẩm ưng ý nhất. Nâng tầm hiệu suất tập luyện ngay hôm nay!</p>
    ",Axeron,"Giày Pickleball"
65,"Giày Pickleball Axeron Pro V8-972E","<h3>Tổng quan chi tiết về <strong>Giày Pickleball Axeron Pro V8-972E</strong></h3>
<p>Sản phẩm Giày Pickleball Axeron Pro V8-972E với thiết kế hiện đại, chất liệu bền bỉ mang đến trải nghiệm tập luyện thể thao tuyệt vời.</p>

        <p>Được thiết kế chuyên biệt để nâng niu từng bước chân, <strong>Giày Pickleball Axeron Pro V8-972E</strong> là người bạn đồng hành không thể thiếu cho những tín đồ đam mê vận động. Với kiểu dáng thể thao hiện đại, sản phẩm không chỉ mang lại hiệu suất cao trên sân tập mà còn rất phong cách khi dạo phố.</p>
        
        <h4>1. Cấu tạo và Công nghệ nổi bật</h4>
        <ul>
            <li><strong>Chất liệu bề mặt cao cấp:</strong> Thân giày được làm từ vật liệu siêu nhẹ và thoáng khí, giúp đôi chân luôn khô ráo dù hoạt động ở cường độ cao.</li>
            <li><strong>Bộ đệm êm ái, trợ lực tốt:</strong> Đế giữa hấp thụ lực va đập cực tốt, phản hồi năng lượng mạnh mẽ giúp giảm thiểu chấn thương cơ xương khớp.</li>
            <li><strong>Đế ngoài chống trượt:</strong> Thiết kế mặt đế bám đường vượt trội, tăng độ ma sát và an toàn trên nhiều địa hình khác nhau.</li>
        </ul>

        <h4>2. Hướng dẫn vệ sinh và bảo quản</h4>
        <ul>
            <li>Không giặt giày bằng máy giặt để tránh làm biến dạng form dáng và hỏng lớp keo dán.</li>
            <li>Sử dụng bàn chải lông mềm và dung dịch vệ sinh chuyên dụng để làm sạch các vết bẩn.</li>
            <li>Sau khi giặt, phơi giày ở nơi khô ráo, bóng râm. Tuyệt đối không phơi trực tiếp dưới ánh nắng gắt hoặc dùng máy sấy nhiệt độ cao.</li>
            <li>Nên nhét thêm giấy báo hoặc cục hút ẩm vào bên trong giày khi không sử dụng để giữ form và khử mùi.</li>
        </ul>
        <h3>Tại sao nên chọn mua tại Axeron Sport?</h3>
        <p>Với phương châm mang đến những sản phẩm thể thao chất lượng cao và dẫn đầu xu hướng, Axeron Sport cam kết 100% sản phẩm <strong>Giày Pickleball Axeron Pro V8-972E</strong> đều được kiểm định chất lượng chặt chẽ trước khi trao đến tay khách hàng. Đội ngũ tư vấn viên nhiệt tình của chúng tôi luôn sẵn sàng hỗ trợ để bạn có thể chọn lựa được sản phẩm ưng ý nhất. Nâng tầm hiệu suất tập luyện ngay hôm nay!</p>
    ",Axeron,"Giày Pickleball"
66,"Giày Pickleball Axeron Pro V9-CBAB","<h3>Tổng quan chi tiết về <strong>Giày Pickleball Axeron Pro V9-CBAB</strong></h3>
<p>Sản phẩm Giày Pickleball Axeron Pro V9-CBAB với thiết kế hiện đại, chất liệu bền bỉ mang đến trải nghiệm tập luyện thể thao tuyệt vời.</p>

        <p>Được thiết kế chuyên biệt để nâng niu từng bước chân, <strong>Giày Pickleball Axeron Pro V9-CBAB</strong> là người bạn đồng hành không thể thiếu cho những tín đồ đam mê vận động. Với kiểu dáng thể thao hiện đại, sản phẩm không chỉ mang lại hiệu suất cao trên sân tập mà còn rất phong cách khi dạo phố.</p>
        
        <h4>1. Cấu tạo và Công nghệ nổi bật</h4>
        <ul>
            <li><strong>Chất liệu bề mặt cao cấp:</strong> Thân giày được làm từ vật liệu siêu nhẹ và thoáng khí, giúp đôi chân luôn khô ráo dù hoạt động ở cường độ cao.</li>
            <li><strong>Bộ đệm êm ái, trợ lực tốt:</strong> Đế giữa hấp thụ lực va đập cực tốt, phản hồi năng lượng mạnh mẽ giúp giảm thiểu chấn thương cơ xương khớp.</li>
            <li><strong>Đế ngoài chống trượt:</strong> Thiết kế mặt đế bám đường vượt trội, tăng độ ma sát và an toàn trên nhiều địa hình khác nhau.</li>
        </ul>

        <h4>2. Hướng dẫn vệ sinh và bảo quản</h4>
        <ul>
            <li>Không giặt giày bằng máy giặt để tránh làm biến dạng form dáng và hỏng lớp keo dán.</li>
            <li>Sử dụng bàn chải lông mềm và dung dịch vệ sinh chuyên dụng để làm sạch các vết bẩn.</li>
            <li>Sau khi giặt, phơi giày ở nơi khô ráo, bóng râm. Tuyệt đối không phơi trực tiếp dưới ánh nắng gắt hoặc dùng máy sấy nhiệt độ cao.</li>
            <li>Nên nhét thêm giấy báo hoặc cục hút ẩm vào bên trong giày khi không sử dụng để giữ form và khử mùi.</li>
        </ul>
        <h3>Tại sao nên chọn mua tại Axeron Sport?</h3>
        <p>Với phương châm mang đến những sản phẩm thể thao chất lượng cao và dẫn đầu xu hướng, Axeron Sport cam kết 100% sản phẩm <strong>Giày Pickleball Axeron Pro V9-CBAB</strong> đều được kiểm định chất lượng chặt chẽ trước khi trao đến tay khách hàng. Đội ngũ tư vấn viên nhiệt tình của chúng tôi luôn sẵn sàng hỗ trợ để bạn có thể chọn lựa được sản phẩm ưng ý nhất. Nâng tầm hiệu suất tập luyện ngay hôm nay!</p>
    ",Axeron,"Giày Pickleball"
67,"Giày Pickleball Axeron Pro V10-77AD","<h3>Tổng quan chi tiết về <strong>Giày Pickleball Axeron Pro V10-77AD</strong></h3>
<p>Sản phẩm Giày Pickleball Axeron Pro V10-77AD với thiết kế hiện đại, chất liệu bền bỉ mang đến trải nghiệm tập luyện thể thao tuyệt vời.</p>

        <p>Được thiết kế chuyên biệt để nâng niu từng bước chân, <strong>Giày Pickleball Axeron Pro V10-77AD</strong> là người bạn đồng hành không thể thiếu cho những tín đồ đam mê vận động. Với kiểu dáng thể thao hiện đại, sản phẩm không chỉ mang lại hiệu suất cao trên sân tập mà còn rất phong cách khi dạo phố.</p>
        
        <h4>1. Cấu tạo và Công nghệ nổi bật</h4>
        <ul>
            <li><strong>Chất liệu bề mặt cao cấp:</strong> Thân giày được làm từ vật liệu siêu nhẹ và thoáng khí, giúp đôi chân luôn khô ráo dù hoạt động ở cường độ cao.</li>
            <li><strong>Bộ đệm êm ái, trợ lực tốt:</strong> Đế giữa hấp thụ lực va đập cực tốt, phản hồi năng lượng mạnh mẽ giúp giảm thiểu chấn thương cơ xương khớp.</li>
            <li><strong>Đế ngoài chống trượt:</strong> Thiết kế mặt đế bám đường vượt trội, tăng độ ma sát và an toàn trên nhiều địa hình khác nhau.</li>
        </ul>

        <h4>2. Hướng dẫn vệ sinh và bảo quản</h4>
        <ul>
            <li>Không giặt giày bằng máy giặt để tránh làm biến dạng form dáng và hỏng lớp keo dán.</li>
            <li>Sử dụng bàn chải lông mềm và dung dịch vệ sinh chuyên dụng để làm sạch các vết bẩn.</li>
            <li>Sau khi giặt, phơi giày ở nơi khô ráo, bóng râm. Tuyệt đối không phơi trực tiếp dưới ánh nắng gắt hoặc dùng máy sấy nhiệt độ cao.</li>
            <li>Nên nhét thêm giấy báo hoặc cục hút ẩm vào bên trong giày khi không sử dụng để giữ form và khử mùi.</li>
        </ul>
        <h3>Tại sao nên chọn mua tại Axeron Sport?</h3>
        <p>Với phương châm mang đến những sản phẩm thể thao chất lượng cao và dẫn đầu xu hướng, Axeron Sport cam kết 100% sản phẩm <strong>Giày Pickleball Axeron Pro V10-77AD</strong> đều được kiểm định chất lượng chặt chẽ trước khi trao đến tay khách hàng. Đội ngũ tư vấn viên nhiệt tình của chúng tôi luôn sẵn sàng hỗ trợ để bạn có thể chọn lựa được sản phẩm ưng ý nhất. Nâng tầm hiệu suất tập luyện ngay hôm nay!</p>
    ",Axeron,"Giày Pickleball"
68,"Giày Bóng Đá Axeron V1-FF6F","<h3>Tổng quan chi tiết về <strong>Giày Bóng Đá Axeron V1-FF6F</strong></h3>
<p>Sản phẩm Giày Bóng Đá Axeron V1-FF6F với thiết kế hiện đại, chất liệu bền bỉ mang đến trải nghiệm tập luyện thể thao tuyệt vời.</p>

        <p>Được thiết kế chuyên biệt để nâng niu từng bước chân, <strong>Giày Bóng Đá Axeron V1-FF6F</strong> là người bạn đồng hành không thể thiếu cho những tín đồ đam mê vận động. Với kiểu dáng thể thao hiện đại, sản phẩm không chỉ mang lại hiệu suất cao trên sân tập mà còn rất phong cách khi dạo phố.</p>
        
        <h4>1. Cấu tạo và Công nghệ nổi bật</h4>
        <ul>
            <li><strong>Chất liệu bề mặt cao cấp:</strong> Thân giày được làm từ vật liệu siêu nhẹ và thoáng khí, giúp đôi chân luôn khô ráo dù hoạt động ở cường độ cao.</li>
            <li><strong>Bộ đệm êm ái, trợ lực tốt:</strong> Đế giữa hấp thụ lực va đập cực tốt, phản hồi năng lượng mạnh mẽ giúp giảm thiểu chấn thương cơ xương khớp.</li>
            <li><strong>Đế ngoài chống trượt:</strong> Thiết kế mặt đế bám đường vượt trội, tăng độ ma sát và an toàn trên nhiều địa hình khác nhau.</li>
        </ul>

        <h4>2. Hướng dẫn vệ sinh và bảo quản</h4>
        <ul>
            <li>Không giặt giày bằng máy giặt để tránh làm biến dạng form dáng và hỏng lớp keo dán.</li>
            <li>Sử dụng bàn chải lông mềm và dung dịch vệ sinh chuyên dụng để làm sạch các vết bẩn.</li>
            <li>Sau khi giặt, phơi giày ở nơi khô ráo, bóng râm. Tuyệt đối không phơi trực tiếp dưới ánh nắng gắt hoặc dùng máy sấy nhiệt độ cao.</li>
            <li>Nên nhét thêm giấy báo hoặc cục hút ẩm vào bên trong giày khi không sử dụng để giữ form và khử mùi.</li>
        </ul>
        <h3>Tại sao nên chọn mua tại Axeron Sport?</h3>
        <p>Với phương châm mang đến những sản phẩm thể thao chất lượng cao và dẫn đầu xu hướng, Axeron Sport cam kết 100% sản phẩm <strong>Giày Bóng Đá Axeron V1-FF6F</strong> đều được kiểm định chất lượng chặt chẽ trước khi trao đến tay khách hàng. Đội ngũ tư vấn viên nhiệt tình của chúng tôi luôn sẵn sàng hỗ trợ để bạn có thể chọn lựa được sản phẩm ưng ý nhất. Nâng tầm hiệu suất tập luyện ngay hôm nay!</p>
    ",Axeron,"Giày Đá Bóng"
69,"Giày Bóng Đá Axeron V2-0429","<h3>Tổng quan chi tiết về <strong>Giày Bóng Đá Axeron V2-0429</strong></h3>
<p>Sản phẩm Giày Bóng Đá Axeron V2-0429 với thiết kế hiện đại, chất liệu bền bỉ mang đến trải nghiệm tập luyện thể thao tuyệt vời.</p>

        <p>Được thiết kế chuyên biệt để nâng niu từng bước chân, <strong>Giày Bóng Đá Axeron V2-0429</strong> là người bạn đồng hành không thể thiếu cho những tín đồ đam mê vận động. Với kiểu dáng thể thao hiện đại, sản phẩm không chỉ mang lại hiệu suất cao trên sân tập mà còn rất phong cách khi dạo phố.</p>
        
        <h4>1. Cấu tạo và Công nghệ nổi bật</h4>
        <ul>
            <li><strong>Chất liệu bề mặt cao cấp:</strong> Thân giày được làm từ vật liệu siêu nhẹ và thoáng khí, giúp đôi chân luôn khô ráo dù hoạt động ở cường độ cao.</li>
            <li><strong>Bộ đệm êm ái, trợ lực tốt:</strong> Đế giữa hấp thụ lực va đập cực tốt, phản hồi năng lượng mạnh mẽ giúp giảm thiểu chấn thương cơ xương khớp.</li>
            <li><strong>Đế ngoài chống trượt:</strong> Thiết kế mặt đế bám đường vượt trội, tăng độ ma sát và an toàn trên nhiều địa hình khác nhau.</li>
        </ul>

        <h4>2. Hướng dẫn vệ sinh và bảo quản</h4>
        <ul>
            <li>Không giặt giày bằng máy giặt để tránh làm biến dạng form dáng và hỏng lớp keo dán.</li>
            <li>Sử dụng bàn chải lông mềm và dung dịch vệ sinh chuyên dụng để làm sạch các vết bẩn.</li>
            <li>Sau khi giặt, phơi giày ở nơi khô ráo, bóng râm. Tuyệt đối không phơi trực tiếp dưới ánh nắng gắt hoặc dùng máy sấy nhiệt độ cao.</li>
            <li>Nên nhét thêm giấy báo hoặc cục hút ẩm vào bên trong giày khi không sử dụng để giữ form và khử mùi.</li>
        </ul>
        <h3>Tại sao nên chọn mua tại Axeron Sport?</h3>
        <p>Với phương châm mang đến những sản phẩm thể thao chất lượng cao và dẫn đầu xu hướng, Axeron Sport cam kết 100% sản phẩm <strong>Giày Bóng Đá Axeron V2-0429</strong> đều được kiểm định chất lượng chặt chẽ trước khi trao đến tay khách hàng. Đội ngũ tư vấn viên nhiệt tình của chúng tôi luôn sẵn sàng hỗ trợ để bạn có thể chọn lựa được sản phẩm ưng ý nhất. Nâng tầm hiệu suất tập luyện ngay hôm nay!</p>
    ",Axeron,"Giày Đá Bóng"
70,"Giày Bóng Đá Axeron V3-8DBF","<h3>Tổng quan chi tiết về <strong>Giày Bóng Đá Axeron V3-8DBF</strong></h3>
<p>Sản phẩm Giày Bóng Đá Axeron V3-8DBF với thiết kế hiện đại, chất liệu bền bỉ mang đến trải nghiệm tập luyện thể thao tuyệt vời.</p>

        <p>Được thiết kế chuyên biệt để nâng niu từng bước chân, <strong>Giày Bóng Đá Axeron V3-8DBF</strong> là người bạn đồng hành không thể thiếu cho những tín đồ đam mê vận động. Với kiểu dáng thể thao hiện đại, sản phẩm không chỉ mang lại hiệu suất cao trên sân tập mà còn rất phong cách khi dạo phố.</p>
        
        <h4>1. Cấu tạo và Công nghệ nổi bật</h4>
        <ul>
            <li><strong>Chất liệu bề mặt cao cấp:</strong> Thân giày được làm từ vật liệu siêu nhẹ và thoáng khí, giúp đôi chân luôn khô ráo dù hoạt động ở cường độ cao.</li>
            <li><strong>Bộ đệm êm ái, trợ lực tốt:</strong> Đế giữa hấp thụ lực va đập cực tốt, phản hồi năng lượng mạnh mẽ giúp giảm thiểu chấn thương cơ xương khớp.</li>
            <li><strong>Đế ngoài chống trượt:</strong> Thiết kế mặt đế bám đường vượt trội, tăng độ ma sát và an toàn trên nhiều địa hình khác nhau.</li>
        </ul>

        <h4>2. Hướng dẫn vệ sinh và bảo quản</h4>
        <ul>
            <li>Không giặt giày bằng máy giặt để tránh làm biến dạng form dáng và hỏng lớp keo dán.</li>
            <li>Sử dụng bàn chải lông mềm và dung dịch vệ sinh chuyên dụng để làm sạch các vết bẩn.</li>
            <li>Sau khi giặt, phơi giày ở nơi khô ráo, bóng râm. Tuyệt đối không phơi trực tiếp dưới ánh nắng gắt hoặc dùng máy sấy nhiệt độ cao.</li>
            <li>Nên nhét thêm giấy báo hoặc cục hút ẩm vào bên trong giày khi không sử dụng để giữ form và khử mùi.</li>
        </ul>
        <h3>Tại sao nên chọn mua tại Axeron Sport?</h3>
        <p>Với phương châm mang đến những sản phẩm thể thao chất lượng cao và dẫn đầu xu hướng, Axeron Sport cam kết 100% sản phẩm <strong>Giày Bóng Đá Axeron V3-8DBF</strong> đều được kiểm định chất lượng chặt chẽ trước khi trao đến tay khách hàng. Đội ngũ tư vấn viên nhiệt tình của chúng tôi luôn sẵn sàng hỗ trợ để bạn có thể chọn lựa được sản phẩm ưng ý nhất. Nâng tầm hiệu suất tập luyện ngay hôm nay!</p>
    ",Axeron,"Giày Đá Bóng"
71,"Giày Bóng Đá Axeron V4-7620","<h3>Tổng quan chi tiết về <strong>Giày Bóng Đá Axeron V4-7620</strong></h3>
<p>Sản phẩm Giày Bóng Đá Axeron V4-7620 với thiết kế hiện đại, chất liệu bền bỉ mang đến trải nghiệm tập luyện thể thao tuyệt vời.</p>

        <p>Được thiết kế chuyên biệt để nâng niu từng bước chân, <strong>Giày Bóng Đá Axeron V4-7620</strong> là người bạn đồng hành không thể thiếu cho những tín đồ đam mê vận động. Với kiểu dáng thể thao hiện đại, sản phẩm không chỉ mang lại hiệu suất cao trên sân tập mà còn rất phong cách khi dạo phố.</p>
        
        <h4>1. Cấu tạo và Công nghệ nổi bật</h4>
        <ul>
            <li><strong>Chất liệu bề mặt cao cấp:</strong> Thân giày được làm từ vật liệu siêu nhẹ và thoáng khí, giúp đôi chân luôn khô ráo dù hoạt động ở cường độ cao.</li>
            <li><strong>Bộ đệm êm ái, trợ lực tốt:</strong> Đế giữa hấp thụ lực va đập cực tốt, phản hồi năng lượng mạnh mẽ giúp giảm thiểu chấn thương cơ xương khớp.</li>
            <li><strong>Đế ngoài chống trượt:</strong> Thiết kế mặt đế bám đường vượt trội, tăng độ ma sát và an toàn trên nhiều địa hình khác nhau.</li>
        </ul>

        <h4>2. Hướng dẫn vệ sinh và bảo quản</h4>
        <ul>
            <li>Không giặt giày bằng máy giặt để tránh làm biến dạng form dáng và hỏng lớp keo dán.</li>
            <li>Sử dụng bàn chải lông mềm và dung dịch vệ sinh chuyên dụng để làm sạch các vết bẩn.</li>
            <li>Sau khi giặt, phơi giày ở nơi khô ráo, bóng râm. Tuyệt đối không phơi trực tiếp dưới ánh nắng gắt hoặc dùng máy sấy nhiệt độ cao.</li>
            <li>Nên nhét thêm giấy báo hoặc cục hút ẩm vào bên trong giày khi không sử dụng để giữ form và khử mùi.</li>
        </ul>
        <h3>Tại sao nên chọn mua tại Axeron Sport?</h3>
        <p>Với phương châm mang đến những sản phẩm thể thao chất lượng cao và dẫn đầu xu hướng, Axeron Sport cam kết 100% sản phẩm <strong>Giày Bóng Đá Axeron V4-7620</strong> đều được kiểm định chất lượng chặt chẽ trước khi trao đến tay khách hàng. Đội ngũ tư vấn viên nhiệt tình của chúng tôi luôn sẵn sàng hỗ trợ để bạn có thể chọn lựa được sản phẩm ưng ý nhất. Nâng tầm hiệu suất tập luyện ngay hôm nay!</p>
    ",Axeron,"Giày Đá Bóng"
72,"Giày Bóng Đá Axeron V5-C9CD","<h3>Tổng quan chi tiết về <strong>Giày Bóng Đá Axeron V5-C9CD</strong></h3>
<p>Sản phẩm Giày Bóng Đá Axeron V5-C9CD với thiết kế hiện đại, chất liệu bền bỉ mang đến trải nghiệm tập luyện thể thao tuyệt vời.</p>

        <p>Được thiết kế chuyên biệt để nâng niu từng bước chân, <strong>Giày Bóng Đá Axeron V5-C9CD</strong> là người bạn đồng hành không thể thiếu cho những tín đồ đam mê vận động. Với kiểu dáng thể thao hiện đại, sản phẩm không chỉ mang lại hiệu suất cao trên sân tập mà còn rất phong cách khi dạo phố.</p>
        
        <h4>1. Cấu tạo và Công nghệ nổi bật</h4>
        <ul>
            <li><strong>Chất liệu bề mặt cao cấp:</strong> Thân giày được làm từ vật liệu siêu nhẹ và thoáng khí, giúp đôi chân luôn khô ráo dù hoạt động ở cường độ cao.</li>
            <li><strong>Bộ đệm êm ái, trợ lực tốt:</strong> Đế giữa hấp thụ lực va đập cực tốt, phản hồi năng lượng mạnh mẽ giúp giảm thiểu chấn thương cơ xương khớp.</li>
            <li><strong>Đế ngoài chống trượt:</strong> Thiết kế mặt đế bám đường vượt trội, tăng độ ma sát và an toàn trên nhiều địa hình khác nhau.</li>
        </ul>

        <h4>2. Hướng dẫn vệ sinh và bảo quản</h4>
        <ul>
            <li>Không giặt giày bằng máy giặt để tránh làm biến dạng form dáng và hỏng lớp keo dán.</li>
            <li>Sử dụng bàn chải lông mềm và dung dịch vệ sinh chuyên dụng để làm sạch các vết bẩn.</li>
            <li>Sau khi giặt, phơi giày ở nơi khô ráo, bóng râm. Tuyệt đối không phơi trực tiếp dưới ánh nắng gắt hoặc dùng máy sấy nhiệt độ cao.</li>
            <li>Nên nhét thêm giấy báo hoặc cục hút ẩm vào bên trong giày khi không sử dụng để giữ form và khử mùi.</li>
        </ul>
        <h3>Tại sao nên chọn mua tại Axeron Sport?</h3>
        <p>Với phương châm mang đến những sản phẩm thể thao chất lượng cao và dẫn đầu xu hướng, Axeron Sport cam kết 100% sản phẩm <strong>Giày Bóng Đá Axeron V5-C9CD</strong> đều được kiểm định chất lượng chặt chẽ trước khi trao đến tay khách hàng. Đội ngũ tư vấn viên nhiệt tình của chúng tôi luôn sẵn sàng hỗ trợ để bạn có thể chọn lựa được sản phẩm ưng ý nhất. Nâng tầm hiệu suất tập luyện ngay hôm nay!</p>
    ",Axeron,"Giày Đá Bóng"
73,"Giày Cầu Lông Axeron Smash V1-5FD8","<h3>Tổng quan chi tiết về <strong>Giày Cầu Lông Axeron Smash V1-5FD8</strong></h3>
<p>Sản phẩm Giày Cầu Lông Axeron Smash V1-5FD8 với thiết kế hiện đại, chất liệu bền bỉ mang đến trải nghiệm tập luyện thể thao tuyệt vời.</p>

        <p>Được thiết kế chuyên biệt để nâng niu từng bước chân, <strong>Giày Cầu Lông Axeron Smash V1-5FD8</strong> là người bạn đồng hành không thể thiếu cho những tín đồ đam mê vận động. Với kiểu dáng thể thao hiện đại, sản phẩm không chỉ mang lại hiệu suất cao trên sân tập mà còn rất phong cách khi dạo phố.</p>
        
        <h4>1. Cấu tạo và Công nghệ nổi bật</h4>
        <ul>
            <li><strong>Chất liệu bề mặt cao cấp:</strong> Thân giày được làm từ vật liệu siêu nhẹ và thoáng khí, giúp đôi chân luôn khô ráo dù hoạt động ở cường độ cao.</li>
            <li><strong>Bộ đệm êm ái, trợ lực tốt:</strong> Đế giữa hấp thụ lực va đập cực tốt, phản hồi năng lượng mạnh mẽ giúp giảm thiểu chấn thương cơ xương khớp.</li>
            <li><strong>Đế ngoài chống trượt:</strong> Thiết kế mặt đế bám đường vượt trội, tăng độ ma sát và an toàn trên nhiều địa hình khác nhau.</li>
        </ul>

        <h4>2. Hướng dẫn vệ sinh và bảo quản</h4>
        <ul>
            <li>Không giặt giày bằng máy giặt để tránh làm biến dạng form dáng và hỏng lớp keo dán.</li>
            <li>Sử dụng bàn chải lông mềm và dung dịch vệ sinh chuyên dụng để làm sạch các vết bẩn.</li>
            <li>Sau khi giặt, phơi giày ở nơi khô ráo, bóng râm. Tuyệt đối không phơi trực tiếp dưới ánh nắng gắt hoặc dùng máy sấy nhiệt độ cao.</li>
            <li>Nên nhét thêm giấy báo hoặc cục hút ẩm vào bên trong giày khi không sử dụng để giữ form và khử mùi.</li>
        </ul>
        <h3>Tại sao nên chọn mua tại Axeron Sport?</h3>
        <p>Với phương châm mang đến những sản phẩm thể thao chất lượng cao và dẫn đầu xu hướng, Axeron Sport cam kết 100% sản phẩm <strong>Giày Cầu Lông Axeron Smash V1-5FD8</strong> đều được kiểm định chất lượng chặt chẽ trước khi trao đến tay khách hàng. Đội ngũ tư vấn viên nhiệt tình của chúng tôi luôn sẵn sàng hỗ trợ để bạn có thể chọn lựa được sản phẩm ưng ý nhất. Nâng tầm hiệu suất tập luyện ngay hôm nay!</p>
    ",Axeron,"Giày cầu lông"
74,"Giày Cầu Lông Axeron Smash V2-28A4","<h3>Tổng quan chi tiết về <strong>Giày Cầu Lông Axeron Smash V2-28A4</strong></h3>
<p>Sản phẩm Giày Cầu Lông Axeron Smash V2-28A4 với thiết kế hiện đại, chất liệu bền bỉ mang đến trải nghiệm tập luyện thể thao tuyệt vời.</p>

        <p>Được thiết kế chuyên biệt để nâng niu từng bước chân, <strong>Giày Cầu Lông Axeron Smash V2-28A4</strong> là người bạn đồng hành không thể thiếu cho những tín đồ đam mê vận động. Với kiểu dáng thể thao hiện đại, sản phẩm không chỉ mang lại hiệu suất cao trên sân tập mà còn rất phong cách khi dạo phố.</p>
        
        <h4>1. Cấu tạo và Công nghệ nổi bật</h4>
        <ul>
            <li><strong>Chất liệu bề mặt cao cấp:</strong> Thân giày được làm từ vật liệu siêu nhẹ và thoáng khí, giúp đôi chân luôn khô ráo dù hoạt động ở cường độ cao.</li>
            <li><strong>Bộ đệm êm ái, trợ lực tốt:</strong> Đế giữa hấp thụ lực va đập cực tốt, phản hồi năng lượng mạnh mẽ giúp giảm thiểu chấn thương cơ xương khớp.</li>
            <li><strong>Đế ngoài chống trượt:</strong> Thiết kế mặt đế bám đường vượt trội, tăng độ ma sát và an toàn trên nhiều địa hình khác nhau.</li>
        </ul>

        <h4>2. Hướng dẫn vệ sinh và bảo quản</h4>
        <ul>
            <li>Không giặt giày bằng máy giặt để tránh làm biến dạng form dáng và hỏng lớp keo dán.</li>
            <li>Sử dụng bàn chải lông mềm và dung dịch vệ sinh chuyên dụng để làm sạch các vết bẩn.</li>
            <li>Sau khi giặt, phơi giày ở nơi khô ráo, bóng râm. Tuyệt đối không phơi trực tiếp dưới ánh nắng gắt hoặc dùng máy sấy nhiệt độ cao.</li>
            <li>Nên nhét thêm giấy báo hoặc cục hút ẩm vào bên trong giày khi không sử dụng để giữ form và khử mùi.</li>
        </ul>
        <h3>Tại sao nên chọn mua tại Axeron Sport?</h3>
        <p>Với phương châm mang đến những sản phẩm thể thao chất lượng cao và dẫn đầu xu hướng, Axeron Sport cam kết 100% sản phẩm <strong>Giày Cầu Lông Axeron Smash V2-28A4</strong> đều được kiểm định chất lượng chặt chẽ trước khi trao đến tay khách hàng. Đội ngũ tư vấn viên nhiệt tình của chúng tôi luôn sẵn sàng hỗ trợ để bạn có thể chọn lựa được sản phẩm ưng ý nhất. Nâng tầm hiệu suất tập luyện ngay hôm nay!</p>
    ",Axeron,"Giày cầu lông"
75,"Giày Cầu Lông Axeron Smash V3-231E","<h3>Tổng quan chi tiết về <strong>Giày Cầu Lông Axeron Smash V3-231E</strong></h3>
<p>Sản phẩm Giày Cầu Lông Axeron Smash V3-231E với thiết kế hiện đại, chất liệu bền bỉ mang đến trải nghiệm tập luyện thể thao tuyệt vời.</p>

        <p>Được thiết kế chuyên biệt để nâng niu từng bước chân, <strong>Giày Cầu Lông Axeron Smash V3-231E</strong> là người bạn đồng hành không thể thiếu cho những tín đồ đam mê vận động. Với kiểu dáng thể thao hiện đại, sản phẩm không chỉ mang lại hiệu suất cao trên sân tập mà còn rất phong cách khi dạo phố.</p>
        
        <h4>1. Cấu tạo và Công nghệ nổi bật</h4>
        <ul>
            <li><strong>Chất liệu bề mặt cao cấp:</strong> Thân giày được làm từ vật liệu siêu nhẹ và thoáng khí, giúp đôi chân luôn khô ráo dù hoạt động ở cường độ cao.</li>
            <li><strong>Bộ đệm êm ái, trợ lực tốt:</strong> Đế giữa hấp thụ lực va đập cực tốt, phản hồi năng lượng mạnh mẽ giúp giảm thiểu chấn thương cơ xương khớp.</li>
            <li><strong>Đế ngoài chống trượt:</strong> Thiết kế mặt đế bám đường vượt trội, tăng độ ma sát và an toàn trên nhiều địa hình khác nhau.</li>
        </ul>

        <h4>2. Hướng dẫn vệ sinh và bảo quản</h4>
        <ul>
            <li>Không giặt giày bằng máy giặt để tránh làm biến dạng form dáng và hỏng lớp keo dán.</li>
            <li>Sử dụng bàn chải lông mềm và dung dịch vệ sinh chuyên dụng để làm sạch các vết bẩn.</li>
            <li>Sau khi giặt, phơi giày ở nơi khô ráo, bóng râm. Tuyệt đối không phơi trực tiếp dưới ánh nắng gắt hoặc dùng máy sấy nhiệt độ cao.</li>
            <li>Nên nhét thêm giấy báo hoặc cục hút ẩm vào bên trong giày khi không sử dụng để giữ form và khử mùi.</li>
        </ul>
        <h3>Tại sao nên chọn mua tại Axeron Sport?</h3>
        <p>Với phương châm mang đến những sản phẩm thể thao chất lượng cao và dẫn đầu xu hướng, Axeron Sport cam kết 100% sản phẩm <strong>Giày Cầu Lông Axeron Smash V3-231E</strong> đều được kiểm định chất lượng chặt chẽ trước khi trao đến tay khách hàng. Đội ngũ tư vấn viên nhiệt tình của chúng tôi luôn sẵn sàng hỗ trợ để bạn có thể chọn lựa được sản phẩm ưng ý nhất. Nâng tầm hiệu suất tập luyện ngay hôm nay!</p>
    ",Axeron,"Giày cầu lông"
76,"Giày Cầu Lông Axeron Smash V4-215C","<h3>Tổng quan chi tiết về <strong>Giày Cầu Lông Axeron Smash V4-215C</strong></h3>
<p>Sản phẩm Giày Cầu Lông Axeron Smash V4-215C với thiết kế hiện đại, chất liệu bền bỉ mang đến trải nghiệm tập luyện thể thao tuyệt vời.</p>

        <p>Được thiết kế chuyên biệt để nâng niu từng bước chân, <strong>Giày Cầu Lông Axeron Smash V4-215C</strong> là người bạn đồng hành không thể thiếu cho những tín đồ đam mê vận động. Với kiểu dáng thể thao hiện đại, sản phẩm không chỉ mang lại hiệu suất cao trên sân tập mà còn rất phong cách khi dạo phố.</p>
        
        <h4>1. Cấu tạo và Công nghệ nổi bật</h4>
        <ul>
            <li><strong>Chất liệu bề mặt cao cấp:</strong> Thân giày được làm từ vật liệu siêu nhẹ và thoáng khí, giúp đôi chân luôn khô ráo dù hoạt động ở cường độ cao.</li>
            <li><strong>Bộ đệm êm ái, trợ lực tốt:</strong> Đế giữa hấp thụ lực va đập cực tốt, phản hồi năng lượng mạnh mẽ giúp giảm thiểu chấn thương cơ xương khớp.</li>
            <li><strong>Đế ngoài chống trượt:</strong> Thiết kế mặt đế bám đường vượt trội, tăng độ ma sát và an toàn trên nhiều địa hình khác nhau.</li>
        </ul>

        <h4>2. Hướng dẫn vệ sinh và bảo quản</h4>
        <ul>
            <li>Không giặt giày bằng máy giặt để tránh làm biến dạng form dáng và hỏng lớp keo dán.</li>
            <li>Sử dụng bàn chải lông mềm và dung dịch vệ sinh chuyên dụng để làm sạch các vết bẩn.</li>
            <li>Sau khi giặt, phơi giày ở nơi khô ráo, bóng râm. Tuyệt đối không phơi trực tiếp dưới ánh nắng gắt hoặc dùng máy sấy nhiệt độ cao.</li>
            <li>Nên nhét thêm giấy báo hoặc cục hút ẩm vào bên trong giày khi không sử dụng để giữ form và khử mùi.</li>
        </ul>
        <h3>Tại sao nên chọn mua tại Axeron Sport?</h3>
        <p>Với phương châm mang đến những sản phẩm thể thao chất lượng cao và dẫn đầu xu hướng, Axeron Sport cam kết 100% sản phẩm <strong>Giày Cầu Lông Axeron Smash V4-215C</strong> đều được kiểm định chất lượng chặt chẽ trước khi trao đến tay khách hàng. Đội ngũ tư vấn viên nhiệt tình của chúng tôi luôn sẵn sàng hỗ trợ để bạn có thể chọn lựa được sản phẩm ưng ý nhất. Nâng tầm hiệu suất tập luyện ngay hôm nay!</p>
    ",Axeron,"Giày cầu lông"
77,"Giày Cầu Lông Axeron Smash V5-3B23","<h3>Tổng quan chi tiết về <strong>Giày Cầu Lông Axeron Smash V5-3B23</strong></h3>
<p>Sản phẩm Giày Cầu Lông Axeron Smash V5-3B23 với thiết kế hiện đại, chất liệu bền bỉ mang đến trải nghiệm tập luyện thể thao tuyệt vời.</p>

        <p>Được thiết kế chuyên biệt để nâng niu từng bước chân, <strong>Giày Cầu Lông Axeron Smash V5-3B23</strong> là người bạn đồng hành không thể thiếu cho những tín đồ đam mê vận động. Với kiểu dáng thể thao hiện đại, sản phẩm không chỉ mang lại hiệu suất cao trên sân tập mà còn rất phong cách khi dạo phố.</p>
        
        <h4>1. Cấu tạo và Công nghệ nổi bật</h4>
        <ul>
            <li><strong>Chất liệu bề mặt cao cấp:</strong> Thân giày được làm từ vật liệu siêu nhẹ và thoáng khí, giúp đôi chân luôn khô ráo dù hoạt động ở cường độ cao.</li>
            <li><strong>Bộ đệm êm ái, trợ lực tốt:</strong> Đế giữa hấp thụ lực va đập cực tốt, phản hồi năng lượng mạnh mẽ giúp giảm thiểu chấn thương cơ xương khớp.</li>
            <li><strong>Đế ngoài chống trượt:</strong> Thiết kế mặt đế bám đường vượt trội, tăng độ ma sát và an toàn trên nhiều địa hình khác nhau.</li>
        </ul>

        <h4>2. Hướng dẫn vệ sinh và bảo quản</h4>
        <ul>
            <li>Không giặt giày bằng máy giặt để tránh làm biến dạng form dáng và hỏng lớp keo dán.</li>
            <li>Sử dụng bàn chải lông mềm và dung dịch vệ sinh chuyên dụng để làm sạch các vết bẩn.</li>
            <li>Sau khi giặt, phơi giày ở nơi khô ráo, bóng râm. Tuyệt đối không phơi trực tiếp dưới ánh nắng gắt hoặc dùng máy sấy nhiệt độ cao.</li>
            <li>Nên nhét thêm giấy báo hoặc cục hút ẩm vào bên trong giày khi không sử dụng để giữ form và khử mùi.</li>
        </ul>
        <h3>Tại sao nên chọn mua tại Axeron Sport?</h3>
        <p>Với phương châm mang đến những sản phẩm thể thao chất lượng cao và dẫn đầu xu hướng, Axeron Sport cam kết 100% sản phẩm <strong>Giày Cầu Lông Axeron Smash V5-3B23</strong> đều được kiểm định chất lượng chặt chẽ trước khi trao đến tay khách hàng. Đội ngũ tư vấn viên nhiệt tình của chúng tôi luôn sẵn sàng hỗ trợ để bạn có thể chọn lựa được sản phẩm ưng ý nhất. Nâng tầm hiệu suất tập luyện ngay hôm nay!</p>
    ",Axeron,"Giày cầu lông"
78,"Giày Cầu Lông Axeron Smash V6-2124","<h3>Tổng quan chi tiết về <strong>Giày Cầu Lông Axeron Smash V6-2124</strong></h3>
<p>Sản phẩm Giày Cầu Lông Axeron Smash V6-2124 với thiết kế hiện đại, chất liệu bền bỉ mang đến trải nghiệm tập luyện thể thao tuyệt vời.</p>

        <p>Được thiết kế chuyên biệt để nâng niu từng bước chân, <strong>Giày Cầu Lông Axeron Smash V6-2124</strong> là người bạn đồng hành không thể thiếu cho những tín đồ đam mê vận động. Với kiểu dáng thể thao hiện đại, sản phẩm không chỉ mang lại hiệu suất cao trên sân tập mà còn rất phong cách khi dạo phố.</p>
        
        <h4>1. Cấu tạo và Công nghệ nổi bật</h4>
        <ul>
            <li><strong>Chất liệu bề mặt cao cấp:</strong> Thân giày được làm từ vật liệu siêu nhẹ và thoáng khí, giúp đôi chân luôn khô ráo dù hoạt động ở cường độ cao.</li>
            <li><strong>Bộ đệm êm ái, trợ lực tốt:</strong> Đế giữa hấp thụ lực va đập cực tốt, phản hồi năng lượng mạnh mẽ giúp giảm thiểu chấn thương cơ xương khớp.</li>
            <li><strong>Đế ngoài chống trượt:</strong> Thiết kế mặt đế bám đường vượt trội, tăng độ ma sát và an toàn trên nhiều địa hình khác nhau.</li>
        </ul>

        <h4>2. Hướng dẫn vệ sinh và bảo quản</h4>
        <ul>
            <li>Không giặt giày bằng máy giặt để tránh làm biến dạng form dáng và hỏng lớp keo dán.</li>
            <li>Sử dụng bàn chải lông mềm và dung dịch vệ sinh chuyên dụng để làm sạch các vết bẩn.</li>
            <li>Sau khi giặt, phơi giày ở nơi khô ráo, bóng râm. Tuyệt đối không phơi trực tiếp dưới ánh nắng gắt hoặc dùng máy sấy nhiệt độ cao.</li>
            <li>Nên nhét thêm giấy báo hoặc cục hút ẩm vào bên trong giày khi không sử dụng để giữ form và khử mùi.</li>
        </ul>
        <h3>Tại sao nên chọn mua tại Axeron Sport?</h3>
        <p>Với phương châm mang đến những sản phẩm thể thao chất lượng cao và dẫn đầu xu hướng, Axeron Sport cam kết 100% sản phẩm <strong>Giày Cầu Lông Axeron Smash V6-2124</strong> đều được kiểm định chất lượng chặt chẽ trước khi trao đến tay khách hàng. Đội ngũ tư vấn viên nhiệt tình của chúng tôi luôn sẵn sàng hỗ trợ để bạn có thể chọn lựa được sản phẩm ưng ý nhất. Nâng tầm hiệu suất tập luyện ngay hôm nay!</p>
    ",Axeron,"Giày cầu lông"
79,"Giày Cầu Lông Axeron Smash V7-C6A6","<h3>Tổng quan chi tiết về <strong>Giày Cầu Lông Axeron Smash V7-C6A6</strong></h3>
<p>Sản phẩm Giày Cầu Lông Axeron Smash V7-C6A6 với thiết kế hiện đại, chất liệu bền bỉ mang đến trải nghiệm tập luyện thể thao tuyệt vời.</p>

        <p>Được thiết kế chuyên biệt để nâng niu từng bước chân, <strong>Giày Cầu Lông Axeron Smash V7-C6A6</strong> là người bạn đồng hành không thể thiếu cho những tín đồ đam mê vận động. Với kiểu dáng thể thao hiện đại, sản phẩm không chỉ mang lại hiệu suất cao trên sân tập mà còn rất phong cách khi dạo phố.</p>
        
        <h4>1. Cấu tạo và Công nghệ nổi bật</h4>
        <ul>
            <li><strong>Chất liệu bề mặt cao cấp:</strong> Thân giày được làm từ vật liệu siêu nhẹ và thoáng khí, giúp đôi chân luôn khô ráo dù hoạt động ở cường độ cao.</li>
            <li><strong>Bộ đệm êm ái, trợ lực tốt:</strong> Đế giữa hấp thụ lực va đập cực tốt, phản hồi năng lượng mạnh mẽ giúp giảm thiểu chấn thương cơ xương khớp.</li>
            <li><strong>Đế ngoài chống trượt:</strong> Thiết kế mặt đế bám đường vượt trội, tăng độ ma sát và an toàn trên nhiều địa hình khác nhau.</li>
        </ul>

        <h4>2. Hướng dẫn vệ sinh và bảo quản</h4>
        <ul>
            <li>Không giặt giày bằng máy giặt để tránh làm biến dạng form dáng và hỏng lớp keo dán.</li>
            <li>Sử dụng bàn chải lông mềm và dung dịch vệ sinh chuyên dụng để làm sạch các vết bẩn.</li>
            <li>Sau khi giặt, phơi giày ở nơi khô ráo, bóng râm. Tuyệt đối không phơi trực tiếp dưới ánh nắng gắt hoặc dùng máy sấy nhiệt độ cao.</li>
            <li>Nên nhét thêm giấy báo hoặc cục hút ẩm vào bên trong giày khi không sử dụng để giữ form và khử mùi.</li>
        </ul>
        <h3>Tại sao nên chọn mua tại Axeron Sport?</h3>
        <p>Với phương châm mang đến những sản phẩm thể thao chất lượng cao và dẫn đầu xu hướng, Axeron Sport cam kết 100% sản phẩm <strong>Giày Cầu Lông Axeron Smash V7-C6A6</strong> đều được kiểm định chất lượng chặt chẽ trước khi trao đến tay khách hàng. Đội ngũ tư vấn viên nhiệt tình của chúng tôi luôn sẵn sàng hỗ trợ để bạn có thể chọn lựa được sản phẩm ưng ý nhất. Nâng tầm hiệu suất tập luyện ngay hôm nay!</p>
    ",Axeron,"Giày cầu lông"
80,"Giày Cầu Lông Axeron Smash V8-AC76","<h3>Tổng quan chi tiết về <strong>Giày Cầu Lông Axeron Smash V8-AC76</strong></h3>
<p>Sản phẩm Giày Cầu Lông Axeron Smash V8-AC76 với thiết kế hiện đại, chất liệu bền bỉ mang đến trải nghiệm tập luyện thể thao tuyệt vời.</p>

        <p>Được thiết kế chuyên biệt để nâng niu từng bước chân, <strong>Giày Cầu Lông Axeron Smash V8-AC76</strong> là người bạn đồng hành không thể thiếu cho những tín đồ đam mê vận động. Với kiểu dáng thể thao hiện đại, sản phẩm không chỉ mang lại hiệu suất cao trên sân tập mà còn rất phong cách khi dạo phố.</p>
        
        <h4>1. Cấu tạo và Công nghệ nổi bật</h4>
        <ul>
            <li><strong>Chất liệu bề mặt cao cấp:</strong> Thân giày được làm từ vật liệu siêu nhẹ và thoáng khí, giúp đôi chân luôn khô ráo dù hoạt động ở cường độ cao.</li>
            <li><strong>Bộ đệm êm ái, trợ lực tốt:</strong> Đế giữa hấp thụ lực va đập cực tốt, phản hồi năng lượng mạnh mẽ giúp giảm thiểu chấn thương cơ xương khớp.</li>
            <li><strong>Đế ngoài chống trượt:</strong> Thiết kế mặt đế bám đường vượt trội, tăng độ ma sát và an toàn trên nhiều địa hình khác nhau.</li>
        </ul>

        <h4>2. Hướng dẫn vệ sinh và bảo quản</h4>
        <ul>
            <li>Không giặt giày bằng máy giặt để tránh làm biến dạng form dáng và hỏng lớp keo dán.</li>
            <li>Sử dụng bàn chải lông mềm và dung dịch vệ sinh chuyên dụng để làm sạch các vết bẩn.</li>
            <li>Sau khi giặt, phơi giày ở nơi khô ráo, bóng râm. Tuyệt đối không phơi trực tiếp dưới ánh nắng gắt hoặc dùng máy sấy nhiệt độ cao.</li>
            <li>Nên nhét thêm giấy báo hoặc cục hút ẩm vào bên trong giày khi không sử dụng để giữ form và khử mùi.</li>
        </ul>
        <h3>Tại sao nên chọn mua tại Axeron Sport?</h3>
        <p>Với phương châm mang đến những sản phẩm thể thao chất lượng cao và dẫn đầu xu hướng, Axeron Sport cam kết 100% sản phẩm <strong>Giày Cầu Lông Axeron Smash V8-AC76</strong> đều được kiểm định chất lượng chặt chẽ trước khi trao đến tay khách hàng. Đội ngũ tư vấn viên nhiệt tình của chúng tôi luôn sẵn sàng hỗ trợ để bạn có thể chọn lựa được sản phẩm ưng ý nhất. Nâng tầm hiệu suất tập luyện ngay hôm nay!</p>
    ",Axeron,"Giày cầu lông"
81,"Giày Cầu Lông Axeron Smash V9-C744","<h3>Tổng quan chi tiết về <strong>Giày Cầu Lông Axeron Smash V9-C744</strong></h3>
<p>Sản phẩm Giày Cầu Lông Axeron Smash V9-C744 với thiết kế hiện đại, chất liệu bền bỉ mang đến trải nghiệm tập luyện thể thao tuyệt vời.</p>

        <p>Được thiết kế chuyên biệt để nâng niu từng bước chân, <strong>Giày Cầu Lông Axeron Smash V9-C744</strong> là người bạn đồng hành không thể thiếu cho những tín đồ đam mê vận động. Với kiểu dáng thể thao hiện đại, sản phẩm không chỉ mang lại hiệu suất cao trên sân tập mà còn rất phong cách khi dạo phố.</p>
        
        <h4>1. Cấu tạo và Công nghệ nổi bật</h4>
        <ul>
            <li><strong>Chất liệu bề mặt cao cấp:</strong> Thân giày được làm từ vật liệu siêu nhẹ và thoáng khí, giúp đôi chân luôn khô ráo dù hoạt động ở cường độ cao.</li>
            <li><strong>Bộ đệm êm ái, trợ lực tốt:</strong> Đế giữa hấp thụ lực va đập cực tốt, phản hồi năng lượng mạnh mẽ giúp giảm thiểu chấn thương cơ xương khớp.</li>
            <li><strong>Đế ngoài chống trượt:</strong> Thiết kế mặt đế bám đường vượt trội, tăng độ ma sát và an toàn trên nhiều địa hình khác nhau.</li>
        </ul>

        <h4>2. Hướng dẫn vệ sinh và bảo quản</h4>
        <ul>
            <li>Không giặt giày bằng máy giặt để tránh làm biến dạng form dáng và hỏng lớp keo dán.</li>
            <li>Sử dụng bàn chải lông mềm và dung dịch vệ sinh chuyên dụng để làm sạch các vết bẩn.</li>
            <li>Sau khi giặt, phơi giày ở nơi khô ráo, bóng râm. Tuyệt đối không phơi trực tiếp dưới ánh nắng gắt hoặc dùng máy sấy nhiệt độ cao.</li>
            <li>Nên nhét thêm giấy báo hoặc cục hút ẩm vào bên trong giày khi không sử dụng để giữ form và khử mùi.</li>
        </ul>
        <h3>Tại sao nên chọn mua tại Axeron Sport?</h3>
        <p>Với phương châm mang đến những sản phẩm thể thao chất lượng cao và dẫn đầu xu hướng, Axeron Sport cam kết 100% sản phẩm <strong>Giày Cầu Lông Axeron Smash V9-C744</strong> đều được kiểm định chất lượng chặt chẽ trước khi trao đến tay khách hàng. Đội ngũ tư vấn viên nhiệt tình của chúng tôi luôn sẵn sàng hỗ trợ để bạn có thể chọn lựa được sản phẩm ưng ý nhất. Nâng tầm hiệu suất tập luyện ngay hôm nay!</p>
    ",Axeron,"Giày cầu lông"
82,"Giày Cầu Lông Axeron Smash V10-79F1","<h3>Tổng quan chi tiết về <strong>Giày Cầu Lông Axeron Smash V10-79F1</strong></h3>
<p>Sản phẩm Giày Cầu Lông Axeron Smash V10-79F1 với thiết kế hiện đại, chất liệu bền bỉ mang đến trải nghiệm tập luyện thể thao tuyệt vời.</p>

        <p>Được thiết kế chuyên biệt để nâng niu từng bước chân, <strong>Giày Cầu Lông Axeron Smash V10-79F1</strong> là người bạn đồng hành không thể thiếu cho những tín đồ đam mê vận động. Với kiểu dáng thể thao hiện đại, sản phẩm không chỉ mang lại hiệu suất cao trên sân tập mà còn rất phong cách khi dạo phố.</p>
        
        <h4>1. Cấu tạo và Công nghệ nổi bật</h4>
        <ul>
            <li><strong>Chất liệu bề mặt cao cấp:</strong> Thân giày được làm từ vật liệu siêu nhẹ và thoáng khí, giúp đôi chân luôn khô ráo dù hoạt động ở cường độ cao.</li>
            <li><strong>Bộ đệm êm ái, trợ lực tốt:</strong> Đế giữa hấp thụ lực va đập cực tốt, phản hồi năng lượng mạnh mẽ giúp giảm thiểu chấn thương cơ xương khớp.</li>
            <li><strong>Đế ngoài chống trượt:</strong> Thiết kế mặt đế bám đường vượt trội, tăng độ ma sát và an toàn trên nhiều địa hình khác nhau.</li>
        </ul>

        <h4>2. Hướng dẫn vệ sinh và bảo quản</h4>
        <ul>
            <li>Không giặt giày bằng máy giặt để tránh làm biến dạng form dáng và hỏng lớp keo dán.</li>
            <li>Sử dụng bàn chải lông mềm và dung dịch vệ sinh chuyên dụng để làm sạch các vết bẩn.</li>
            <li>Sau khi giặt, phơi giày ở nơi khô ráo, bóng râm. Tuyệt đối không phơi trực tiếp dưới ánh nắng gắt hoặc dùng máy sấy nhiệt độ cao.</li>
            <li>Nên nhét thêm giấy báo hoặc cục hút ẩm vào bên trong giày khi không sử dụng để giữ form và khử mùi.</li>
        </ul>
        <h3>Tại sao nên chọn mua tại Axeron Sport?</h3>
        <p>Với phương châm mang đến những sản phẩm thể thao chất lượng cao và dẫn đầu xu hướng, Axeron Sport cam kết 100% sản phẩm <strong>Giày Cầu Lông Axeron Smash V10-79F1</strong> đều được kiểm định chất lượng chặt chẽ trước khi trao đến tay khách hàng. Đội ngũ tư vấn viên nhiệt tình của chúng tôi luôn sẵn sàng hỗ trợ để bạn có thể chọn lựa được sản phẩm ưng ý nhất. Nâng tầm hiệu suất tập luyện ngay hôm nay!</p>
    ",Axeron,"Giày cầu lông"
83,"Giày Chạy Bộ Axeron Run V1-DA7E","<h3>Tổng quan chi tiết về <strong>Giày Chạy Bộ Axeron Run V1-DA7E</strong></h3>
<p>Sản phẩm Giày Chạy Bộ Axeron Run V1-DA7E với thiết kế hiện đại, chất liệu bền bỉ mang đến trải nghiệm tập luyện thể thao tuyệt vời.</p>

        <p>Được thiết kế chuyên biệt để nâng niu từng bước chân, <strong>Giày Chạy Bộ Axeron Run V1-DA7E</strong> là người bạn đồng hành không thể thiếu cho những tín đồ đam mê vận động. Với kiểu dáng thể thao hiện đại, sản phẩm không chỉ mang lại hiệu suất cao trên sân tập mà còn rất phong cách khi dạo phố.</p>
        
        <h4>1. Cấu tạo và Công nghệ nổi bật</h4>
        <ul>
            <li><strong>Chất liệu bề mặt cao cấp:</strong> Thân giày được làm từ vật liệu siêu nhẹ và thoáng khí, giúp đôi chân luôn khô ráo dù hoạt động ở cường độ cao.</li>
            <li><strong>Bộ đệm êm ái, trợ lực tốt:</strong> Đế giữa hấp thụ lực va đập cực tốt, phản hồi năng lượng mạnh mẽ giúp giảm thiểu chấn thương cơ xương khớp.</li>
            <li><strong>Đế ngoài chống trượt:</strong> Thiết kế mặt đế bám đường vượt trội, tăng độ ma sát và an toàn trên nhiều địa hình khác nhau.</li>
        </ul>

        <h4>2. Hướng dẫn vệ sinh và bảo quản</h4>
        <ul>
            <li>Không giặt giày bằng máy giặt để tránh làm biến dạng form dáng và hỏng lớp keo dán.</li>
            <li>Sử dụng bàn chải lông mềm và dung dịch vệ sinh chuyên dụng để làm sạch các vết bẩn.</li>
            <li>Sau khi giặt, phơi giày ở nơi khô ráo, bóng râm. Tuyệt đối không phơi trực tiếp dưới ánh nắng gắt hoặc dùng máy sấy nhiệt độ cao.</li>
            <li>Nên nhét thêm giấy báo hoặc cục hút ẩm vào bên trong giày khi không sử dụng để giữ form và khử mùi.</li>
        </ul>
        <h3>Tại sao nên chọn mua tại Axeron Sport?</h3>
        <p>Với phương châm mang đến những sản phẩm thể thao chất lượng cao và dẫn đầu xu hướng, Axeron Sport cam kết 100% sản phẩm <strong>Giày Chạy Bộ Axeron Run V1-DA7E</strong> đều được kiểm định chất lượng chặt chẽ trước khi trao đến tay khách hàng. Đội ngũ tư vấn viên nhiệt tình của chúng tôi luôn sẵn sàng hỗ trợ để bạn có thể chọn lựa được sản phẩm ưng ý nhất. Nâng tầm hiệu suất tập luyện ngay hôm nay!</p>
    ",Axeron,"Giày chạy bộ"
84,"Giày Chạy Bộ Axeron Run V2-9BCA","<h3>Tổng quan chi tiết về <strong>Giày Chạy Bộ Axeron Run V2-9BCA</strong></h3>
<p>Sản phẩm Giày Chạy Bộ Axeron Run V2-9BCA với thiết kế hiện đại, chất liệu bền bỉ mang đến trải nghiệm tập luyện thể thao tuyệt vời.</p>

        <p>Được thiết kế chuyên biệt để nâng niu từng bước chân, <strong>Giày Chạy Bộ Axeron Run V2-9BCA</strong> là người bạn đồng hành không thể thiếu cho những tín đồ đam mê vận động. Với kiểu dáng thể thao hiện đại, sản phẩm không chỉ mang lại hiệu suất cao trên sân tập mà còn rất phong cách khi dạo phố.</p>
        
        <h4>1. Cấu tạo và Công nghệ nổi bật</h4>
        <ul>
            <li><strong>Chất liệu bề mặt cao cấp:</strong> Thân giày được làm từ vật liệu siêu nhẹ và thoáng khí, giúp đôi chân luôn khô ráo dù hoạt động ở cường độ cao.</li>
            <li><strong>Bộ đệm êm ái, trợ lực tốt:</strong> Đế giữa hấp thụ lực va đập cực tốt, phản hồi năng lượng mạnh mẽ giúp giảm thiểu chấn thương cơ xương khớp.</li>
            <li><strong>Đế ngoài chống trượt:</strong> Thiết kế mặt đế bám đường vượt trội, tăng độ ma sát và an toàn trên nhiều địa hình khác nhau.</li>
        </ul>

        <h4>2. Hướng dẫn vệ sinh và bảo quản</h4>
        <ul>
            <li>Không giặt giày bằng máy giặt để tránh làm biến dạng form dáng và hỏng lớp keo dán.</li>
            <li>Sử dụng bàn chải lông mềm và dung dịch vệ sinh chuyên dụng để làm sạch các vết bẩn.</li>
            <li>Sau khi giặt, phơi giày ở nơi khô ráo, bóng râm. Tuyệt đối không phơi trực tiếp dưới ánh nắng gắt hoặc dùng máy sấy nhiệt độ cao.</li>
            <li>Nên nhét thêm giấy báo hoặc cục hút ẩm vào bên trong giày khi không sử dụng để giữ form và khử mùi.</li>
        </ul>
        <h3>Tại sao nên chọn mua tại Axeron Sport?</h3>
        <p>Với phương châm mang đến những sản phẩm thể thao chất lượng cao và dẫn đầu xu hướng, Axeron Sport cam kết 100% sản phẩm <strong>Giày Chạy Bộ Axeron Run V2-9BCA</strong> đều được kiểm định chất lượng chặt chẽ trước khi trao đến tay khách hàng. Đội ngũ tư vấn viên nhiệt tình của chúng tôi luôn sẵn sàng hỗ trợ để bạn có thể chọn lựa được sản phẩm ưng ý nhất. Nâng tầm hiệu suất tập luyện ngay hôm nay!</p>
    ",Axeron,"Giày chạy bộ"
85,"Giày Chạy Bộ Axeron Run V3-F9B5","<h3>Tổng quan chi tiết về <strong>Giày Chạy Bộ Axeron Run V3-F9B5</strong></h3>
<p>Sản phẩm Giày Chạy Bộ Axeron Run V3-F9B5 với thiết kế hiện đại, chất liệu bền bỉ mang đến trải nghiệm tập luyện thể thao tuyệt vời.</p>

        <p>Được thiết kế chuyên biệt để nâng niu từng bước chân, <strong>Giày Chạy Bộ Axeron Run V3-F9B5</strong> là người bạn đồng hành không thể thiếu cho những tín đồ đam mê vận động. Với kiểu dáng thể thao hiện đại, sản phẩm không chỉ mang lại hiệu suất cao trên sân tập mà còn rất phong cách khi dạo phố.</p>
        
        <h4>1. Cấu tạo và Công nghệ nổi bật</h4>
        <ul>
            <li><strong>Chất liệu bề mặt cao cấp:</strong> Thân giày được làm từ vật liệu siêu nhẹ và thoáng khí, giúp đôi chân luôn khô ráo dù hoạt động ở cường độ cao.</li>
            <li><strong>Bộ đệm êm ái, trợ lực tốt:</strong> Đế giữa hấp thụ lực va đập cực tốt, phản hồi năng lượng mạnh mẽ giúp giảm thiểu chấn thương cơ xương khớp.</li>
            <li><strong>Đế ngoài chống trượt:</strong> Thiết kế mặt đế bám đường vượt trội, tăng độ ma sát và an toàn trên nhiều địa hình khác nhau.</li>
        </ul>

        <h4>2. Hướng dẫn vệ sinh và bảo quản</h4>
        <ul>
            <li>Không giặt giày bằng máy giặt để tránh làm biến dạng form dáng và hỏng lớp keo dán.</li>
            <li>Sử dụng bàn chải lông mềm và dung dịch vệ sinh chuyên dụng để làm sạch các vết bẩn.</li>
            <li>Sau khi giặt, phơi giày ở nơi khô ráo, bóng râm. Tuyệt đối không phơi trực tiếp dưới ánh nắng gắt hoặc dùng máy sấy nhiệt độ cao.</li>
            <li>Nên nhét thêm giấy báo hoặc cục hút ẩm vào bên trong giày khi không sử dụng để giữ form và khử mùi.</li>
        </ul>
        <h3>Tại sao nên chọn mua tại Axeron Sport?</h3>
        <p>Với phương châm mang đến những sản phẩm thể thao chất lượng cao và dẫn đầu xu hướng, Axeron Sport cam kết 100% sản phẩm <strong>Giày Chạy Bộ Axeron Run V3-F9B5</strong> đều được kiểm định chất lượng chặt chẽ trước khi trao đến tay khách hàng. Đội ngũ tư vấn viên nhiệt tình của chúng tôi luôn sẵn sàng hỗ trợ để bạn có thể chọn lựa được sản phẩm ưng ý nhất. Nâng tầm hiệu suất tập luyện ngay hôm nay!</p>
    ",Axeron,"Giày chạy bộ"
86,"Giày Chạy Bộ Axeron Run V4-455D","<h3>Tổng quan chi tiết về <strong>Giày Chạy Bộ Axeron Run V4-455D</strong></h3>
<p>Sản phẩm Giày Chạy Bộ Axeron Run V4-455D với thiết kế hiện đại, chất liệu bền bỉ mang đến trải nghiệm tập luyện thể thao tuyệt vời.</p>

        <p>Được thiết kế chuyên biệt để nâng niu từng bước chân, <strong>Giày Chạy Bộ Axeron Run V4-455D</strong> là người bạn đồng hành không thể thiếu cho những tín đồ đam mê vận động. Với kiểu dáng thể thao hiện đại, sản phẩm không chỉ mang lại hiệu suất cao trên sân tập mà còn rất phong cách khi dạo phố.</p>
        
        <h4>1. Cấu tạo và Công nghệ nổi bật</h4>
        <ul>
            <li><strong>Chất liệu bề mặt cao cấp:</strong> Thân giày được làm từ vật liệu siêu nhẹ và thoáng khí, giúp đôi chân luôn khô ráo dù hoạt động ở cường độ cao.</li>
            <li><strong>Bộ đệm êm ái, trợ lực tốt:</strong> Đế giữa hấp thụ lực va đập cực tốt, phản hồi năng lượng mạnh mẽ giúp giảm thiểu chấn thương cơ xương khớp.</li>
            <li><strong>Đế ngoài chống trượt:</strong> Thiết kế mặt đế bám đường vượt trội, tăng độ ma sát và an toàn trên nhiều địa hình khác nhau.</li>
        </ul>

        <h4>2. Hướng dẫn vệ sinh và bảo quản</h4>
        <ul>
            <li>Không giặt giày bằng máy giặt để tránh làm biến dạng form dáng và hỏng lớp keo dán.</li>
            <li>Sử dụng bàn chải lông mềm và dung dịch vệ sinh chuyên dụng để làm sạch các vết bẩn.</li>
            <li>Sau khi giặt, phơi giày ở nơi khô ráo, bóng râm. Tuyệt đối không phơi trực tiếp dưới ánh nắng gắt hoặc dùng máy sấy nhiệt độ cao.</li>
            <li>Nên nhét thêm giấy báo hoặc cục hút ẩm vào bên trong giày khi không sử dụng để giữ form và khử mùi.</li>
        </ul>
        <h3>Tại sao nên chọn mua tại Axeron Sport?</h3>
        <p>Với phương châm mang đến những sản phẩm thể thao chất lượng cao và dẫn đầu xu hướng, Axeron Sport cam kết 100% sản phẩm <strong>Giày Chạy Bộ Axeron Run V4-455D</strong> đều được kiểm định chất lượng chặt chẽ trước khi trao đến tay khách hàng. Đội ngũ tư vấn viên nhiệt tình của chúng tôi luôn sẵn sàng hỗ trợ để bạn có thể chọn lựa được sản phẩm ưng ý nhất. Nâng tầm hiệu suất tập luyện ngay hôm nay!</p>
    ",Axeron,"Giày chạy bộ"
87,"Giày Chạy Bộ Axeron Run V5-B9B5","<h3>Tổng quan chi tiết về <strong>Giày Chạy Bộ Axeron Run V5-B9B5</strong></h3>
<p>Sản phẩm Giày Chạy Bộ Axeron Run V5-B9B5 với thiết kế hiện đại, chất liệu bền bỉ mang đến trải nghiệm tập luyện thể thao tuyệt vời.</p>

        <p>Được thiết kế chuyên biệt để nâng niu từng bước chân, <strong>Giày Chạy Bộ Axeron Run V5-B9B5</strong> là người bạn đồng hành không thể thiếu cho những tín đồ đam mê vận động. Với kiểu dáng thể thao hiện đại, sản phẩm không chỉ mang lại hiệu suất cao trên sân tập mà còn rất phong cách khi dạo phố.</p>
        
        <h4>1. Cấu tạo và Công nghệ nổi bật</h4>
        <ul>
            <li><strong>Chất liệu bề mặt cao cấp:</strong> Thân giày được làm từ vật liệu siêu nhẹ và thoáng khí, giúp đôi chân luôn khô ráo dù hoạt động ở cường độ cao.</li>
            <li><strong>Bộ đệm êm ái, trợ lực tốt:</strong> Đế giữa hấp thụ lực va đập cực tốt, phản hồi năng lượng mạnh mẽ giúp giảm thiểu chấn thương cơ xương khớp.</li>
            <li><strong>Đế ngoài chống trượt:</strong> Thiết kế mặt đế bám đường vượt trội, tăng độ ma sát và an toàn trên nhiều địa hình khác nhau.</li>
        </ul>

        <h4>2. Hướng dẫn vệ sinh và bảo quản</h4>
        <ul>
            <li>Không giặt giày bằng máy giặt để tránh làm biến dạng form dáng và hỏng lớp keo dán.</li>
            <li>Sử dụng bàn chải lông mềm và dung dịch vệ sinh chuyên dụng để làm sạch các vết bẩn.</li>
            <li>Sau khi giặt, phơi giày ở nơi khô ráo, bóng râm. Tuyệt đối không phơi trực tiếp dưới ánh nắng gắt hoặc dùng máy sấy nhiệt độ cao.</li>
            <li>Nên nhét thêm giấy báo hoặc cục hút ẩm vào bên trong giày khi không sử dụng để giữ form và khử mùi.</li>
        </ul>
        <h3>Tại sao nên chọn mua tại Axeron Sport?</h3>
        <p>Với phương châm mang đến những sản phẩm thể thao chất lượng cao và dẫn đầu xu hướng, Axeron Sport cam kết 100% sản phẩm <strong>Giày Chạy Bộ Axeron Run V5-B9B5</strong> đều được kiểm định chất lượng chặt chẽ trước khi trao đến tay khách hàng. Đội ngũ tư vấn viên nhiệt tình của chúng tôi luôn sẵn sàng hỗ trợ để bạn có thể chọn lựa được sản phẩm ưng ý nhất. Nâng tầm hiệu suất tập luyện ngay hôm nay!</p>
    ",Axeron,"Giày chạy bộ"
88,"Giày Chạy Bộ Axeron Run V6-D657","<h3>Tổng quan chi tiết về <strong>Giày Chạy Bộ Axeron Run V6-D657</strong></h3>
<p>Sản phẩm Giày Chạy Bộ Axeron Run V6-D657 với thiết kế hiện đại, chất liệu bền bỉ mang đến trải nghiệm tập luyện thể thao tuyệt vời.</p>

        <p>Được thiết kế chuyên biệt để nâng niu từng bước chân, <strong>Giày Chạy Bộ Axeron Run V6-D657</strong> là người bạn đồng hành không thể thiếu cho những tín đồ đam mê vận động. Với kiểu dáng thể thao hiện đại, sản phẩm không chỉ mang lại hiệu suất cao trên sân tập mà còn rất phong cách khi dạo phố.</p>
        
        <h4>1. Cấu tạo và Công nghệ nổi bật</h4>
        <ul>
            <li><strong>Chất liệu bề mặt cao cấp:</strong> Thân giày được làm từ vật liệu siêu nhẹ và thoáng khí, giúp đôi chân luôn khô ráo dù hoạt động ở cường độ cao.</li>
            <li><strong>Bộ đệm êm ái, trợ lực tốt:</strong> Đế giữa hấp thụ lực va đập cực tốt, phản hồi năng lượng mạnh mẽ giúp giảm thiểu chấn thương cơ xương khớp.</li>
            <li><strong>Đế ngoài chống trượt:</strong> Thiết kế mặt đế bám đường vượt trội, tăng độ ma sát và an toàn trên nhiều địa hình khác nhau.</li>
        </ul>

        <h4>2. Hướng dẫn vệ sinh và bảo quản</h4>
        <ul>
            <li>Không giặt giày bằng máy giặt để tránh làm biến dạng form dáng và hỏng lớp keo dán.</li>
            <li>Sử dụng bàn chải lông mềm và dung dịch vệ sinh chuyên dụng để làm sạch các vết bẩn.</li>
            <li>Sau khi giặt, phơi giày ở nơi khô ráo, bóng râm. Tuyệt đối không phơi trực tiếp dưới ánh nắng gắt hoặc dùng máy sấy nhiệt độ cao.</li>
            <li>Nên nhét thêm giấy báo hoặc cục hút ẩm vào bên trong giày khi không sử dụng để giữ form và khử mùi.</li>
        </ul>
        <h3>Tại sao nên chọn mua tại Axeron Sport?</h3>
        <p>Với phương châm mang đến những sản phẩm thể thao chất lượng cao và dẫn đầu xu hướng, Axeron Sport cam kết 100% sản phẩm <strong>Giày Chạy Bộ Axeron Run V6-D657</strong> đều được kiểm định chất lượng chặt chẽ trước khi trao đến tay khách hàng. Đội ngũ tư vấn viên nhiệt tình của chúng tôi luôn sẵn sàng hỗ trợ để bạn có thể chọn lựa được sản phẩm ưng ý nhất. Nâng tầm hiệu suất tập luyện ngay hôm nay!</p>
    ",Axeron,"Giày chạy bộ"
89,"Giày Chạy Bộ Axeron Run V7-EBB9","<h3>Tổng quan chi tiết về <strong>Giày Chạy Bộ Axeron Run V7-EBB9</strong></h3>
<p>Sản phẩm Giày Chạy Bộ Axeron Run V7-EBB9 với thiết kế hiện đại, chất liệu bền bỉ mang đến trải nghiệm tập luyện thể thao tuyệt vời.</p>

        <p>Được thiết kế chuyên biệt để nâng niu từng bước chân, <strong>Giày Chạy Bộ Axeron Run V7-EBB9</strong> là người bạn đồng hành không thể thiếu cho những tín đồ đam mê vận động. Với kiểu dáng thể thao hiện đại, sản phẩm không chỉ mang lại hiệu suất cao trên sân tập mà còn rất phong cách khi dạo phố.</p>
        
        <h4>1. Cấu tạo và Công nghệ nổi bật</h4>
        <ul>
            <li><strong>Chất liệu bề mặt cao cấp:</strong> Thân giày được làm từ vật liệu siêu nhẹ và thoáng khí, giúp đôi chân luôn khô ráo dù hoạt động ở cường độ cao.</li>
            <li><strong>Bộ đệm êm ái, trợ lực tốt:</strong> Đế giữa hấp thụ lực va đập cực tốt, phản hồi năng lượng mạnh mẽ giúp giảm thiểu chấn thương cơ xương khớp.</li>
            <li><strong>Đế ngoài chống trượt:</strong> Thiết kế mặt đế bám đường vượt trội, tăng độ ma sát và an toàn trên nhiều địa hình khác nhau.</li>
        </ul>

        <h4>2. Hướng dẫn vệ sinh và bảo quản</h4>
        <ul>
            <li>Không giặt giày bằng máy giặt để tránh làm biến dạng form dáng và hỏng lớp keo dán.</li>
            <li>Sử dụng bàn chải lông mềm và dung dịch vệ sinh chuyên dụng để làm sạch các vết bẩn.</li>
            <li>Sau khi giặt, phơi giày ở nơi khô ráo, bóng râm. Tuyệt đối không phơi trực tiếp dưới ánh nắng gắt hoặc dùng máy sấy nhiệt độ cao.</li>
            <li>Nên nhét thêm giấy báo hoặc cục hút ẩm vào bên trong giày khi không sử dụng để giữ form và khử mùi.</li>
        </ul>
        <h3>Tại sao nên chọn mua tại Axeron Sport?</h3>
        <p>Với phương châm mang đến những sản phẩm thể thao chất lượng cao và dẫn đầu xu hướng, Axeron Sport cam kết 100% sản phẩm <strong>Giày Chạy Bộ Axeron Run V7-EBB9</strong> đều được kiểm định chất lượng chặt chẽ trước khi trao đến tay khách hàng. Đội ngũ tư vấn viên nhiệt tình của chúng tôi luôn sẵn sàng hỗ trợ để bạn có thể chọn lựa được sản phẩm ưng ý nhất. Nâng tầm hiệu suất tập luyện ngay hôm nay!</p>
    ",Axeron,"Giày chạy bộ"
90,"Giày Chạy Bộ Axeron Run V8-2DEA","<h3>Tổng quan chi tiết về <strong>Giày Chạy Bộ Axeron Run V8-2DEA</strong></h3>
<p>Sản phẩm Giày Chạy Bộ Axeron Run V8-2DEA với thiết kế hiện đại, chất liệu bền bỉ mang đến trải nghiệm tập luyện thể thao tuyệt vời.</p>

        <p>Được thiết kế chuyên biệt để nâng niu từng bước chân, <strong>Giày Chạy Bộ Axeron Run V8-2DEA</strong> là người bạn đồng hành không thể thiếu cho những tín đồ đam mê vận động. Với kiểu dáng thể thao hiện đại, sản phẩm không chỉ mang lại hiệu suất cao trên sân tập mà còn rất phong cách khi dạo phố.</p>
        
        <h4>1. Cấu tạo và Công nghệ nổi bật</h4>
        <ul>
            <li><strong>Chất liệu bề mặt cao cấp:</strong> Thân giày được làm từ vật liệu siêu nhẹ và thoáng khí, giúp đôi chân luôn khô ráo dù hoạt động ở cường độ cao.</li>
            <li><strong>Bộ đệm êm ái, trợ lực tốt:</strong> Đế giữa hấp thụ lực va đập cực tốt, phản hồi năng lượng mạnh mẽ giúp giảm thiểu chấn thương cơ xương khớp.</li>
            <li><strong>Đế ngoài chống trượt:</strong> Thiết kế mặt đế bám đường vượt trội, tăng độ ma sát và an toàn trên nhiều địa hình khác nhau.</li>
        </ul>

        <h4>2. Hướng dẫn vệ sinh và bảo quản</h4>
        <ul>
            <li>Không giặt giày bằng máy giặt để tránh làm biến dạng form dáng và hỏng lớp keo dán.</li>
            <li>Sử dụng bàn chải lông mềm và dung dịch vệ sinh chuyên dụng để làm sạch các vết bẩn.</li>
            <li>Sau khi giặt, phơi giày ở nơi khô ráo, bóng râm. Tuyệt đối không phơi trực tiếp dưới ánh nắng gắt hoặc dùng máy sấy nhiệt độ cao.</li>
            <li>Nên nhét thêm giấy báo hoặc cục hút ẩm vào bên trong giày khi không sử dụng để giữ form và khử mùi.</li>
        </ul>
        <h3>Tại sao nên chọn mua tại Axeron Sport?</h3>
        <p>Với phương châm mang đến những sản phẩm thể thao chất lượng cao và dẫn đầu xu hướng, Axeron Sport cam kết 100% sản phẩm <strong>Giày Chạy Bộ Axeron Run V8-2DEA</strong> đều được kiểm định chất lượng chặt chẽ trước khi trao đến tay khách hàng. Đội ngũ tư vấn viên nhiệt tình của chúng tôi luôn sẵn sàng hỗ trợ để bạn có thể chọn lựa được sản phẩm ưng ý nhất. Nâng tầm hiệu suất tập luyện ngay hôm nay!</p>
    ",Axeron,"Giày chạy bộ"
91,"Giày Chạy Bộ Axeron Run V9-2FED","<h3>Tổng quan chi tiết về <strong>Giày Chạy Bộ Axeron Run V9-2FED</strong></h3>
<p>Sản phẩm Giày Chạy Bộ Axeron Run V9-2FED với thiết kế hiện đại, chất liệu bền bỉ mang đến trải nghiệm tập luyện thể thao tuyệt vời.</p>

        <p>Được thiết kế chuyên biệt để nâng niu từng bước chân, <strong>Giày Chạy Bộ Axeron Run V9-2FED</strong> là người bạn đồng hành không thể thiếu cho những tín đồ đam mê vận động. Với kiểu dáng thể thao hiện đại, sản phẩm không chỉ mang lại hiệu suất cao trên sân tập mà còn rất phong cách khi dạo phố.</p>
        
        <h4>1. Cấu tạo và Công nghệ nổi bật</h4>
        <ul>
            <li><strong>Chất liệu bề mặt cao cấp:</strong> Thân giày được làm từ vật liệu siêu nhẹ và thoáng khí, giúp đôi chân luôn khô ráo dù hoạt động ở cường độ cao.</li>
            <li><strong>Bộ đệm êm ái, trợ lực tốt:</strong> Đế giữa hấp thụ lực va đập cực tốt, phản hồi năng lượng mạnh mẽ giúp giảm thiểu chấn thương cơ xương khớp.</li>
            <li><strong>Đế ngoài chống trượt:</strong> Thiết kế mặt đế bám đường vượt trội, tăng độ ma sát và an toàn trên nhiều địa hình khác nhau.</li>
        </ul>

        <h4>2. Hướng dẫn vệ sinh và bảo quản</h4>
        <ul>
            <li>Không giặt giày bằng máy giặt để tránh làm biến dạng form dáng và hỏng lớp keo dán.</li>
            <li>Sử dụng bàn chải lông mềm và dung dịch vệ sinh chuyên dụng để làm sạch các vết bẩn.</li>
            <li>Sau khi giặt, phơi giày ở nơi khô ráo, bóng râm. Tuyệt đối không phơi trực tiếp dưới ánh nắng gắt hoặc dùng máy sấy nhiệt độ cao.</li>
            <li>Nên nhét thêm giấy báo hoặc cục hút ẩm vào bên trong giày khi không sử dụng để giữ form và khử mùi.</li>
        </ul>
        <h3>Tại sao nên chọn mua tại Axeron Sport?</h3>
        <p>Với phương châm mang đến những sản phẩm thể thao chất lượng cao và dẫn đầu xu hướng, Axeron Sport cam kết 100% sản phẩm <strong>Giày Chạy Bộ Axeron Run V9-2FED</strong> đều được kiểm định chất lượng chặt chẽ trước khi trao đến tay khách hàng. Đội ngũ tư vấn viên nhiệt tình của chúng tôi luôn sẵn sàng hỗ trợ để bạn có thể chọn lựa được sản phẩm ưng ý nhất. Nâng tầm hiệu suất tập luyện ngay hôm nay!</p>
    ",Axeron,"Giày chạy bộ"
92,"Giày Chạy Bộ Axeron Run V10-82E4","<h3>Tổng quan chi tiết về <strong>Giày Chạy Bộ Axeron Run V10-82E4</strong></h3>
<p>Sản phẩm Giày Chạy Bộ Axeron Run V10-82E4 với thiết kế hiện đại, chất liệu bền bỉ mang đến trải nghiệm tập luyện thể thao tuyệt vời.</p>

        <p>Được thiết kế chuyên biệt để nâng niu từng bước chân, <strong>Giày Chạy Bộ Axeron Run V10-82E4</strong> là người bạn đồng hành không thể thiếu cho những tín đồ đam mê vận động. Với kiểu dáng thể thao hiện đại, sản phẩm không chỉ mang lại hiệu suất cao trên sân tập mà còn rất phong cách khi dạo phố.</p>
        
        <h4>1. Cấu tạo và Công nghệ nổi bật</h4>
        <ul>
            <li><strong>Chất liệu bề mặt cao cấp:</strong> Thân giày được làm từ vật liệu siêu nhẹ và thoáng khí, giúp đôi chân luôn khô ráo dù hoạt động ở cường độ cao.</li>
            <li><strong>Bộ đệm êm ái, trợ lực tốt:</strong> Đế giữa hấp thụ lực va đập cực tốt, phản hồi năng lượng mạnh mẽ giúp giảm thiểu chấn thương cơ xương khớp.</li>
            <li><strong>Đế ngoài chống trượt:</strong> Thiết kế mặt đế bám đường vượt trội, tăng độ ma sát và an toàn trên nhiều địa hình khác nhau.</li>
        </ul>

        <h4>2. Hướng dẫn vệ sinh và bảo quản</h4>
        <ul>
            <li>Không giặt giày bằng máy giặt để tránh làm biến dạng form dáng và hỏng lớp keo dán.</li>
            <li>Sử dụng bàn chải lông mềm và dung dịch vệ sinh chuyên dụng để làm sạch các vết bẩn.</li>
            <li>Sau khi giặt, phơi giày ở nơi khô ráo, bóng râm. Tuyệt đối không phơi trực tiếp dưới ánh nắng gắt hoặc dùng máy sấy nhiệt độ cao.</li>
            <li>Nên nhét thêm giấy báo hoặc cục hút ẩm vào bên trong giày khi không sử dụng để giữ form và khử mùi.</li>
        </ul>
        <h3>Tại sao nên chọn mua tại Axeron Sport?</h3>
        <p>Với phương châm mang đến những sản phẩm thể thao chất lượng cao và dẫn đầu xu hướng, Axeron Sport cam kết 100% sản phẩm <strong>Giày Chạy Bộ Axeron Run V10-82E4</strong> đều được kiểm định chất lượng chặt chẽ trước khi trao đến tay khách hàng. Đội ngũ tư vấn viên nhiệt tình của chúng tôi luôn sẵn sàng hỗ trợ để bạn có thể chọn lựa được sản phẩm ưng ý nhất. Nâng tầm hiệu suất tập luyện ngay hôm nay!</p>
    ",Axeron,"Giày chạy bộ"
93,"Bộ Suvec Nam Thể Thao 4046","<h3>Tổng quan chi tiết về <strong>Bộ Suvec Nam Thể Thao 4046</strong></h3>
<p>Đây là sản phẩm Bộ Suvec Nam cực kỳ chất lượng, mang lại cảm giác thoải mái và hiệu năng ấn tượng.</p>

        <p>Nếu bạn đang tìm kiếm một sản phẩm thể thao kết hợp hoàn hảo giữa phong cách hiện đại, sự bền bỉ và hiệu năng vượt trội, thì <strong>Bộ Suvec Nam Thể Thao 4046</strong> chính là sự lựa chọn hàng đầu. Được nghiên cứu và phát triển để đáp ứng những nhu cầu khắt khe nhất của người dùng, sản phẩm này chắc chắn sẽ làm bạn hài lòng trong từng chuyển động.</p>
        
        <h4>1. Thiết kế và Công nghệ nổi bật</h4>
        <ul>
            <li><strong>Chất lượng cao cấp:</strong> Được chế tác từ những vật liệu tuyển chọn, mang lại trải nghiệm sử dụng êm ái và thoải mái.</li>
            <li><strong>Tính ứng dụng cao:</strong> Bạn có thể dễ dàng sử dụng <strong>Bộ Suvec Nam Thể Thao 4046</strong> cho nhiều mục đích khác nhau, từ tập gym, chạy bộ cho đến dạo phố.</li>
            <li><strong>Độ bền bỉ theo thời gian:</strong> Từng chi tiết được gia công một cách tỉ mỉ, chắc chắn, giúp sản phẩm giữ được form dáng nguyên thủy dù trải qua thời gian dài sử dụng.</li>
        </ul>

        <h4>2. Hướng dẫn sử dụng và bảo quản đúng cách</h4>
        <ul>
            <li>Làm sạch sản phẩm theo đúng hướng dẫn của nhà sản xuất đính kèm trên nhãn mác.</li>
            <li>Tuyệt đối không sử dụng các loại hóa chất tẩy rửa có nồng độ mạnh.</li>
            <li>Nên phơi hoặc bảo quản ở những nơi thoáng mát, tránh để ánh nắng trực tiếp gay gắt chiếu vào trong thời gian dài.</li>
        </ul>
        <h3>Tại sao nên chọn mua tại Axeron Sport?</h3>
        <p>Với phương châm mang đến những sản phẩm thể thao chất lượng cao và dẫn đầu xu hướng, Axeron Sport cam kết 100% sản phẩm <strong>Bộ Suvec Nam Thể Thao 4046</strong> đều được kiểm định chất lượng chặt chẽ trước khi trao đến tay khách hàng. Đội ngũ tư vấn viên nhiệt tình của chúng tôi luôn sẵn sàng hỗ trợ để bạn có thể chọn lựa được sản phẩm ưng ý nhất. Nâng tầm hiệu suất tập luyện ngay hôm nay!</p>
    ",Head,"Bộ Suvec Nam"
94,"Bộ Suvec Nam Thể Thao E1F4","<h3>Tổng quan chi tiết về <strong>Bộ Suvec Nam Thể Thao E1F4</strong></h3>
<p>Đây là sản phẩm Bộ Suvec Nam cực kỳ chất lượng, mang lại cảm giác thoải mái và hiệu năng ấn tượng.</p>

        <p>Nếu bạn đang tìm kiếm một sản phẩm thể thao kết hợp hoàn hảo giữa phong cách hiện đại, sự bền bỉ và hiệu năng vượt trội, thì <strong>Bộ Suvec Nam Thể Thao E1F4</strong> chính là sự lựa chọn hàng đầu. Được nghiên cứu và phát triển để đáp ứng những nhu cầu khắt khe nhất của người dùng, sản phẩm này chắc chắn sẽ làm bạn hài lòng trong từng chuyển động.</p>
        
        <h4>1. Thiết kế và Công nghệ nổi bật</h4>
        <ul>
            <li><strong>Chất lượng cao cấp:</strong> Được chế tác từ những vật liệu tuyển chọn, mang lại trải nghiệm sử dụng êm ái và thoải mái.</li>
            <li><strong>Tính ứng dụng cao:</strong> Bạn có thể dễ dàng sử dụng <strong>Bộ Suvec Nam Thể Thao E1F4</strong> cho nhiều mục đích khác nhau, từ tập gym, chạy bộ cho đến dạo phố.</li>
            <li><strong>Độ bền bỉ theo thời gian:</strong> Từng chi tiết được gia công một cách tỉ mỉ, chắc chắn, giúp sản phẩm giữ được form dáng nguyên thủy dù trải qua thời gian dài sử dụng.</li>
        </ul>

        <h4>2. Hướng dẫn sử dụng và bảo quản đúng cách</h4>
        <ul>
            <li>Làm sạch sản phẩm theo đúng hướng dẫn của nhà sản xuất đính kèm trên nhãn mác.</li>
            <li>Tuyệt đối không sử dụng các loại hóa chất tẩy rửa có nồng độ mạnh.</li>
            <li>Nên phơi hoặc bảo quản ở những nơi thoáng mát, tránh để ánh nắng trực tiếp gay gắt chiếu vào trong thời gian dài.</li>
        </ul>
        <h3>Tại sao nên chọn mua tại Axeron Sport?</h3>
        <p>Với phương châm mang đến những sản phẩm thể thao chất lượng cao và dẫn đầu xu hướng, Axeron Sport cam kết 100% sản phẩm <strong>Bộ Suvec Nam Thể Thao E1F4</strong> đều được kiểm định chất lượng chặt chẽ trước khi trao đến tay khách hàng. Đội ngũ tư vấn viên nhiệt tình của chúng tôi luôn sẵn sàng hỗ trợ để bạn có thể chọn lựa được sản phẩm ưng ý nhất. Nâng tầm hiệu suất tập luyện ngay hôm nay!</p>
    ",Yonex,"Bộ Suvec Nam"
95,"Bộ Bóng Đá Nam Thể Thao C853","<h3>Tổng quan chi tiết về <strong>Bộ Bóng Đá Nam Thể Thao C853</strong></h3>
<p>Đây là sản phẩm Bộ Bóng Đá Nam cực kỳ chất lượng, mang lại cảm giác thoải mái và hiệu năng ấn tượng.</p>

        <p>Nếu bạn đang tìm kiếm một sản phẩm thể thao kết hợp hoàn hảo giữa phong cách hiện đại, sự bền bỉ và hiệu năng vượt trội, thì <strong>Bộ Bóng Đá Nam Thể Thao C853</strong> chính là sự lựa chọn hàng đầu. Được nghiên cứu và phát triển để đáp ứng những nhu cầu khắt khe nhất của người dùng, sản phẩm này chắc chắn sẽ làm bạn hài lòng trong từng chuyển động.</p>
        
        <h4>1. Thiết kế và Công nghệ nổi bật</h4>
        <ul>
            <li><strong>Chất lượng cao cấp:</strong> Được chế tác từ những vật liệu tuyển chọn, mang lại trải nghiệm sử dụng êm ái và thoải mái.</li>
            <li><strong>Tính ứng dụng cao:</strong> Bạn có thể dễ dàng sử dụng <strong>Bộ Bóng Đá Nam Thể Thao C853</strong> cho nhiều mục đích khác nhau, từ tập gym, chạy bộ cho đến dạo phố.</li>
            <li><strong>Độ bền bỉ theo thời gian:</strong> Từng chi tiết được gia công một cách tỉ mỉ, chắc chắn, giúp sản phẩm giữ được form dáng nguyên thủy dù trải qua thời gian dài sử dụng.</li>
        </ul>

        <h4>2. Hướng dẫn sử dụng và bảo quản đúng cách</h4>
        <ul>
            <li>Làm sạch sản phẩm theo đúng hướng dẫn của nhà sản xuất đính kèm trên nhãn mác.</li>
            <li>Tuyệt đối không sử dụng các loại hóa chất tẩy rửa có nồng độ mạnh.</li>
            <li>Nên phơi hoặc bảo quản ở những nơi thoáng mát, tránh để ánh nắng trực tiếp gay gắt chiếu vào trong thời gian dài.</li>
        </ul>
        <h3>Tại sao nên chọn mua tại Axeron Sport?</h3>
        <p>Với phương châm mang đến những sản phẩm thể thao chất lượng cao và dẫn đầu xu hướng, Axeron Sport cam kết 100% sản phẩm <strong>Bộ Bóng Đá Nam Thể Thao C853</strong> đều được kiểm định chất lượng chặt chẽ trước khi trao đến tay khách hàng. Đội ngũ tư vấn viên nhiệt tình của chúng tôi luôn sẵn sàng hỗ trợ để bạn có thể chọn lựa được sản phẩm ưng ý nhất. Nâng tầm hiệu suất tập luyện ngay hôm nay!</p>
    ",Lining,"Bộ Bóng Đá Nam"
96,"Bộ Bóng Đá Nam Thể Thao 790B","<h3>Tổng quan chi tiết về <strong>Bộ Bóng Đá Nam Thể Thao 790B</strong></h3>
<p>Đây là sản phẩm Bộ Bóng Đá Nam cực kỳ chất lượng, mang lại cảm giác thoải mái và hiệu năng ấn tượng.</p>

        <p>Nếu bạn đang tìm kiếm một sản phẩm thể thao kết hợp hoàn hảo giữa phong cách hiện đại, sự bền bỉ và hiệu năng vượt trội, thì <strong>Bộ Bóng Đá Nam Thể Thao 790B</strong> chính là sự lựa chọn hàng đầu. Được nghiên cứu và phát triển để đáp ứng những nhu cầu khắt khe nhất của người dùng, sản phẩm này chắc chắn sẽ làm bạn hài lòng trong từng chuyển động.</p>
        
        <h4>1. Thiết kế và Công nghệ nổi bật</h4>
        <ul>
            <li><strong>Chất lượng cao cấp:</strong> Được chế tác từ những vật liệu tuyển chọn, mang lại trải nghiệm sử dụng êm ái và thoải mái.</li>
            <li><strong>Tính ứng dụng cao:</strong> Bạn có thể dễ dàng sử dụng <strong>Bộ Bóng Đá Nam Thể Thao 790B</strong> cho nhiều mục đích khác nhau, từ tập gym, chạy bộ cho đến dạo phố.</li>
            <li><strong>Độ bền bỉ theo thời gian:</strong> Từng chi tiết được gia công một cách tỉ mỉ, chắc chắn, giúp sản phẩm giữ được form dáng nguyên thủy dù trải qua thời gian dài sử dụng.</li>
        </ul>

        <h4>2. Hướng dẫn sử dụng và bảo quản đúng cách</h4>
        <ul>
            <li>Làm sạch sản phẩm theo đúng hướng dẫn của nhà sản xuất đính kèm trên nhãn mác.</li>
            <li>Tuyệt đối không sử dụng các loại hóa chất tẩy rửa có nồng độ mạnh.</li>
            <li>Nên phơi hoặc bảo quản ở những nơi thoáng mát, tránh để ánh nắng trực tiếp gay gắt chiếu vào trong thời gian dài.</li>
        </ul>
        <h3>Tại sao nên chọn mua tại Axeron Sport?</h3>
        <p>Với phương châm mang đến những sản phẩm thể thao chất lượng cao và dẫn đầu xu hướng, Axeron Sport cam kết 100% sản phẩm <strong>Bộ Bóng Đá Nam Thể Thao 790B</strong> đều được kiểm định chất lượng chặt chẽ trước khi trao đến tay khách hàng. Đội ngũ tư vấn viên nhiệt tình của chúng tôi luôn sẵn sàng hỗ trợ để bạn có thể chọn lựa được sản phẩm ưng ý nhất. Nâng tầm hiệu suất tập luyện ngay hôm nay!</p>
    ",Puma,"Bộ Bóng Đá Nam"
97,"Bộ Cầu Lông Nam Thể Thao D4D2","<h3>Tổng quan chi tiết về <strong>Bộ Cầu Lông Nam Thể Thao D4D2</strong></h3>
<p>Đây là sản phẩm Bộ Cầu Lông Nam cực kỳ chất lượng, mang lại cảm giác thoải mái và hiệu năng ấn tượng.</p>

        <p>Nếu bạn đang tìm kiếm một sản phẩm thể thao kết hợp hoàn hảo giữa phong cách hiện đại, sự bền bỉ và hiệu năng vượt trội, thì <strong>Bộ Cầu Lông Nam Thể Thao D4D2</strong> chính là sự lựa chọn hàng đầu. Được nghiên cứu và phát triển để đáp ứng những nhu cầu khắt khe nhất của người dùng, sản phẩm này chắc chắn sẽ làm bạn hài lòng trong từng chuyển động.</p>
        
        <h4>1. Thiết kế và Công nghệ nổi bật</h4>
        <ul>
            <li><strong>Chất lượng cao cấp:</strong> Được chế tác từ những vật liệu tuyển chọn, mang lại trải nghiệm sử dụng êm ái và thoải mái.</li>
            <li><strong>Tính ứng dụng cao:</strong> Bạn có thể dễ dàng sử dụng <strong>Bộ Cầu Lông Nam Thể Thao D4D2</strong> cho nhiều mục đích khác nhau, từ tập gym, chạy bộ cho đến dạo phố.</li>
            <li><strong>Độ bền bỉ theo thời gian:</strong> Từng chi tiết được gia công một cách tỉ mỉ, chắc chắn, giúp sản phẩm giữ được form dáng nguyên thủy dù trải qua thời gian dài sử dụng.</li>
        </ul>

        <h4>2. Hướng dẫn sử dụng và bảo quản đúng cách</h4>
        <ul>
            <li>Làm sạch sản phẩm theo đúng hướng dẫn của nhà sản xuất đính kèm trên nhãn mác.</li>
            <li>Tuyệt đối không sử dụng các loại hóa chất tẩy rửa có nồng độ mạnh.</li>
            <li>Nên phơi hoặc bảo quản ở những nơi thoáng mát, tránh để ánh nắng trực tiếp gay gắt chiếu vào trong thời gian dài.</li>
        </ul>
        <h3>Tại sao nên chọn mua tại Axeron Sport?</h3>
        <p>Với phương châm mang đến những sản phẩm thể thao chất lượng cao và dẫn đầu xu hướng, Axeron Sport cam kết 100% sản phẩm <strong>Bộ Cầu Lông Nam Thể Thao D4D2</strong> đều được kiểm định chất lượng chặt chẽ trước khi trao đến tay khách hàng. Đội ngũ tư vấn viên nhiệt tình của chúng tôi luôn sẵn sàng hỗ trợ để bạn có thể chọn lựa được sản phẩm ưng ý nhất. Nâng tầm hiệu suất tập luyện ngay hôm nay!</p>
    ",Asics,"Bộ Cầu Lông Nam"
98,"Bộ Cầu Lông Nam Thể Thao C815","<h3>Tổng quan chi tiết về <strong>Bộ Cầu Lông Nam Thể Thao C815</strong></h3>
<p>Đây là sản phẩm Bộ Cầu Lông Nam cực kỳ chất lượng, mang lại cảm giác thoải mái và hiệu năng ấn tượng.</p>

        <p>Nếu bạn đang tìm kiếm một sản phẩm thể thao kết hợp hoàn hảo giữa phong cách hiện đại, sự bền bỉ và hiệu năng vượt trội, thì <strong>Bộ Cầu Lông Nam Thể Thao C815</strong> chính là sự lựa chọn hàng đầu. Được nghiên cứu và phát triển để đáp ứng những nhu cầu khắt khe nhất của người dùng, sản phẩm này chắc chắn sẽ làm bạn hài lòng trong từng chuyển động.</p>
        
        <h4>1. Thiết kế và Công nghệ nổi bật</h4>
        <ul>
            <li><strong>Chất lượng cao cấp:</strong> Được chế tác từ những vật liệu tuyển chọn, mang lại trải nghiệm sử dụng êm ái và thoải mái.</li>
            <li><strong>Tính ứng dụng cao:</strong> Bạn có thể dễ dàng sử dụng <strong>Bộ Cầu Lông Nam Thể Thao C815</strong> cho nhiều mục đích khác nhau, từ tập gym, chạy bộ cho đến dạo phố.</li>
            <li><strong>Độ bền bỉ theo thời gian:</strong> Từng chi tiết được gia công một cách tỉ mỉ, chắc chắn, giúp sản phẩm giữ được form dáng nguyên thủy dù trải qua thời gian dài sử dụng.</li>
        </ul>

        <h4>2. Hướng dẫn sử dụng và bảo quản đúng cách</h4>
        <ul>
            <li>Làm sạch sản phẩm theo đúng hướng dẫn của nhà sản xuất đính kèm trên nhãn mác.</li>
            <li>Tuyệt đối không sử dụng các loại hóa chất tẩy rửa có nồng độ mạnh.</li>
            <li>Nên phơi hoặc bảo quản ở những nơi thoáng mát, tránh để ánh nắng trực tiếp gay gắt chiếu vào trong thời gian dài.</li>
        </ul>
        <h3>Tại sao nên chọn mua tại Axeron Sport?</h3>
        <p>Với phương châm mang đến những sản phẩm thể thao chất lượng cao và dẫn đầu xu hướng, Axeron Sport cam kết 100% sản phẩm <strong>Bộ Cầu Lông Nam Thể Thao C815</strong> đều được kiểm định chất lượng chặt chẽ trước khi trao đến tay khách hàng. Đội ngũ tư vấn viên nhiệt tình của chúng tôi luôn sẵn sàng hỗ trợ để bạn có thể chọn lựa được sản phẩm ưng ý nhất. Nâng tầm hiệu suất tập luyện ngay hôm nay!</p>
    ",Head,"Bộ Cầu Lông Nam"
99,"Bộ Bóng Chuyền Nam Thể Thao F2AD","<h3>Tổng quan chi tiết về <strong>Bộ Bóng Chuyền Nam Thể Thao F2AD</strong></h3>
<p>Đây là sản phẩm Bộ Bóng Chuyền Nam cực kỳ chất lượng, mang lại cảm giác thoải mái và hiệu năng ấn tượng.</p>

        <p>Nếu bạn đang tìm kiếm một sản phẩm thể thao kết hợp hoàn hảo giữa phong cách hiện đại, sự bền bỉ và hiệu năng vượt trội, thì <strong>Bộ Bóng Chuyền Nam Thể Thao F2AD</strong> chính là sự lựa chọn hàng đầu. Được nghiên cứu và phát triển để đáp ứng những nhu cầu khắt khe nhất của người dùng, sản phẩm này chắc chắn sẽ làm bạn hài lòng trong từng chuyển động.</p>
        
        <h4>1. Thiết kế và Công nghệ nổi bật</h4>
        <ul>
            <li><strong>Chất lượng cao cấp:</strong> Được chế tác từ những vật liệu tuyển chọn, mang lại trải nghiệm sử dụng êm ái và thoải mái.</li>
            <li><strong>Tính ứng dụng cao:</strong> Bạn có thể dễ dàng sử dụng <strong>Bộ Bóng Chuyền Nam Thể Thao F2AD</strong> cho nhiều mục đích khác nhau, từ tập gym, chạy bộ cho đến dạo phố.</li>
            <li><strong>Độ bền bỉ theo thời gian:</strong> Từng chi tiết được gia công một cách tỉ mỉ, chắc chắn, giúp sản phẩm giữ được form dáng nguyên thủy dù trải qua thời gian dài sử dụng.</li>
        </ul>

        <h4>2. Hướng dẫn sử dụng và bảo quản đúng cách</h4>
        <ul>
            <li>Làm sạch sản phẩm theo đúng hướng dẫn của nhà sản xuất đính kèm trên nhãn mác.</li>
            <li>Tuyệt đối không sử dụng các loại hóa chất tẩy rửa có nồng độ mạnh.</li>
            <li>Nên phơi hoặc bảo quản ở những nơi thoáng mát, tránh để ánh nắng trực tiếp gay gắt chiếu vào trong thời gian dài.</li>
        </ul>
        <h3>Tại sao nên chọn mua tại Axeron Sport?</h3>
        <p>Với phương châm mang đến những sản phẩm thể thao chất lượng cao và dẫn đầu xu hướng, Axeron Sport cam kết 100% sản phẩm <strong>Bộ Bóng Chuyền Nam Thể Thao F2AD</strong> đều được kiểm định chất lượng chặt chẽ trước khi trao đến tay khách hàng. Đội ngũ tư vấn viên nhiệt tình của chúng tôi luôn sẵn sàng hỗ trợ để bạn có thể chọn lựa được sản phẩm ưng ý nhất. Nâng tầm hiệu suất tập luyện ngay hôm nay!</p>
    ",Puma,"Bộ Bóng Chuyền Nam"
100,"Bộ Bóng Chuyền Nam Thể Thao 3CB9","<h3>Tổng quan chi tiết về <strong>Bộ Bóng Chuyền Nam Thể Thao 3CB9</strong></h3>
<p>Đây là sản phẩm Bộ Bóng Chuyền Nam cực kỳ chất lượng, mang lại cảm giác thoải mái và hiệu năng ấn tượng.</p>

        <p>Nếu bạn đang tìm kiếm một sản phẩm thể thao kết hợp hoàn hảo giữa phong cách hiện đại, sự bền bỉ và hiệu năng vượt trội, thì <strong>Bộ Bóng Chuyền Nam Thể Thao 3CB9</strong> chính là sự lựa chọn hàng đầu. Được nghiên cứu và phát triển để đáp ứng những nhu cầu khắt khe nhất của người dùng, sản phẩm này chắc chắn sẽ làm bạn hài lòng trong từng chuyển động.</p>
        
        <h4>1. Thiết kế và Công nghệ nổi bật</h4>
        <ul>
            <li><strong>Chất lượng cao cấp:</strong> Được chế tác từ những vật liệu tuyển chọn, mang lại trải nghiệm sử dụng êm ái và thoải mái.</li>
            <li><strong>Tính ứng dụng cao:</strong> Bạn có thể dễ dàng sử dụng <strong>Bộ Bóng Chuyền Nam Thể Thao 3CB9</strong> cho nhiều mục đích khác nhau, từ tập gym, chạy bộ cho đến dạo phố.</li>
            <li><strong>Độ bền bỉ theo thời gian:</strong> Từng chi tiết được gia công một cách tỉ mỉ, chắc chắn, giúp sản phẩm giữ được form dáng nguyên thủy dù trải qua thời gian dài sử dụng.</li>
        </ul>

        <h4>2. Hướng dẫn sử dụng và bảo quản đúng cách</h4>
        <ul>
            <li>Làm sạch sản phẩm theo đúng hướng dẫn của nhà sản xuất đính kèm trên nhãn mác.</li>
            <li>Tuyệt đối không sử dụng các loại hóa chất tẩy rửa có nồng độ mạnh.</li>
            <li>Nên phơi hoặc bảo quản ở những nơi thoáng mát, tránh để ánh nắng trực tiếp gay gắt chiếu vào trong thời gian dài.</li>
        </ul>
        <h3>Tại sao nên chọn mua tại Axeron Sport?</h3>
        <p>Với phương châm mang đến những sản phẩm thể thao chất lượng cao và dẫn đầu xu hướng, Axeron Sport cam kết 100% sản phẩm <strong>Bộ Bóng Chuyền Nam Thể Thao 3CB9</strong> đều được kiểm định chất lượng chặt chẽ trước khi trao đến tay khách hàng. Đội ngũ tư vấn viên nhiệt tình của chúng tôi luôn sẵn sàng hỗ trợ để bạn có thể chọn lựa được sản phẩm ưng ý nhất. Nâng tầm hiệu suất tập luyện ngay hôm nay!</p>
    ","Động Lực","Bộ Bóng Chuyền Nam"
101,"Bộ Pickleball Nam Thể Thao 8D6C","<h3>Tổng quan chi tiết về <strong>Bộ Pickleball Nam Thể Thao 8D6C</strong></h3>
<p>Đây là sản phẩm Bộ Pickleball Nam cực kỳ chất lượng, mang lại cảm giác thoải mái và hiệu năng ấn tượng.</p>

        <p>Nếu bạn đang tìm kiếm một sản phẩm thể thao kết hợp hoàn hảo giữa phong cách hiện đại, sự bền bỉ và hiệu năng vượt trội, thì <strong>Bộ Pickleball Nam Thể Thao 8D6C</strong> chính là sự lựa chọn hàng đầu. Được nghiên cứu và phát triển để đáp ứng những nhu cầu khắt khe nhất của người dùng, sản phẩm này chắc chắn sẽ làm bạn hài lòng trong từng chuyển động.</p>
        
        <h4>1. Thiết kế và Công nghệ nổi bật</h4>
        <ul>
            <li><strong>Chất lượng cao cấp:</strong> Được chế tác từ những vật liệu tuyển chọn, mang lại trải nghiệm sử dụng êm ái và thoải mái.</li>
            <li><strong>Tính ứng dụng cao:</strong> Bạn có thể dễ dàng sử dụng <strong>Bộ Pickleball Nam Thể Thao 8D6C</strong> cho nhiều mục đích khác nhau, từ tập gym, chạy bộ cho đến dạo phố.</li>
            <li><strong>Độ bền bỉ theo thời gian:</strong> Từng chi tiết được gia công một cách tỉ mỉ, chắc chắn, giúp sản phẩm giữ được form dáng nguyên thủy dù trải qua thời gian dài sử dụng.</li>
        </ul>

        <h4>2. Hướng dẫn sử dụng và bảo quản đúng cách</h4>
        <ul>
            <li>Làm sạch sản phẩm theo đúng hướng dẫn của nhà sản xuất đính kèm trên nhãn mác.</li>
            <li>Tuyệt đối không sử dụng các loại hóa chất tẩy rửa có nồng độ mạnh.</li>
            <li>Nên phơi hoặc bảo quản ở những nơi thoáng mát, tránh để ánh nắng trực tiếp gay gắt chiếu vào trong thời gian dài.</li>
        </ul>
        <h3>Tại sao nên chọn mua tại Axeron Sport?</h3>
        <p>Với phương châm mang đến những sản phẩm thể thao chất lượng cao và dẫn đầu xu hướng, Axeron Sport cam kết 100% sản phẩm <strong>Bộ Pickleball Nam Thể Thao 8D6C</strong> đều được kiểm định chất lượng chặt chẽ trước khi trao đến tay khách hàng. Đội ngũ tư vấn viên nhiệt tình của chúng tôi luôn sẵn sàng hỗ trợ để bạn có thể chọn lựa được sản phẩm ưng ý nhất. Nâng tầm hiệu suất tập luyện ngay hôm nay!</p>
    ",Asics,"Bộ Pickleball Nam"
102,"Bộ Pickleball Nam Thể Thao 5BB5","<h3>Tổng quan chi tiết về <strong>Bộ Pickleball Nam Thể Thao 5BB5</strong></h3>
<p>Đây là sản phẩm Bộ Pickleball Nam cực kỳ chất lượng, mang lại cảm giác thoải mái và hiệu năng ấn tượng.</p>

        <p>Nếu bạn đang tìm kiếm một sản phẩm thể thao kết hợp hoàn hảo giữa phong cách hiện đại, sự bền bỉ và hiệu năng vượt trội, thì <strong>Bộ Pickleball Nam Thể Thao 5BB5</strong> chính là sự lựa chọn hàng đầu. Được nghiên cứu và phát triển để đáp ứng những nhu cầu khắt khe nhất của người dùng, sản phẩm này chắc chắn sẽ làm bạn hài lòng trong từng chuyển động.</p>
        
        <h4>1. Thiết kế và Công nghệ nổi bật</h4>
        <ul>
            <li><strong>Chất lượng cao cấp:</strong> Được chế tác từ những vật liệu tuyển chọn, mang lại trải nghiệm sử dụng êm ái và thoải mái.</li>
            <li><strong>Tính ứng dụng cao:</strong> Bạn có thể dễ dàng sử dụng <strong>Bộ Pickleball Nam Thể Thao 5BB5</strong> cho nhiều mục đích khác nhau, từ tập gym, chạy bộ cho đến dạo phố.</li>
            <li><strong>Độ bền bỉ theo thời gian:</strong> Từng chi tiết được gia công một cách tỉ mỉ, chắc chắn, giúp sản phẩm giữ được form dáng nguyên thủy dù trải qua thời gian dài sử dụng.</li>
        </ul>

        <h4>2. Hướng dẫn sử dụng và bảo quản đúng cách</h4>
        <ul>
            <li>Làm sạch sản phẩm theo đúng hướng dẫn của nhà sản xuất đính kèm trên nhãn mác.</li>
            <li>Tuyệt đối không sử dụng các loại hóa chất tẩy rửa có nồng độ mạnh.</li>
            <li>Nên phơi hoặc bảo quản ở những nơi thoáng mát, tránh để ánh nắng trực tiếp gay gắt chiếu vào trong thời gian dài.</li>
        </ul>
        <h3>Tại sao nên chọn mua tại Axeron Sport?</h3>
        <p>Với phương châm mang đến những sản phẩm thể thao chất lượng cao và dẫn đầu xu hướng, Axeron Sport cam kết 100% sản phẩm <strong>Bộ Pickleball Nam Thể Thao 5BB5</strong> đều được kiểm định chất lượng chặt chẽ trước khi trao đến tay khách hàng. Đội ngũ tư vấn viên nhiệt tình của chúng tôi luôn sẵn sàng hỗ trợ để bạn có thể chọn lựa được sản phẩm ưng ý nhất. Nâng tầm hiệu suất tập luyện ngay hôm nay!</p>
    ",Mizuno,"Bộ Pickleball Nam"
103,"Mũ Nam Thể Thao D313","<h3>Tổng quan chi tiết về <strong>Mũ Nam Thể Thao D313</strong></h3>
<p>Đây là sản phẩm Mũ Nam cực kỳ chất lượng, mang lại cảm giác thoải mái và hiệu năng ấn tượng.</p>

        <p><strong>Mũ Nam Thể Thao D313</strong> là món phụ kiện đắc lực giúp bạn hoàn thiện phong cách thể thao và mang lại sự tiện ích tối đa trong những buổi tập luyện hay các chuyến đi dã ngoại.</p>
        
        <h4>1. Ưu điểm nổi bật</h4>
        <ul>
            <li><strong>Thiết kế thông minh và tiện dụng:</strong> Tối ưu hóa không gian lưu trữ và dễ dàng mang theo mọi lúc mọi nơi.</li>
            <li><strong>Chất liệu bền bỉ:</strong> Được làm từ những vật liệu có khả năng chống thấm nước, chịu lực tốt, bảo vệ đồ đạc bên trong một cách an toàn.</li>
            <li><strong>Kiểu dáng hiện đại:</strong> Gam màu năng động, khỏe khoắn, dễ dàng mix & match với nhiều trang phục khác nhau.</li>
        </ul>

        <h4>2. Hướng dẫn bảo quản</h4>
        <ul>
            <li>Nên dùng khăn ẩm lau sạch bụi bẩn trên bề mặt sau mỗi lần sử dụng.</li>
            <li>Bảo quản nơi khô ráo, thoáng mát, tránh để ở môi trường có độ ẩm quá cao gây nấm mốc.</li>
            <li>Tránh để sản phẩm tiếp xúc với các vật nhọn để không làm rách hoặc xước bề mặt chất liệu.</li>
        </ul>
        <h3>Tại sao nên chọn mua tại Axeron Sport?</h3>
        <p>Với phương châm mang đến những sản phẩm thể thao chất lượng cao và dẫn đầu xu hướng, Axeron Sport cam kết 100% sản phẩm <strong>Mũ Nam Thể Thao D313</strong> đều được kiểm định chất lượng chặt chẽ trước khi trao đến tay khách hàng. Đội ngũ tư vấn viên nhiệt tình của chúng tôi luôn sẵn sàng hỗ trợ để bạn có thể chọn lựa được sản phẩm ưng ý nhất. Nâng tầm hiệu suất tập luyện ngay hôm nay!</p>
    ",Yonex,"Mũ Nam"
104,"Mũ Nam Thể Thao D59B","<h3>Tổng quan chi tiết về <strong>Mũ Nam Thể Thao D59B</strong></h3>
<p>Đây là sản phẩm Mũ Nam cực kỳ chất lượng, mang lại cảm giác thoải mái và hiệu năng ấn tượng.</p>

        <p><strong>Mũ Nam Thể Thao D59B</strong> là món phụ kiện đắc lực giúp bạn hoàn thiện phong cách thể thao và mang lại sự tiện ích tối đa trong những buổi tập luyện hay các chuyến đi dã ngoại.</p>
        
        <h4>1. Ưu điểm nổi bật</h4>
        <ul>
            <li><strong>Thiết kế thông minh và tiện dụng:</strong> Tối ưu hóa không gian lưu trữ và dễ dàng mang theo mọi lúc mọi nơi.</li>
            <li><strong>Chất liệu bền bỉ:</strong> Được làm từ những vật liệu có khả năng chống thấm nước, chịu lực tốt, bảo vệ đồ đạc bên trong một cách an toàn.</li>
            <li><strong>Kiểu dáng hiện đại:</strong> Gam màu năng động, khỏe khoắn, dễ dàng mix & match với nhiều trang phục khác nhau.</li>
        </ul>

        <h4>2. Hướng dẫn bảo quản</h4>
        <ul>
            <li>Nên dùng khăn ẩm lau sạch bụi bẩn trên bề mặt sau mỗi lần sử dụng.</li>
            <li>Bảo quản nơi khô ráo, thoáng mát, tránh để ở môi trường có độ ẩm quá cao gây nấm mốc.</li>
            <li>Tránh để sản phẩm tiếp xúc với các vật nhọn để không làm rách hoặc xước bề mặt chất liệu.</li>
        </ul>
        <h3>Tại sao nên chọn mua tại Axeron Sport?</h3>
        <p>Với phương châm mang đến những sản phẩm thể thao chất lượng cao và dẫn đầu xu hướng, Axeron Sport cam kết 100% sản phẩm <strong>Mũ Nam Thể Thao D59B</strong> đều được kiểm định chất lượng chặt chẽ trước khi trao đến tay khách hàng. Đội ngũ tư vấn viên nhiệt tình của chúng tôi luôn sẵn sàng hỗ trợ để bạn có thể chọn lựa được sản phẩm ưng ý nhất. Nâng tầm hiệu suất tập luyện ngay hôm nay!</p>
    ",Asics,"Mũ Nam"
105,"Balo Nam Thể Thao 9033","<h3>Tổng quan chi tiết về <strong>Balo Nam Thể Thao 9033</strong></h3>
<p>Đây là sản phẩm Balo Nam cực kỳ chất lượng, mang lại cảm giác thoải mái và hiệu năng ấn tượng.</p>

        <p><strong>Balo Nam Thể Thao 9033</strong> là món phụ kiện đắc lực giúp bạn hoàn thiện phong cách thể thao và mang lại sự tiện ích tối đa trong những buổi tập luyện hay các chuyến đi dã ngoại.</p>
        
        <h4>1. Ưu điểm nổi bật</h4>
        <ul>
            <li><strong>Thiết kế thông minh và tiện dụng:</strong> Tối ưu hóa không gian lưu trữ và dễ dàng mang theo mọi lúc mọi nơi.</li>
            <li><strong>Chất liệu bền bỉ:</strong> Được làm từ những vật liệu có khả năng chống thấm nước, chịu lực tốt, bảo vệ đồ đạc bên trong một cách an toàn.</li>
            <li><strong>Kiểu dáng hiện đại:</strong> Gam màu năng động, khỏe khoắn, dễ dàng mix & match với nhiều trang phục khác nhau.</li>
        </ul>

        <h4>2. Hướng dẫn bảo quản</h4>
        <ul>
            <li>Nên dùng khăn ẩm lau sạch bụi bẩn trên bề mặt sau mỗi lần sử dụng.</li>
            <li>Bảo quản nơi khô ráo, thoáng mát, tránh để ở môi trường có độ ẩm quá cao gây nấm mốc.</li>
            <li>Tránh để sản phẩm tiếp xúc với các vật nhọn để không làm rách hoặc xước bề mặt chất liệu.</li>
        </ul>
        <h3>Tại sao nên chọn mua tại Axeron Sport?</h3>
        <p>Với phương châm mang đến những sản phẩm thể thao chất lượng cao và dẫn đầu xu hướng, Axeron Sport cam kết 100% sản phẩm <strong>Balo Nam Thể Thao 9033</strong> đều được kiểm định chất lượng chặt chẽ trước khi trao đến tay khách hàng. Đội ngũ tư vấn viên nhiệt tình của chúng tôi luôn sẵn sàng hỗ trợ để bạn có thể chọn lựa được sản phẩm ưng ý nhất. Nâng tầm hiệu suất tập luyện ngay hôm nay!</p>
    ",Head,"Balo Nam"
106,"Balo Nam Thể Thao 0FBC","<h3>Tổng quan chi tiết về <strong>Balo Nam Thể Thao 0FBC</strong></h3>
<p>Đây là sản phẩm Balo Nam cực kỳ chất lượng, mang lại cảm giác thoải mái và hiệu năng ấn tượng.</p>

        <p><strong>Balo Nam Thể Thao 0FBC</strong> là món phụ kiện đắc lực giúp bạn hoàn thiện phong cách thể thao và mang lại sự tiện ích tối đa trong những buổi tập luyện hay các chuyến đi dã ngoại.</p>
        
        <h4>1. Ưu điểm nổi bật</h4>
        <ul>
            <li><strong>Thiết kế thông minh và tiện dụng:</strong> Tối ưu hóa không gian lưu trữ và dễ dàng mang theo mọi lúc mọi nơi.</li>
            <li><strong>Chất liệu bền bỉ:</strong> Được làm từ những vật liệu có khả năng chống thấm nước, chịu lực tốt, bảo vệ đồ đạc bên trong một cách an toàn.</li>
            <li><strong>Kiểu dáng hiện đại:</strong> Gam màu năng động, khỏe khoắn, dễ dàng mix & match với nhiều trang phục khác nhau.</li>
        </ul>

        <h4>2. Hướng dẫn bảo quản</h4>
        <ul>
            <li>Nên dùng khăn ẩm lau sạch bụi bẩn trên bề mặt sau mỗi lần sử dụng.</li>
            <li>Bảo quản nơi khô ráo, thoáng mát, tránh để ở môi trường có độ ẩm quá cao gây nấm mốc.</li>
            <li>Tránh để sản phẩm tiếp xúc với các vật nhọn để không làm rách hoặc xước bề mặt chất liệu.</li>
        </ul>
        <h3>Tại sao nên chọn mua tại Axeron Sport?</h3>
        <p>Với phương châm mang đến những sản phẩm thể thao chất lượng cao và dẫn đầu xu hướng, Axeron Sport cam kết 100% sản phẩm <strong>Balo Nam Thể Thao 0FBC</strong> đều được kiểm định chất lượng chặt chẽ trước khi trao đến tay khách hàng. Đội ngũ tư vấn viên nhiệt tình của chúng tôi luôn sẵn sàng hỗ trợ để bạn có thể chọn lựa được sản phẩm ưng ý nhất. Nâng tầm hiệu suất tập luyện ngay hôm nay!</p>
    ",Yonex,"Balo Nam"
107,"Tất Nam Thể Thao 1655","<h3>Tổng quan chi tiết về <strong>Tất Nam Thể Thao 1655</strong></h3>
<p>Đây là sản phẩm Tất Nam cực kỳ chất lượng, mang lại cảm giác thoải mái và hiệu năng ấn tượng.</p>

        <p><strong>Tất Nam Thể Thao 1655</strong> là món phụ kiện đắc lực giúp bạn hoàn thiện phong cách thể thao và mang lại sự tiện ích tối đa trong những buổi tập luyện hay các chuyến đi dã ngoại.</p>
        
        <h4>1. Ưu điểm nổi bật</h4>
        <ul>
            <li><strong>Thiết kế thông minh và tiện dụng:</strong> Tối ưu hóa không gian lưu trữ và dễ dàng mang theo mọi lúc mọi nơi.</li>
            <li><strong>Chất liệu bền bỉ:</strong> Được làm từ những vật liệu có khả năng chống thấm nước, chịu lực tốt, bảo vệ đồ đạc bên trong một cách an toàn.</li>
            <li><strong>Kiểu dáng hiện đại:</strong> Gam màu năng động, khỏe khoắn, dễ dàng mix & match với nhiều trang phục khác nhau.</li>
        </ul>

        <h4>2. Hướng dẫn bảo quản</h4>
        <ul>
            <li>Nên dùng khăn ẩm lau sạch bụi bẩn trên bề mặt sau mỗi lần sử dụng.</li>
            <li>Bảo quản nơi khô ráo, thoáng mát, tránh để ở môi trường có độ ẩm quá cao gây nấm mốc.</li>
            <li>Tránh để sản phẩm tiếp xúc với các vật nhọn để không làm rách hoặc xước bề mặt chất liệu.</li>
        </ul>
        <h3>Tại sao nên chọn mua tại Axeron Sport?</h3>
        <p>Với phương châm mang đến những sản phẩm thể thao chất lượng cao và dẫn đầu xu hướng, Axeron Sport cam kết 100% sản phẩm <strong>Tất Nam Thể Thao 1655</strong> đều được kiểm định chất lượng chặt chẽ trước khi trao đến tay khách hàng. Đội ngũ tư vấn viên nhiệt tình của chúng tôi luôn sẵn sàng hỗ trợ để bạn có thể chọn lựa được sản phẩm ưng ý nhất. Nâng tầm hiệu suất tập luyện ngay hôm nay!</p>
    ",Puma,"Tất Nam"
108,"Tất Nam Thể Thao 5B0E","<h3>Tổng quan chi tiết về <strong>Tất Nam Thể Thao 5B0E</strong></h3>
<p>Đây là sản phẩm Tất Nam cực kỳ chất lượng, mang lại cảm giác thoải mái và hiệu năng ấn tượng.</p>

        <p><strong>Tất Nam Thể Thao 5B0E</strong> là món phụ kiện đắc lực giúp bạn hoàn thiện phong cách thể thao và mang lại sự tiện ích tối đa trong những buổi tập luyện hay các chuyến đi dã ngoại.</p>
        
        <h4>1. Ưu điểm nổi bật</h4>
        <ul>
            <li><strong>Thiết kế thông minh và tiện dụng:</strong> Tối ưu hóa không gian lưu trữ và dễ dàng mang theo mọi lúc mọi nơi.</li>
            <li><strong>Chất liệu bền bỉ:</strong> Được làm từ những vật liệu có khả năng chống thấm nước, chịu lực tốt, bảo vệ đồ đạc bên trong một cách an toàn.</li>
            <li><strong>Kiểu dáng hiện đại:</strong> Gam màu năng động, khỏe khoắn, dễ dàng mix & match với nhiều trang phục khác nhau.</li>
        </ul>

        <h4>2. Hướng dẫn bảo quản</h4>
        <ul>
            <li>Nên dùng khăn ẩm lau sạch bụi bẩn trên bề mặt sau mỗi lần sử dụng.</li>
            <li>Bảo quản nơi khô ráo, thoáng mát, tránh để ở môi trường có độ ẩm quá cao gây nấm mốc.</li>
            <li>Tránh để sản phẩm tiếp xúc với các vật nhọn để không làm rách hoặc xước bề mặt chất liệu.</li>
        </ul>
        <h3>Tại sao nên chọn mua tại Axeron Sport?</h3>
        <p>Với phương châm mang đến những sản phẩm thể thao chất lượng cao và dẫn đầu xu hướng, Axeron Sport cam kết 100% sản phẩm <strong>Tất Nam Thể Thao 5B0E</strong> đều được kiểm định chất lượng chặt chẽ trước khi trao đến tay khách hàng. Đội ngũ tư vấn viên nhiệt tình của chúng tôi luôn sẵn sàng hỗ trợ để bạn có thể chọn lựa được sản phẩm ưng ý nhất. Nâng tầm hiệu suất tập luyện ngay hôm nay!</p>
    ",Nike,"Tất Nam"
109,"Bộ Suvec Nữ Thể Thao 09BF","<h3>Tổng quan chi tiết về <strong>Bộ Suvec Nữ Thể Thao 09BF</strong></h3>
<p>Đây là sản phẩm Bộ Suvec Nữ cực kỳ chất lượng, mang lại cảm giác thoải mái và hiệu năng ấn tượng.</p>

        <p>Nếu bạn đang tìm kiếm một sản phẩm thể thao kết hợp hoàn hảo giữa phong cách hiện đại, sự bền bỉ và hiệu năng vượt trội, thì <strong>Bộ Suvec Nữ Thể Thao 09BF</strong> chính là sự lựa chọn hàng đầu. Được nghiên cứu và phát triển để đáp ứng những nhu cầu khắt khe nhất của người dùng, sản phẩm này chắc chắn sẽ làm bạn hài lòng trong từng chuyển động.</p>
        
        <h4>1. Thiết kế và Công nghệ nổi bật</h4>
        <ul>
            <li><strong>Chất lượng cao cấp:</strong> Được chế tác từ những vật liệu tuyển chọn, mang lại trải nghiệm sử dụng êm ái và thoải mái.</li>
            <li><strong>Tính ứng dụng cao:</strong> Bạn có thể dễ dàng sử dụng <strong>Bộ Suvec Nữ Thể Thao 09BF</strong> cho nhiều mục đích khác nhau, từ tập gym, chạy bộ cho đến dạo phố.</li>
            <li><strong>Độ bền bỉ theo thời gian:</strong> Từng chi tiết được gia công một cách tỉ mỉ, chắc chắn, giúp sản phẩm giữ được form dáng nguyên thủy dù trải qua thời gian dài sử dụng.</li>
        </ul>

        <h4>2. Hướng dẫn sử dụng và bảo quản đúng cách</h4>
        <ul>
            <li>Làm sạch sản phẩm theo đúng hướng dẫn của nhà sản xuất đính kèm trên nhãn mác.</li>
            <li>Tuyệt đối không sử dụng các loại hóa chất tẩy rửa có nồng độ mạnh.</li>
            <li>Nên phơi hoặc bảo quản ở những nơi thoáng mát, tránh để ánh nắng trực tiếp gay gắt chiếu vào trong thời gian dài.</li>
        </ul>
        <h3>Tại sao nên chọn mua tại Axeron Sport?</h3>
        <p>Với phương châm mang đến những sản phẩm thể thao chất lượng cao và dẫn đầu xu hướng, Axeron Sport cam kết 100% sản phẩm <strong>Bộ Suvec Nữ Thể Thao 09BF</strong> đều được kiểm định chất lượng chặt chẽ trước khi trao đến tay khách hàng. Đội ngũ tư vấn viên nhiệt tình của chúng tôi luôn sẵn sàng hỗ trợ để bạn có thể chọn lựa được sản phẩm ưng ý nhất. Nâng tầm hiệu suất tập luyện ngay hôm nay!</p>
    ",Yonex,"Bộ Suvec Nữ"
110,"Bộ Suvec Nữ Thể Thao 5F29","<h3>Tổng quan chi tiết về <strong>Bộ Suvec Nữ Thể Thao 5F29</strong></h3>
<p>Đây là sản phẩm Bộ Suvec Nữ cực kỳ chất lượng, mang lại cảm giác thoải mái và hiệu năng ấn tượng.</p>

        <p>Nếu bạn đang tìm kiếm một sản phẩm thể thao kết hợp hoàn hảo giữa phong cách hiện đại, sự bền bỉ và hiệu năng vượt trội, thì <strong>Bộ Suvec Nữ Thể Thao 5F29</strong> chính là sự lựa chọn hàng đầu. Được nghiên cứu và phát triển để đáp ứng những nhu cầu khắt khe nhất của người dùng, sản phẩm này chắc chắn sẽ làm bạn hài lòng trong từng chuyển động.</p>
        
        <h4>1. Thiết kế và Công nghệ nổi bật</h4>
        <ul>
            <li><strong>Chất lượng cao cấp:</strong> Được chế tác từ những vật liệu tuyển chọn, mang lại trải nghiệm sử dụng êm ái và thoải mái.</li>
            <li><strong>Tính ứng dụng cao:</strong> Bạn có thể dễ dàng sử dụng <strong>Bộ Suvec Nữ Thể Thao 5F29</strong> cho nhiều mục đích khác nhau, từ tập gym, chạy bộ cho đến dạo phố.</li>
            <li><strong>Độ bền bỉ theo thời gian:</strong> Từng chi tiết được gia công một cách tỉ mỉ, chắc chắn, giúp sản phẩm giữ được form dáng nguyên thủy dù trải qua thời gian dài sử dụng.</li>
        </ul>

        <h4>2. Hướng dẫn sử dụng và bảo quản đúng cách</h4>
        <ul>
            <li>Làm sạch sản phẩm theo đúng hướng dẫn của nhà sản xuất đính kèm trên nhãn mác.</li>
            <li>Tuyệt đối không sử dụng các loại hóa chất tẩy rửa có nồng độ mạnh.</li>
            <li>Nên phơi hoặc bảo quản ở những nơi thoáng mát, tránh để ánh nắng trực tiếp gay gắt chiếu vào trong thời gian dài.</li>
        </ul>
        <h3>Tại sao nên chọn mua tại Axeron Sport?</h3>
        <p>Với phương châm mang đến những sản phẩm thể thao chất lượng cao và dẫn đầu xu hướng, Axeron Sport cam kết 100% sản phẩm <strong>Bộ Suvec Nữ Thể Thao 5F29</strong> đều được kiểm định chất lượng chặt chẽ trước khi trao đến tay khách hàng. Đội ngũ tư vấn viên nhiệt tình của chúng tôi luôn sẵn sàng hỗ trợ để bạn có thể chọn lựa được sản phẩm ưng ý nhất. Nâng tầm hiệu suất tập luyện ngay hôm nay!</p>
    ",Adidas,"Bộ Suvec Nữ"
111,"Bộ Cầu Lông Nữ Thể Thao 2C19","<h3>Tổng quan chi tiết về <strong>Bộ Cầu Lông Nữ Thể Thao 2C19</strong></h3>
<p>Đây là sản phẩm Bộ Cầu Lông Nữ cực kỳ chất lượng, mang lại cảm giác thoải mái và hiệu năng ấn tượng.</p>

        <p>Nếu bạn đang tìm kiếm một sản phẩm thể thao kết hợp hoàn hảo giữa phong cách hiện đại, sự bền bỉ và hiệu năng vượt trội, thì <strong>Bộ Cầu Lông Nữ Thể Thao 2C19</strong> chính là sự lựa chọn hàng đầu. Được nghiên cứu và phát triển để đáp ứng những nhu cầu khắt khe nhất của người dùng, sản phẩm này chắc chắn sẽ làm bạn hài lòng trong từng chuyển động.</p>
        
        <h4>1. Thiết kế và Công nghệ nổi bật</h4>
        <ul>
            <li><strong>Chất lượng cao cấp:</strong> Được chế tác từ những vật liệu tuyển chọn, mang lại trải nghiệm sử dụng êm ái và thoải mái.</li>
            <li><strong>Tính ứng dụng cao:</strong> Bạn có thể dễ dàng sử dụng <strong>Bộ Cầu Lông Nữ Thể Thao 2C19</strong> cho nhiều mục đích khác nhau, từ tập gym, chạy bộ cho đến dạo phố.</li>
            <li><strong>Độ bền bỉ theo thời gian:</strong> Từng chi tiết được gia công một cách tỉ mỉ, chắc chắn, giúp sản phẩm giữ được form dáng nguyên thủy dù trải qua thời gian dài sử dụng.</li>
        </ul>

        <h4>2. Hướng dẫn sử dụng và bảo quản đúng cách</h4>
        <ul>
            <li>Làm sạch sản phẩm theo đúng hướng dẫn của nhà sản xuất đính kèm trên nhãn mác.</li>
            <li>Tuyệt đối không sử dụng các loại hóa chất tẩy rửa có nồng độ mạnh.</li>
            <li>Nên phơi hoặc bảo quản ở những nơi thoáng mát, tránh để ánh nắng trực tiếp gay gắt chiếu vào trong thời gian dài.</li>
        </ul>
        <h3>Tại sao nên chọn mua tại Axeron Sport?</h3>
        <p>Với phương châm mang đến những sản phẩm thể thao chất lượng cao và dẫn đầu xu hướng, Axeron Sport cam kết 100% sản phẩm <strong>Bộ Cầu Lông Nữ Thể Thao 2C19</strong> đều được kiểm định chất lượng chặt chẽ trước khi trao đến tay khách hàng. Đội ngũ tư vấn viên nhiệt tình của chúng tôi luôn sẵn sàng hỗ trợ để bạn có thể chọn lựa được sản phẩm ưng ý nhất. Nâng tầm hiệu suất tập luyện ngay hôm nay!</p>
    ",Yonex,"Bộ Cầu Lông Nữ"
112,"Bộ Cầu Lông Nữ Thể Thao 0143","<h3>Tổng quan chi tiết về <strong>Bộ Cầu Lông Nữ Thể Thao 0143</strong></h3>
<p>Đây là sản phẩm Bộ Cầu Lông Nữ cực kỳ chất lượng, mang lại cảm giác thoải mái và hiệu năng ấn tượng.</p>

        <p>Nếu bạn đang tìm kiếm một sản phẩm thể thao kết hợp hoàn hảo giữa phong cách hiện đại, sự bền bỉ và hiệu năng vượt trội, thì <strong>Bộ Cầu Lông Nữ Thể Thao 0143</strong> chính là sự lựa chọn hàng đầu. Được nghiên cứu và phát triển để đáp ứng những nhu cầu khắt khe nhất của người dùng, sản phẩm này chắc chắn sẽ làm bạn hài lòng trong từng chuyển động.</p>
        
        <h4>1. Thiết kế và Công nghệ nổi bật</h4>
        <ul>
            <li><strong>Chất lượng cao cấp:</strong> Được chế tác từ những vật liệu tuyển chọn, mang lại trải nghiệm sử dụng êm ái và thoải mái.</li>
            <li><strong>Tính ứng dụng cao:</strong> Bạn có thể dễ dàng sử dụng <strong>Bộ Cầu Lông Nữ Thể Thao 0143</strong> cho nhiều mục đích khác nhau, từ tập gym, chạy bộ cho đến dạo phố.</li>
            <li><strong>Độ bền bỉ theo thời gian:</strong> Từng chi tiết được gia công một cách tỉ mỉ, chắc chắn, giúp sản phẩm giữ được form dáng nguyên thủy dù trải qua thời gian dài sử dụng.</li>
        </ul>

        <h4>2. Hướng dẫn sử dụng và bảo quản đúng cách</h4>
        <ul>
            <li>Làm sạch sản phẩm theo đúng hướng dẫn của nhà sản xuất đính kèm trên nhãn mác.</li>
            <li>Tuyệt đối không sử dụng các loại hóa chất tẩy rửa có nồng độ mạnh.</li>
            <li>Nên phơi hoặc bảo quản ở những nơi thoáng mát, tránh để ánh nắng trực tiếp gay gắt chiếu vào trong thời gian dài.</li>
        </ul>
        <h3>Tại sao nên chọn mua tại Axeron Sport?</h3>
        <p>Với phương châm mang đến những sản phẩm thể thao chất lượng cao và dẫn đầu xu hướng, Axeron Sport cam kết 100% sản phẩm <strong>Bộ Cầu Lông Nữ Thể Thao 0143</strong> đều được kiểm định chất lượng chặt chẽ trước khi trao đến tay khách hàng. Đội ngũ tư vấn viên nhiệt tình của chúng tôi luôn sẵn sàng hỗ trợ để bạn có thể chọn lựa được sản phẩm ưng ý nhất. Nâng tầm hiệu suất tập luyện ngay hôm nay!</p>
    ",Nike,"Bộ Cầu Lông Nữ"
113,"Bộ Bóng Chuyền Nữ Thể Thao A42C","<h3>Tổng quan chi tiết về <strong>Bộ Bóng Chuyền Nữ Thể Thao A42C</strong></h3>
<p>Đây là sản phẩm Bộ Bóng Chuyền Nữ cực kỳ chất lượng, mang lại cảm giác thoải mái và hiệu năng ấn tượng.</p>

        <p>Nếu bạn đang tìm kiếm một sản phẩm thể thao kết hợp hoàn hảo giữa phong cách hiện đại, sự bền bỉ và hiệu năng vượt trội, thì <strong>Bộ Bóng Chuyền Nữ Thể Thao A42C</strong> chính là sự lựa chọn hàng đầu. Được nghiên cứu và phát triển để đáp ứng những nhu cầu khắt khe nhất của người dùng, sản phẩm này chắc chắn sẽ làm bạn hài lòng trong từng chuyển động.</p>
        
        <h4>1. Thiết kế và Công nghệ nổi bật</h4>
        <ul>
            <li><strong>Chất lượng cao cấp:</strong> Được chế tác từ những vật liệu tuyển chọn, mang lại trải nghiệm sử dụng êm ái và thoải mái.</li>
            <li><strong>Tính ứng dụng cao:</strong> Bạn có thể dễ dàng sử dụng <strong>Bộ Bóng Chuyền Nữ Thể Thao A42C</strong> cho nhiều mục đích khác nhau, từ tập gym, chạy bộ cho đến dạo phố.</li>
            <li><strong>Độ bền bỉ theo thời gian:</strong> Từng chi tiết được gia công một cách tỉ mỉ, chắc chắn, giúp sản phẩm giữ được form dáng nguyên thủy dù trải qua thời gian dài sử dụng.</li>
        </ul>

        <h4>2. Hướng dẫn sử dụng và bảo quản đúng cách</h4>
        <ul>
            <li>Làm sạch sản phẩm theo đúng hướng dẫn của nhà sản xuất đính kèm trên nhãn mác.</li>
            <li>Tuyệt đối không sử dụng các loại hóa chất tẩy rửa có nồng độ mạnh.</li>
            <li>Nên phơi hoặc bảo quản ở những nơi thoáng mát, tránh để ánh nắng trực tiếp gay gắt chiếu vào trong thời gian dài.</li>
        </ul>
        <h3>Tại sao nên chọn mua tại Axeron Sport?</h3>
        <p>Với phương châm mang đến những sản phẩm thể thao chất lượng cao và dẫn đầu xu hướng, Axeron Sport cam kết 100% sản phẩm <strong>Bộ Bóng Chuyền Nữ Thể Thao A42C</strong> đều được kiểm định chất lượng chặt chẽ trước khi trao đến tay khách hàng. Đội ngũ tư vấn viên nhiệt tình của chúng tôi luôn sẵn sàng hỗ trợ để bạn có thể chọn lựa được sản phẩm ưng ý nhất. Nâng tầm hiệu suất tập luyện ngay hôm nay!</p>
    ","Động Lực","Bộ Bóng Chuyền Nữ"
114,"Bộ Bóng Chuyền Nữ Thể Thao 8123","<h3>Tổng quan chi tiết về <strong>Bộ Bóng Chuyền Nữ Thể Thao 8123</strong></h3>
<p>Đây là sản phẩm Bộ Bóng Chuyền Nữ cực kỳ chất lượng, mang lại cảm giác thoải mái và hiệu năng ấn tượng.</p>

        <p>Nếu bạn đang tìm kiếm một sản phẩm thể thao kết hợp hoàn hảo giữa phong cách hiện đại, sự bền bỉ và hiệu năng vượt trội, thì <strong>Bộ Bóng Chuyền Nữ Thể Thao 8123</strong> chính là sự lựa chọn hàng đầu. Được nghiên cứu và phát triển để đáp ứng những nhu cầu khắt khe nhất của người dùng, sản phẩm này chắc chắn sẽ làm bạn hài lòng trong từng chuyển động.</p>
        
        <h4>1. Thiết kế và Công nghệ nổi bật</h4>
        <ul>
            <li><strong>Chất lượng cao cấp:</strong> Được chế tác từ những vật liệu tuyển chọn, mang lại trải nghiệm sử dụng êm ái và thoải mái.</li>
            <li><strong>Tính ứng dụng cao:</strong> Bạn có thể dễ dàng sử dụng <strong>Bộ Bóng Chuyền Nữ Thể Thao 8123</strong> cho nhiều mục đích khác nhau, từ tập gym, chạy bộ cho đến dạo phố.</li>
            <li><strong>Độ bền bỉ theo thời gian:</strong> Từng chi tiết được gia công một cách tỉ mỉ, chắc chắn, giúp sản phẩm giữ được form dáng nguyên thủy dù trải qua thời gian dài sử dụng.</li>
        </ul>

        <h4>2. Hướng dẫn sử dụng và bảo quản đúng cách</h4>
        <ul>
            <li>Làm sạch sản phẩm theo đúng hướng dẫn của nhà sản xuất đính kèm trên nhãn mác.</li>
            <li>Tuyệt đối không sử dụng các loại hóa chất tẩy rửa có nồng độ mạnh.</li>
            <li>Nên phơi hoặc bảo quản ở những nơi thoáng mát, tránh để ánh nắng trực tiếp gay gắt chiếu vào trong thời gian dài.</li>
        </ul>
        <h3>Tại sao nên chọn mua tại Axeron Sport?</h3>
        <p>Với phương châm mang đến những sản phẩm thể thao chất lượng cao và dẫn đầu xu hướng, Axeron Sport cam kết 100% sản phẩm <strong>Bộ Bóng Chuyền Nữ Thể Thao 8123</strong> đều được kiểm định chất lượng chặt chẽ trước khi trao đến tay khách hàng. Đội ngũ tư vấn viên nhiệt tình của chúng tôi luôn sẵn sàng hỗ trợ để bạn có thể chọn lựa được sản phẩm ưng ý nhất. Nâng tầm hiệu suất tập luyện ngay hôm nay!</p>
    ",Asics,"Bộ Bóng Chuyền Nữ"
115,"Bộ Pickleball Nữ Thể Thao 073F","<h3>Tổng quan chi tiết về <strong>Bộ Pickleball Nữ Thể Thao 073F</strong></h3>
<p>Đây là sản phẩm Bộ Pickleball Nữ cực kỳ chất lượng, mang lại cảm giác thoải mái và hiệu năng ấn tượng.</p>

        <p>Nếu bạn đang tìm kiếm một sản phẩm thể thao kết hợp hoàn hảo giữa phong cách hiện đại, sự bền bỉ và hiệu năng vượt trội, thì <strong>Bộ Pickleball Nữ Thể Thao 073F</strong> chính là sự lựa chọn hàng đầu. Được nghiên cứu và phát triển để đáp ứng những nhu cầu khắt khe nhất của người dùng, sản phẩm này chắc chắn sẽ làm bạn hài lòng trong từng chuyển động.</p>
        
        <h4>1. Thiết kế và Công nghệ nổi bật</h4>
        <ul>
            <li><strong>Chất lượng cao cấp:</strong> Được chế tác từ những vật liệu tuyển chọn, mang lại trải nghiệm sử dụng êm ái và thoải mái.</li>
            <li><strong>Tính ứng dụng cao:</strong> Bạn có thể dễ dàng sử dụng <strong>Bộ Pickleball Nữ Thể Thao 073F</strong> cho nhiều mục đích khác nhau, từ tập gym, chạy bộ cho đến dạo phố.</li>
            <li><strong>Độ bền bỉ theo thời gian:</strong> Từng chi tiết được gia công một cách tỉ mỉ, chắc chắn, giúp sản phẩm giữ được form dáng nguyên thủy dù trải qua thời gian dài sử dụng.</li>
        </ul>

        <h4>2. Hướng dẫn sử dụng và bảo quản đúng cách</h4>
        <ul>
            <li>Làm sạch sản phẩm theo đúng hướng dẫn của nhà sản xuất đính kèm trên nhãn mác.</li>
            <li>Tuyệt đối không sử dụng các loại hóa chất tẩy rửa có nồng độ mạnh.</li>
            <li>Nên phơi hoặc bảo quản ở những nơi thoáng mát, tránh để ánh nắng trực tiếp gay gắt chiếu vào trong thời gian dài.</li>
        </ul>
        <h3>Tại sao nên chọn mua tại Axeron Sport?</h3>
        <p>Với phương châm mang đến những sản phẩm thể thao chất lượng cao và dẫn đầu xu hướng, Axeron Sport cam kết 100% sản phẩm <strong>Bộ Pickleball Nữ Thể Thao 073F</strong> đều được kiểm định chất lượng chặt chẽ trước khi trao đến tay khách hàng. Đội ngũ tư vấn viên nhiệt tình của chúng tôi luôn sẵn sàng hỗ trợ để bạn có thể chọn lựa được sản phẩm ưng ý nhất. Nâng tầm hiệu suất tập luyện ngay hôm nay!</p>
    ",Axeron,"Bộ Pickleball Nữ"
116,"Bộ Pickleball Nữ Thể Thao 49AC","<h3>Tổng quan chi tiết về <strong>Bộ Pickleball Nữ Thể Thao 49AC</strong></h3>
<p>Đây là sản phẩm Bộ Pickleball Nữ cực kỳ chất lượng, mang lại cảm giác thoải mái và hiệu năng ấn tượng.</p>

        <p>Nếu bạn đang tìm kiếm một sản phẩm thể thao kết hợp hoàn hảo giữa phong cách hiện đại, sự bền bỉ và hiệu năng vượt trội, thì <strong>Bộ Pickleball Nữ Thể Thao 49AC</strong> chính là sự lựa chọn hàng đầu. Được nghiên cứu và phát triển để đáp ứng những nhu cầu khắt khe nhất của người dùng, sản phẩm này chắc chắn sẽ làm bạn hài lòng trong từng chuyển động.</p>
        
        <h4>1. Thiết kế và Công nghệ nổi bật</h4>
        <ul>
            <li><strong>Chất lượng cao cấp:</strong> Được chế tác từ những vật liệu tuyển chọn, mang lại trải nghiệm sử dụng êm ái và thoải mái.</li>
            <li><strong>Tính ứng dụng cao:</strong> Bạn có thể dễ dàng sử dụng <strong>Bộ Pickleball Nữ Thể Thao 49AC</strong> cho nhiều mục đích khác nhau, từ tập gym, chạy bộ cho đến dạo phố.</li>
            <li><strong>Độ bền bỉ theo thời gian:</strong> Từng chi tiết được gia công một cách tỉ mỉ, chắc chắn, giúp sản phẩm giữ được form dáng nguyên thủy dù trải qua thời gian dài sử dụng.</li>
        </ul>

        <h4>2. Hướng dẫn sử dụng và bảo quản đúng cách</h4>
        <ul>
            <li>Làm sạch sản phẩm theo đúng hướng dẫn của nhà sản xuất đính kèm trên nhãn mác.</li>
            <li>Tuyệt đối không sử dụng các loại hóa chất tẩy rửa có nồng độ mạnh.</li>
            <li>Nên phơi hoặc bảo quản ở những nơi thoáng mát, tránh để ánh nắng trực tiếp gay gắt chiếu vào trong thời gian dài.</li>
        </ul>
        <h3>Tại sao nên chọn mua tại Axeron Sport?</h3>
        <p>Với phương châm mang đến những sản phẩm thể thao chất lượng cao và dẫn đầu xu hướng, Axeron Sport cam kết 100% sản phẩm <strong>Bộ Pickleball Nữ Thể Thao 49AC</strong> đều được kiểm định chất lượng chặt chẽ trước khi trao đến tay khách hàng. Đội ngũ tư vấn viên nhiệt tình của chúng tôi luôn sẵn sàng hỗ trợ để bạn có thể chọn lựa được sản phẩm ưng ý nhất. Nâng tầm hiệu suất tập luyện ngay hôm nay!</p>
    ",Axeron,"Bộ Pickleball Nữ"
117,"Mũ Nữ Thể Thao 0D73","<h3>Tổng quan chi tiết về <strong>Mũ Nữ Thể Thao 0D73</strong></h3>
<p>Đây là sản phẩm Mũ Nữ cực kỳ chất lượng, mang lại cảm giác thoải mái và hiệu năng ấn tượng.</p>

        <p><strong>Mũ Nữ Thể Thao 0D73</strong> là món phụ kiện đắc lực giúp bạn hoàn thiện phong cách thể thao và mang lại sự tiện ích tối đa trong những buổi tập luyện hay các chuyến đi dã ngoại.</p>
        
        <h4>1. Ưu điểm nổi bật</h4>
        <ul>
            <li><strong>Thiết kế thông minh và tiện dụng:</strong> Tối ưu hóa không gian lưu trữ và dễ dàng mang theo mọi lúc mọi nơi.</li>
            <li><strong>Chất liệu bền bỉ:</strong> Được làm từ những vật liệu có khả năng chống thấm nước, chịu lực tốt, bảo vệ đồ đạc bên trong một cách an toàn.</li>
            <li><strong>Kiểu dáng hiện đại:</strong> Gam màu năng động, khỏe khoắn, dễ dàng mix & match với nhiều trang phục khác nhau.</li>
        </ul>

        <h4>2. Hướng dẫn bảo quản</h4>
        <ul>
            <li>Nên dùng khăn ẩm lau sạch bụi bẩn trên bề mặt sau mỗi lần sử dụng.</li>
            <li>Bảo quản nơi khô ráo, thoáng mát, tránh để ở môi trường có độ ẩm quá cao gây nấm mốc.</li>
            <li>Tránh để sản phẩm tiếp xúc với các vật nhọn để không làm rách hoặc xước bề mặt chất liệu.</li>
        </ul>
        <h3>Tại sao nên chọn mua tại Axeron Sport?</h3>
        <p>Với phương châm mang đến những sản phẩm thể thao chất lượng cao và dẫn đầu xu hướng, Axeron Sport cam kết 100% sản phẩm <strong>Mũ Nữ Thể Thao 0D73</strong> đều được kiểm định chất lượng chặt chẽ trước khi trao đến tay khách hàng. Đội ngũ tư vấn viên nhiệt tình của chúng tôi luôn sẵn sàng hỗ trợ để bạn có thể chọn lựa được sản phẩm ưng ý nhất. Nâng tầm hiệu suất tập luyện ngay hôm nay!</p>
    ",Asics,"Mũ Nữ"
118,"Mũ Nữ Thể Thao D20A","<h3>Tổng quan chi tiết về <strong>Mũ Nữ Thể Thao D20A</strong></h3>
<p>Đây là sản phẩm Mũ Nữ cực kỳ chất lượng, mang lại cảm giác thoải mái và hiệu năng ấn tượng.</p>

        <p><strong>Mũ Nữ Thể Thao D20A</strong> là món phụ kiện đắc lực giúp bạn hoàn thiện phong cách thể thao và mang lại sự tiện ích tối đa trong những buổi tập luyện hay các chuyến đi dã ngoại.</p>
        
        <h4>1. Ưu điểm nổi bật</h4>
        <ul>
            <li><strong>Thiết kế thông minh và tiện dụng:</strong> Tối ưu hóa không gian lưu trữ và dễ dàng mang theo mọi lúc mọi nơi.</li>
            <li><strong>Chất liệu bền bỉ:</strong> Được làm từ những vật liệu có khả năng chống thấm nước, chịu lực tốt, bảo vệ đồ đạc bên trong một cách an toàn.</li>
            <li><strong>Kiểu dáng hiện đại:</strong> Gam màu năng động, khỏe khoắn, dễ dàng mix & match với nhiều trang phục khác nhau.</li>
        </ul>

        <h4>2. Hướng dẫn bảo quản</h4>
        <ul>
            <li>Nên dùng khăn ẩm lau sạch bụi bẩn trên bề mặt sau mỗi lần sử dụng.</li>
            <li>Bảo quản nơi khô ráo, thoáng mát, tránh để ở môi trường có độ ẩm quá cao gây nấm mốc.</li>
            <li>Tránh để sản phẩm tiếp xúc với các vật nhọn để không làm rách hoặc xước bề mặt chất liệu.</li>
        </ul>
        <h3>Tại sao nên chọn mua tại Axeron Sport?</h3>
        <p>Với phương châm mang đến những sản phẩm thể thao chất lượng cao và dẫn đầu xu hướng, Axeron Sport cam kết 100% sản phẩm <strong>Mũ Nữ Thể Thao D20A</strong> đều được kiểm định chất lượng chặt chẽ trước khi trao đến tay khách hàng. Đội ngũ tư vấn viên nhiệt tình của chúng tôi luôn sẵn sàng hỗ trợ để bạn có thể chọn lựa được sản phẩm ưng ý nhất. Nâng tầm hiệu suất tập luyện ngay hôm nay!</p>
    ",Nike,"Mũ Nữ"
119,"Balo Nữ Thể Thao 972D","<h3>Tổng quan chi tiết về <strong>Balo Nữ Thể Thao 972D</strong></h3>
<p>Đây là sản phẩm Balo Nữ cực kỳ chất lượng, mang lại cảm giác thoải mái và hiệu năng ấn tượng.</p>

        <p><strong>Balo Nữ Thể Thao 972D</strong> là món phụ kiện đắc lực giúp bạn hoàn thiện phong cách thể thao và mang lại sự tiện ích tối đa trong những buổi tập luyện hay các chuyến đi dã ngoại.</p>
        
        <h4>1. Ưu điểm nổi bật</h4>
        <ul>
            <li><strong>Thiết kế thông minh và tiện dụng:</strong> Tối ưu hóa không gian lưu trữ và dễ dàng mang theo mọi lúc mọi nơi.</li>
            <li><strong>Chất liệu bền bỉ:</strong> Được làm từ những vật liệu có khả năng chống thấm nước, chịu lực tốt, bảo vệ đồ đạc bên trong một cách an toàn.</li>
            <li><strong>Kiểu dáng hiện đại:</strong> Gam màu năng động, khỏe khoắn, dễ dàng mix & match với nhiều trang phục khác nhau.</li>
        </ul>

        <h4>2. Hướng dẫn bảo quản</h4>
        <ul>
            <li>Nên dùng khăn ẩm lau sạch bụi bẩn trên bề mặt sau mỗi lần sử dụng.</li>
            <li>Bảo quản nơi khô ráo, thoáng mát, tránh để ở môi trường có độ ẩm quá cao gây nấm mốc.</li>
            <li>Tránh để sản phẩm tiếp xúc với các vật nhọn để không làm rách hoặc xước bề mặt chất liệu.</li>
        </ul>
        <h3>Tại sao nên chọn mua tại Axeron Sport?</h3>
        <p>Với phương châm mang đến những sản phẩm thể thao chất lượng cao và dẫn đầu xu hướng, Axeron Sport cam kết 100% sản phẩm <strong>Balo Nữ Thể Thao 972D</strong> đều được kiểm định chất lượng chặt chẽ trước khi trao đến tay khách hàng. Đội ngũ tư vấn viên nhiệt tình của chúng tôi luôn sẵn sàng hỗ trợ để bạn có thể chọn lựa được sản phẩm ưng ý nhất. Nâng tầm hiệu suất tập luyện ngay hôm nay!</p>
    ",Puma,"Balo Nữ"
120,"Balo Nữ Thể Thao 113B","<h3>Tổng quan chi tiết về <strong>Balo Nữ Thể Thao 113B</strong></h3>
<p>Đây là sản phẩm Balo Nữ cực kỳ chất lượng, mang lại cảm giác thoải mái và hiệu năng ấn tượng.</p>

        <p><strong>Balo Nữ Thể Thao 113B</strong> là món phụ kiện đắc lực giúp bạn hoàn thiện phong cách thể thao và mang lại sự tiện ích tối đa trong những buổi tập luyện hay các chuyến đi dã ngoại.</p>
        
        <h4>1. Ưu điểm nổi bật</h4>
        <ul>
            <li><strong>Thiết kế thông minh và tiện dụng:</strong> Tối ưu hóa không gian lưu trữ và dễ dàng mang theo mọi lúc mọi nơi.</li>
            <li><strong>Chất liệu bền bỉ:</strong> Được làm từ những vật liệu có khả năng chống thấm nước, chịu lực tốt, bảo vệ đồ đạc bên trong một cách an toàn.</li>
            <li><strong>Kiểu dáng hiện đại:</strong> Gam màu năng động, khỏe khoắn, dễ dàng mix & match với nhiều trang phục khác nhau.</li>
        </ul>

        <h4>2. Hướng dẫn bảo quản</h4>
        <ul>
            <li>Nên dùng khăn ẩm lau sạch bụi bẩn trên bề mặt sau mỗi lần sử dụng.</li>
            <li>Bảo quản nơi khô ráo, thoáng mát, tránh để ở môi trường có độ ẩm quá cao gây nấm mốc.</li>
            <li>Tránh để sản phẩm tiếp xúc với các vật nhọn để không làm rách hoặc xước bề mặt chất liệu.</li>
        </ul>
        <h3>Tại sao nên chọn mua tại Axeron Sport?</h3>
        <p>Với phương châm mang đến những sản phẩm thể thao chất lượng cao và dẫn đầu xu hướng, Axeron Sport cam kết 100% sản phẩm <strong>Balo Nữ Thể Thao 113B</strong> đều được kiểm định chất lượng chặt chẽ trước khi trao đến tay khách hàng. Đội ngũ tư vấn viên nhiệt tình của chúng tôi luôn sẵn sàng hỗ trợ để bạn có thể chọn lựa được sản phẩm ưng ý nhất. Nâng tầm hiệu suất tập luyện ngay hôm nay!</p>
    ",Lining,"Balo Nữ"
121,"Tất Nữ Thể Thao 7C88","<h3>Tổng quan chi tiết về <strong>Tất Nữ Thể Thao 7C88</strong></h3>
<p>Đây là sản phẩm Tất Nữ cực kỳ chất lượng, mang lại cảm giác thoải mái và hiệu năng ấn tượng.</p>

        <p><strong>Tất Nữ Thể Thao 7C88</strong> là món phụ kiện đắc lực giúp bạn hoàn thiện phong cách thể thao và mang lại sự tiện ích tối đa trong những buổi tập luyện hay các chuyến đi dã ngoại.</p>
        
        <h4>1. Ưu điểm nổi bật</h4>
        <ul>
            <li><strong>Thiết kế thông minh và tiện dụng:</strong> Tối ưu hóa không gian lưu trữ và dễ dàng mang theo mọi lúc mọi nơi.</li>
            <li><strong>Chất liệu bền bỉ:</strong> Được làm từ những vật liệu có khả năng chống thấm nước, chịu lực tốt, bảo vệ đồ đạc bên trong một cách an toàn.</li>
            <li><strong>Kiểu dáng hiện đại:</strong> Gam màu năng động, khỏe khoắn, dễ dàng mix & match với nhiều trang phục khác nhau.</li>
        </ul>

        <h4>2. Hướng dẫn bảo quản</h4>
        <ul>
            <li>Nên dùng khăn ẩm lau sạch bụi bẩn trên bề mặt sau mỗi lần sử dụng.</li>
            <li>Bảo quản nơi khô ráo, thoáng mát, tránh để ở môi trường có độ ẩm quá cao gây nấm mốc.</li>
            <li>Tránh để sản phẩm tiếp xúc với các vật nhọn để không làm rách hoặc xước bề mặt chất liệu.</li>
        </ul>
        <h3>Tại sao nên chọn mua tại Axeron Sport?</h3>
        <p>Với phương châm mang đến những sản phẩm thể thao chất lượng cao và dẫn đầu xu hướng, Axeron Sport cam kết 100% sản phẩm <strong>Tất Nữ Thể Thao 7C88</strong> đều được kiểm định chất lượng chặt chẽ trước khi trao đến tay khách hàng. Đội ngũ tư vấn viên nhiệt tình của chúng tôi luôn sẵn sàng hỗ trợ để bạn có thể chọn lựa được sản phẩm ưng ý nhất. Nâng tầm hiệu suất tập luyện ngay hôm nay!</p>
    ",Axeron,"Tất Nữ"
122,"Tất Nữ Thể Thao 28A6","<h3>Tổng quan chi tiết về <strong>Tất Nữ Thể Thao 28A6</strong></h3>
<p>Đây là sản phẩm Tất Nữ cực kỳ chất lượng, mang lại cảm giác thoải mái và hiệu năng ấn tượng.</p>

        <p><strong>Tất Nữ Thể Thao 28A6</strong> là món phụ kiện đắc lực giúp bạn hoàn thiện phong cách thể thao và mang lại sự tiện ích tối đa trong những buổi tập luyện hay các chuyến đi dã ngoại.</p>
        
        <h4>1. Ưu điểm nổi bật</h4>
        <ul>
            <li><strong>Thiết kế thông minh và tiện dụng:</strong> Tối ưu hóa không gian lưu trữ và dễ dàng mang theo mọi lúc mọi nơi.</li>
            <li><strong>Chất liệu bền bỉ:</strong> Được làm từ những vật liệu có khả năng chống thấm nước, chịu lực tốt, bảo vệ đồ đạc bên trong một cách an toàn.</li>
            <li><strong>Kiểu dáng hiện đại:</strong> Gam màu năng động, khỏe khoắn, dễ dàng mix & match với nhiều trang phục khác nhau.</li>
        </ul>

        <h4>2. Hướng dẫn bảo quản</h4>
        <ul>
            <li>Nên dùng khăn ẩm lau sạch bụi bẩn trên bề mặt sau mỗi lần sử dụng.</li>
            <li>Bảo quản nơi khô ráo, thoáng mát, tránh để ở môi trường có độ ẩm quá cao gây nấm mốc.</li>
            <li>Tránh để sản phẩm tiếp xúc với các vật nhọn để không làm rách hoặc xước bề mặt chất liệu.</li>
        </ul>
        <h3>Tại sao nên chọn mua tại Axeron Sport?</h3>
        <p>Với phương châm mang đến những sản phẩm thể thao chất lượng cao và dẫn đầu xu hướng, Axeron Sport cam kết 100% sản phẩm <strong>Tất Nữ Thể Thao 28A6</strong> đều được kiểm định chất lượng chặt chẽ trước khi trao đến tay khách hàng. Đội ngũ tư vấn viên nhiệt tình của chúng tôi luôn sẵn sàng hỗ trợ để bạn có thể chọn lựa được sản phẩm ưng ý nhất. Nâng tầm hiệu suất tập luyện ngay hôm nay!</p>
    ",Lining,"Tất Nữ"
123,"Giày Bóng Rổ Signature 4201","<h3>Tổng quan chi tiết về <strong>Giày Bóng Rổ Signature 4201</strong></h3>
<p>Đây là sản phẩm Giày Bóng Rổ có thiết kế nổi bật, phù hợp cho nhiều hoạt động thể thao.</p>

        <p>Được thiết kế chuyên biệt để nâng niu từng bước chân, <strong>Giày Bóng Rổ Signature 4201</strong> là người bạn đồng hành không thể thiếu cho những tín đồ đam mê vận động. Với kiểu dáng thể thao hiện đại, sản phẩm không chỉ mang lại hiệu suất cao trên sân tập mà còn rất phong cách khi dạo phố.</p>
        
        <h4>1. Cấu tạo và Công nghệ nổi bật</h4>
        <ul>
            <li><strong>Chất liệu bề mặt cao cấp:</strong> Thân giày được làm từ vật liệu siêu nhẹ và thoáng khí, giúp đôi chân luôn khô ráo dù hoạt động ở cường độ cao.</li>
            <li><strong>Bộ đệm êm ái, trợ lực tốt:</strong> Đế giữa hấp thụ lực va đập cực tốt, phản hồi năng lượng mạnh mẽ giúp giảm thiểu chấn thương cơ xương khớp.</li>
            <li><strong>Đế ngoài chống trượt:</strong> Thiết kế mặt đế bám đường vượt trội, tăng độ ma sát và an toàn trên nhiều địa hình khác nhau.</li>
        </ul>

        <h4>2. Hướng dẫn vệ sinh và bảo quản</h4>
        <ul>
            <li>Không giặt giày bằng máy giặt để tránh làm biến dạng form dáng và hỏng lớp keo dán.</li>
            <li>Sử dụng bàn chải lông mềm và dung dịch vệ sinh chuyên dụng để làm sạch các vết bẩn.</li>
            <li>Sau khi giặt, phơi giày ở nơi khô ráo, bóng râm. Tuyệt đối không phơi trực tiếp dưới ánh nắng gắt hoặc dùng máy sấy nhiệt độ cao.</li>
            <li>Nên nhét thêm giấy báo hoặc cục hút ẩm vào bên trong giày khi không sử dụng để giữ form và khử mùi.</li>
        </ul>
        <h3>Tại sao nên chọn mua tại Axeron Sport?</h3>
        <p>Với phương châm mang đến những sản phẩm thể thao chất lượng cao và dẫn đầu xu hướng, Axeron Sport cam kết 100% sản phẩm <strong>Giày Bóng Rổ Signature 4201</strong> đều được kiểm định chất lượng chặt chẽ trước khi trao đến tay khách hàng. Đội ngũ tư vấn viên nhiệt tình của chúng tôi luôn sẵn sàng hỗ trợ để bạn có thể chọn lựa được sản phẩm ưng ý nhất. Nâng tầm hiệu suất tập luyện ngay hôm nay!</p>","Động Lực","Giày Bóng Rổ"
124,"Giày Bóng Rổ Signature 5636","<h3>Tổng quan chi tiết về <strong>Giày Bóng Rổ Signature 5636</strong></h3>
<p>Đây là sản phẩm Giày Bóng Rổ có thiết kế nổi bật, phù hợp cho nhiều hoạt động thể thao.</p>

        <p>Được thiết kế chuyên biệt để nâng niu từng bước chân, <strong>Giày Bóng Rổ Signature 5636</strong> là người bạn đồng hành không thể thiếu cho những tín đồ đam mê vận động. Với kiểu dáng thể thao hiện đại, sản phẩm không chỉ mang lại hiệu suất cao trên sân tập mà còn rất phong cách khi dạo phố.</p>
        
        <h4>1. Cấu tạo và Công nghệ nổi bật</h4>
        <ul>
            <li><strong>Chất liệu bề mặt cao cấp:</strong> Thân giày được làm từ vật liệu siêu nhẹ và thoáng khí, giúp đôi chân luôn khô ráo dù hoạt động ở cường độ cao.</li>
            <li><strong>Bộ đệm êm ái, trợ lực tốt:</strong> Đế giữa hấp thụ lực va đập cực tốt, phản hồi năng lượng mạnh mẽ giúp giảm thiểu chấn thương cơ xương khớp.</li>
            <li><strong>Đế ngoài chống trượt:</strong> Thiết kế mặt đế bám đường vượt trội, tăng độ ma sát và an toàn trên nhiều địa hình khác nhau.</li>
        </ul>

        <h4>2. Hướng dẫn vệ sinh và bảo quản</h4>
        <ul>
            <li>Không giặt giày bằng máy giặt để tránh làm biến dạng form dáng và hỏng lớp keo dán.</li>
            <li>Sử dụng bàn chải lông mềm và dung dịch vệ sinh chuyên dụng để làm sạch các vết bẩn.</li>
            <li>Sau khi giặt, phơi giày ở nơi khô ráo, bóng râm. Tuyệt đối không phơi trực tiếp dưới ánh nắng gắt hoặc dùng máy sấy nhiệt độ cao.</li>
            <li>Nên nhét thêm giấy báo hoặc cục hút ẩm vào bên trong giày khi không sử dụng để giữ form và khử mùi.</li>
        </ul>
        <h3>Tại sao nên chọn mua tại Axeron Sport?</h3>
        <p>Với phương châm mang đến những sản phẩm thể thao chất lượng cao và dẫn đầu xu hướng, Axeron Sport cam kết 100% sản phẩm <strong>Giày Bóng Rổ Signature 5636</strong> đều được kiểm định chất lượng chặt chẽ trước khi trao đến tay khách hàng. Đội ngũ tư vấn viên nhiệt tình của chúng tôi luôn sẵn sàng hỗ trợ để bạn có thể chọn lựa được sản phẩm ưng ý nhất. Nâng tầm hiệu suất tập luyện ngay hôm nay!</p>
    ",Mizuno,"Giày Bóng Rổ"
125,"Giày Thể Thao Nam Signature D354","<h3>Tổng quan chi tiết về <strong>Giày Thể Thao Nam Signature D354</strong></h3>
<p>Đây là sản phẩm Giày Thể Thao Nam có thiết kế nổi bật, phù hợp cho nhiều hoạt động thể thao.</p>

        <p>Được thiết kế chuyên biệt để nâng niu từng bước chân, <strong>Giày Thể Thao Nam Signature D354</strong> là người bạn đồng hành không thể thiếu cho những tín đồ đam mê vận động. Với kiểu dáng thể thao hiện đại, sản phẩm không chỉ mang lại hiệu suất cao trên sân tập mà còn rất phong cách khi dạo phố.</p>
        
        <h4>1. Cấu tạo và Công nghệ nổi bật</h4>
        <ul>
            <li><strong>Chất liệu bề mặt cao cấp:</strong> Thân giày được làm từ vật liệu siêu nhẹ và thoáng khí, giúp đôi chân luôn khô ráo dù hoạt động ở cường độ cao.</li>
            <li><strong>Bộ đệm êm ái, trợ lực tốt:</strong> Đế giữa hấp thụ lực va đập cực tốt, phản hồi năng lượng mạnh mẽ giúp giảm thiểu chấn thương cơ xương khớp.</li>
            <li><strong>Đế ngoài chống trượt:</strong> Thiết kế mặt đế bám đường vượt trội, tăng độ ma sát và an toàn trên nhiều địa hình khác nhau.</li>
        </ul>

        <h4>2. Hướng dẫn vệ sinh và bảo quản</h4>
        <ul>
            <li>Không giặt giày bằng máy giặt để tránh làm biến dạng form dáng và hỏng lớp keo dán.</li>
            <li>Sử dụng bàn chải lông mềm và dung dịch vệ sinh chuyên dụng để làm sạch các vết bẩn.</li>
            <li>Sau khi giặt, phơi giày ở nơi khô ráo, bóng râm. Tuyệt đối không phơi trực tiếp dưới ánh nắng gắt hoặc dùng máy sấy nhiệt độ cao.</li>
            <li>Nên nhét thêm giấy báo hoặc cục hút ẩm vào bên trong giày khi không sử dụng để giữ form và khử mùi.</li>
        </ul>
        <h3>Tại sao nên chọn mua tại Axeron Sport?</h3>
        <p>Với phương châm mang đến những sản phẩm thể thao chất lượng cao và dẫn đầu xu hướng, Axeron Sport cam kết 100% sản phẩm <strong>Giày Thể Thao Nam Signature D354</strong> đều được kiểm định chất lượng chặt chẽ trước khi trao đến tay khách hàng. Đội ngũ tư vấn viên nhiệt tình của chúng tôi luôn sẵn sàng hỗ trợ để bạn có thể chọn lựa được sản phẩm ưng ý nhất. Nâng tầm hiệu suất tập luyện ngay hôm nay!</p>
    ",Nike,"Giày Thể Thao Nam"
126,"Giày Thể Thao Nam Signature ED8C","<h3>Tổng quan chi tiết về <strong>Giày Thể Thao Nam Signature ED8C</strong></h3>
<p>Đây là sản phẩm Giày Thể Thao Nam có thiết kế nổi bật, phù hợp cho nhiều hoạt động thể thao.</p>

        <p>Được thiết kế chuyên biệt để nâng niu từng bước chân, <strong>Giày Thể Thao Nam Signature ED8C</strong> là người bạn đồng hành không thể thiếu cho những tín đồ đam mê vận động. Với kiểu dáng thể thao hiện đại, sản phẩm không chỉ mang lại hiệu suất cao trên sân tập mà còn rất phong cách khi dạo phố.</p>
        
        <h4>1. Cấu tạo và Công nghệ nổi bật</h4>
        <ul>
            <li><strong>Chất liệu bề mặt cao cấp:</strong> Thân giày được làm từ vật liệu siêu nhẹ và thoáng khí, giúp đôi chân luôn khô ráo dù hoạt động ở cường độ cao.</li>
            <li><strong>Bộ đệm êm ái, trợ lực tốt:</strong> Đế giữa hấp thụ lực va đập cực tốt, phản hồi năng lượng mạnh mẽ giúp giảm thiểu chấn thương cơ xương khớp.</li>
            <li><strong>Đế ngoài chống trượt:</strong> Thiết kế mặt đế bám đường vượt trội, tăng độ ma sát và an toàn trên nhiều địa hình khác nhau.</li>
        </ul>

        <h4>2. Hướng dẫn vệ sinh và bảo quản</h4>
        <ul>
            <li>Không giặt giày bằng máy giặt để tránh làm biến dạng form dáng và hỏng lớp keo dán.</li>
            <li>Sử dụng bàn chải lông mềm và dung dịch vệ sinh chuyên dụng để làm sạch các vết bẩn.</li>
            <li>Sau khi giặt, phơi giày ở nơi khô ráo, bóng râm. Tuyệt đối không phơi trực tiếp dưới ánh nắng gắt hoặc dùng máy sấy nhiệt độ cao.</li>
            <li>Nên nhét thêm giấy báo hoặc cục hút ẩm vào bên trong giày khi không sử dụng để giữ form và khử mùi.</li>
        </ul>
        <h3>Tại sao nên chọn mua tại Axeron Sport?</h3>
        <p>Với phương châm mang đến những sản phẩm thể thao chất lượng cao và dẫn đầu xu hướng, Axeron Sport cam kết 100% sản phẩm <strong>Giày Thể Thao Nam Signature ED8C</strong> đều được kiểm định chất lượng chặt chẽ trước khi trao đến tay khách hàng. Đội ngũ tư vấn viên nhiệt tình của chúng tôi luôn sẵn sàng hỗ trợ để bạn có thể chọn lựa được sản phẩm ưng ý nhất. Nâng tầm hiệu suất tập luyện ngay hôm nay!</p>
    ",Asics,"Giày Thể Thao Nam"
127,"Dép Nam Signature 8580","<h3>Tổng quan chi tiết về <strong>Dép Nam Signature 8580</strong></h3>
<p>Đây là sản phẩm Dép Nam có thiết kế nổi bật, phù hợp cho nhiều hoạt động thể thao.</p>

        <p>Nếu bạn đang tìm kiếm một sản phẩm thể thao kết hợp hoàn hảo giữa phong cách hiện đại, sự bền bỉ và hiệu năng vượt trội, thì <strong>Dép Nam Signature 8580</strong> chính là sự lựa chọn hàng đầu. Được nghiên cứu và phát triển để đáp ứng những nhu cầu khắt khe nhất của người dùng, sản phẩm này chắc chắn sẽ làm bạn hài lòng trong từng chuyển động.</p>
        
        <h4>1. Thiết kế và Công nghệ nổi bật</h4>
        <ul>
            <li><strong>Chất lượng cao cấp:</strong> Được chế tác từ những vật liệu tuyển chọn, mang lại trải nghiệm sử dụng êm ái và thoải mái.</li>
            <li><strong>Tính ứng dụng cao:</strong> Bạn có thể dễ dàng sử dụng <strong>Dép Nam Signature 8580</strong> cho nhiều mục đích khác nhau, từ tập gym, chạy bộ cho đến dạo phố.</li>
            <li><strong>Độ bền bỉ theo thời gian:</strong> Từng chi tiết được gia công một cách tỉ mỉ, chắc chắn, giúp sản phẩm giữ được form dáng nguyên thủy dù trải qua thời gian dài sử dụng.</li>
        </ul>

        <h4>2. Hướng dẫn sử dụng và bảo quản đúng cách</h4>
        <ul>
            <li>Làm sạch sản phẩm theo đúng hướng dẫn của nhà sản xuất đính kèm trên nhãn mác.</li>
            <li>Tuyệt đối không sử dụng các loại hóa chất tẩy rửa có nồng độ mạnh.</li>
            <li>Nên phơi hoặc bảo quản ở những nơi thoáng mát, tránh để ánh nắng trực tiếp gay gắt chiếu vào trong thời gian dài.</li>
        </ul>
        <h3>Tại sao nên chọn mua tại Axeron Sport?</h3>
        <p>Với phương châm mang đến những sản phẩm thể thao chất lượng cao và dẫn đầu xu hướng, Axeron Sport cam kết 100% sản phẩm <strong>Dép Nam Signature 8580</strong> đều được kiểm định chất lượng chặt chẽ trước khi trao đến tay khách hàng. Đội ngũ tư vấn viên nhiệt tình của chúng tôi luôn sẵn sàng hỗ trợ để bạn có thể chọn lựa được sản phẩm ưng ý nhất. Nâng tầm hiệu suất tập luyện ngay hôm nay!</p>
    ",Head,"Dép Nam"
128,"Dép Nam Signature C888","<h3>Tổng quan chi tiết về <strong>Dép Nam Signature C888</strong></h3>
<p>Đây là sản phẩm Dép Nam có thiết kế nổi bật, phù hợp cho nhiều hoạt động thể thao.</p>

        <p>Nếu bạn đang tìm kiếm một sản phẩm thể thao kết hợp hoàn hảo giữa phong cách hiện đại, sự bền bỉ và hiệu năng vượt trội, thì <strong>Dép Nam Signature C888</strong> chính là sự lựa chọn hàng đầu. Được nghiên cứu và phát triển để đáp ứng những nhu cầu khắt khe nhất của người dùng, sản phẩm này chắc chắn sẽ làm bạn hài lòng trong từng chuyển động.</p>
        
        <h4>1. Thiết kế và Công nghệ nổi bật</h4>
        <ul>
            <li><strong>Chất lượng cao cấp:</strong> Được chế tác từ những vật liệu tuyển chọn, mang lại trải nghiệm sử dụng êm ái và thoải mái.</li>
            <li><strong>Tính ứng dụng cao:</strong> Bạn có thể dễ dàng sử dụng <strong>Dép Nam Signature C888</strong> cho nhiều mục đích khác nhau, từ tập gym, chạy bộ cho đến dạo phố.</li>
            <li><strong>Độ bền bỉ theo thời gian:</strong> Từng chi tiết được gia công một cách tỉ mỉ, chắc chắn, giúp sản phẩm giữ được form dáng nguyên thủy dù trải qua thời gian dài sử dụng.</li>
        </ul>

        <h4>2. Hướng dẫn sử dụng và bảo quản đúng cách</h4>
        <ul>
            <li>Làm sạch sản phẩm theo đúng hướng dẫn của nhà sản xuất đính kèm trên nhãn mác.</li>
            <li>Tuyệt đối không sử dụng các loại hóa chất tẩy rửa có nồng độ mạnh.</li>
            <li>Nên phơi hoặc bảo quản ở những nơi thoáng mát, tránh để ánh nắng trực tiếp gay gắt chiếu vào trong thời gian dài.</li>
        </ul>
        <h3>Tại sao nên chọn mua tại Axeron Sport?</h3>
        <p>Với phương châm mang đến những sản phẩm thể thao chất lượng cao và dẫn đầu xu hướng, Axeron Sport cam kết 100% sản phẩm <strong>Dép Nam Signature C888</strong> đều được kiểm định chất lượng chặt chẽ trước khi trao đến tay khách hàng. Đội ngũ tư vấn viên nhiệt tình của chúng tôi luôn sẵn sàng hỗ trợ để bạn có thể chọn lựa được sản phẩm ưng ý nhất. Nâng tầm hiệu suất tập luyện ngay hôm nay!</p>
    ",Adidas,"Dép Nam"
129,"Áo Khoác Nam Signature 7846","<h3>Tổng quan chi tiết về <strong>Áo Khoác Nam Signature 7846</strong></h3>
<p>Đây là sản phẩm Áo Khoác Nam có thiết kế nổi bật, phù hợp cho nhiều hoạt động thể thao.</p>

        <p>Nếu bạn đang tìm kiếm một sản phẩm kết hợp hoàn hảo giữa phong cách năng động và hiệu năng thể thao vượt trội, thì <strong>Áo Khoác Nam Signature 7846</strong> chính là lựa chọn hàng đầu. Chiếc áo này được tinh chỉnh để đáp ứng mọi nhu cầu khắt khe nhất của quá trình tập luyện.</p>
        
        <h4>1. Thiết kế và Chất liệu</h4>
        <ul>
            <li><strong>Công nghệ vải thoáng khí:</strong> Giúp luồng không khí lưu thông tối đa, kiểm soát mồ hôi hiệu quả, giữ cơ thể luôn mát mẻ.</li>
            <li><strong>Co giãn 4 chiều linh hoạt:</strong> Đảm bảo sự đàn hồi tuyệt đối, không gây gò bó, cho phép bạn tự do thực hiện các động tác vươn người, chạy nhảy.</li>
            <li><strong>Đường may tỉ mỉ:</strong> Từng chi tiết được gia công chắc chắn, không gây cọ xát hay kích ứng da trong quá trình vận động mạnh.</li>
        </ul>

        <h4>2. Hướng dẫn sử dụng và bảo quản đúng cách</h4>
        <ul>
            <li>Giặt máy ở nhiệt độ thường (hoặc nước lạnh), lộn trái trang phục trước khi giặt để bảo vệ bề mặt vải và logo.</li>
            <li>Tuyệt đối không dùng chất tẩy rửa mạnh để tránh làm phai màu và phá vỡ cấu trúc sợi vải.</li>
            <li>Phơi ở nơi thoáng mát, có gió tự nhiên. Tránh ánh nắng gắt chiếu trực tiếp.</li>
            <li>Không nên ủi ở nhiệt độ cao vì chất liệu thun thể thao rất nhạy cảm với nhiệt độ lớn.</li>
        </ul>
        <h3>Tại sao nên chọn mua tại Axeron Sport?</h3>
        <p>Với phương châm mang đến những sản phẩm thể thao chất lượng cao và dẫn đầu xu hướng, Axeron Sport cam kết 100% sản phẩm <strong>Áo Khoác Nam Signature 7846</strong> đều được kiểm định chất lượng chặt chẽ trước khi trao đến tay khách hàng. Đội ngũ tư vấn viên nhiệt tình của chúng tôi luôn sẵn sàng hỗ trợ để bạn có thể chọn lựa được sản phẩm ưng ý nhất. Nâng tầm hiệu suất tập luyện ngay hôm nay!</p>
    ",Asics,"Áo Khoác Nam"
130,"Áo Khoác Nam Signature 05C4","<h3>Tổng quan chi tiết về <strong>Áo Khoác Nam Signature 05C4</strong></h3>
<p>Đây là sản phẩm Áo Khoác Nam có thiết kế nổi bật, phù hợp cho nhiều hoạt động thể thao.</p>

        <p>Nếu bạn đang tìm kiếm một sản phẩm kết hợp hoàn hảo giữa phong cách năng động và hiệu năng thể thao vượt trội, thì <strong>Áo Khoác Nam Signature 05C4</strong> chính là lựa chọn hàng đầu. Chiếc áo này được tinh chỉnh để đáp ứng mọi nhu cầu khắt khe nhất của quá trình tập luyện.</p>
        
        <h4>1. Thiết kế và Chất liệu</h4>
        <ul>
            <li><strong>Công nghệ vải thoáng khí:</strong> Giúp luồng không khí lưu thông tối đa, kiểm soát mồ hôi hiệu quả, giữ cơ thể luôn mát mẻ.</li>
            <li><strong>Co giãn 4 chiều linh hoạt:</strong> Đảm bảo sự đàn hồi tuyệt đối, không gây gò bó, cho phép bạn tự do thực hiện các động tác vươn người, chạy nhảy.</li>
            <li><strong>Đường may tỉ mỉ:</strong> Từng chi tiết được gia công chắc chắn, không gây cọ xát hay kích ứng da trong quá trình vận động mạnh.</li>
        </ul>

        <h4>2. Hướng dẫn sử dụng và bảo quản đúng cách</h4>
        <ul>
            <li>Giặt máy ở nhiệt độ thường (hoặc nước lạnh), lộn trái trang phục trước khi giặt để bảo vệ bề mặt vải và logo.</li>
            <li>Tuyệt đối không dùng chất tẩy rửa mạnh để tránh làm phai màu và phá vỡ cấu trúc sợi vải.</li>
            <li>Phơi ở nơi thoáng mát, có gió tự nhiên. Tránh ánh nắng gắt chiếu trực tiếp.</li>
            <li>Không nên ủi ở nhiệt độ cao vì chất liệu thun thể thao rất nhạy cảm với nhiệt độ lớn.</li>
        </ul>
        <h3>Tại sao nên chọn mua tại Axeron Sport?</h3>
        <p>Với phương châm mang đến những sản phẩm thể thao chất lượng cao và dẫn đầu xu hướng, Axeron Sport cam kết 100% sản phẩm <strong>Áo Khoác Nam Signature 05C4</strong> đều được kiểm định chất lượng chặt chẽ trước khi trao đến tay khách hàng. Đội ngũ tư vấn viên nhiệt tình của chúng tôi luôn sẵn sàng hỗ trợ để bạn có thể chọn lựa được sản phẩm ưng ý nhất. Nâng tầm hiệu suất tập luyện ngay hôm nay!</p>
    ",Mizuno,"Áo Khoác Nam"
131,"Quần Dài Nam Signature 8E6D","<h3>Tổng quan chi tiết về <strong>Quần Dài Nam Signature 8E6D</strong></h3>
<p>Đây là sản phẩm Quần Dài Nam có thiết kế nổi bật, phù hợp cho nhiều hoạt động thể thao.</p>

        <p>Nếu bạn đang tìm kiếm một sản phẩm kết hợp hoàn hảo giữa phong cách năng động và hiệu năng thể thao vượt trội, thì <strong>Quần Dài Nam Signature 8E6D</strong> chính là lựa chọn hàng đầu. Chiếc quần này được tinh chỉnh để đáp ứng mọi nhu cầu khắt khe nhất của quá trình tập luyện.</p>
        
        <h4>1. Thiết kế và Chất liệu</h4>
        <ul>
            <li><strong>Công nghệ vải thoáng khí:</strong> Giúp luồng không khí lưu thông tối đa, kiểm soát mồ hôi hiệu quả, giữ cơ thể luôn mát mẻ.</li>
            <li><strong>Co giãn 4 chiều linh hoạt:</strong> Đảm bảo sự đàn hồi tuyệt đối, không gây gò bó, cho phép bạn tự do thực hiện các động tác vươn người, chạy nhảy.</li>
            <li><strong>Đường may tỉ mỉ:</strong> Từng chi tiết được gia công chắc chắn, không gây cọ xát hay kích ứng da trong quá trình vận động mạnh.</li>
        </ul>

        <h4>2. Hướng dẫn sử dụng và bảo quản đúng cách</h4>
        <ul>
            <li>Giặt máy ở nhiệt độ thường (hoặc nước lạnh), lộn trái trang phục trước khi giặt để bảo vệ bề mặt vải và logo.</li>
            <li>Tuyệt đối không dùng chất tẩy rửa mạnh để tránh làm phai màu và phá vỡ cấu trúc sợi vải.</li>
            <li>Phơi ở nơi thoáng mát, có gió tự nhiên. Tránh ánh nắng gắt chiếu trực tiếp.</li>
            <li>Không nên ủi ở nhiệt độ cao vì chất liệu thun thể thao rất nhạy cảm với nhiệt độ lớn.</li>
        </ul>
        <h3>Tại sao nên chọn mua tại Axeron Sport?</h3>
        <p>Với phương châm mang đến những sản phẩm thể thao chất lượng cao và dẫn đầu xu hướng, Axeron Sport cam kết 100% sản phẩm <strong>Quần Dài Nam Signature 8E6D</strong> đều được kiểm định chất lượng chặt chẽ trước khi trao đến tay khách hàng. Đội ngũ tư vấn viên nhiệt tình của chúng tôi luôn sẵn sàng hỗ trợ để bạn có thể chọn lựa được sản phẩm ưng ý nhất. Nâng tầm hiệu suất tập luyện ngay hôm nay!</p>
    ",Asics,"Quần Dài Nam"
132,"Quần Dài Nam Signature DAF8","<h3>Tổng quan chi tiết về <strong>Quần Dài Nam Signature DAF8</strong></h3>
<p>Đây là sản phẩm Quần Dài Nam có thiết kế nổi bật, phù hợp cho nhiều hoạt động thể thao.</p>

        <p>Nếu bạn đang tìm kiếm một sản phẩm kết hợp hoàn hảo giữa phong cách năng động và hiệu năng thể thao vượt trội, thì <strong>Quần Dài Nam Signature DAF8</strong> chính là lựa chọn hàng đầu. Chiếc quần này được tinh chỉnh để đáp ứng mọi nhu cầu khắt khe nhất của quá trình tập luyện.</p>
        
        <h4>1. Thiết kế và Chất liệu</h4>
        <ul>
            <li><strong>Công nghệ vải thoáng khí:</strong> Giúp luồng không khí lưu thông tối đa, kiểm soát mồ hôi hiệu quả, giữ cơ thể luôn mát mẻ.</li>
            <li><strong>Co giãn 4 chiều linh hoạt:</strong> Đảm bảo sự đàn hồi tuyệt đối, không gây gò bó, cho phép bạn tự do thực hiện các động tác vươn người, chạy nhảy.</li>
            <li><strong>Đường may tỉ mỉ:</strong> Từng chi tiết được gia công chắc chắn, không gây cọ xát hay kích ứng da trong quá trình vận động mạnh.</li>
        </ul>

        <h4>2. Hướng dẫn sử dụng và bảo quản đúng cách</h4>
        <ul>
            <li>Giặt máy ở nhiệt độ thường (hoặc nước lạnh), lộn trái trang phục trước khi giặt để bảo vệ bề mặt vải và logo.</li>
            <li>Tuyệt đối không dùng chất tẩy rửa mạnh để tránh làm phai màu và phá vỡ cấu trúc sợi vải.</li>
            <li>Phơi ở nơi thoáng mát, có gió tự nhiên. Tránh ánh nắng gắt chiếu trực tiếp.</li>
            <li>Không nên ủi ở nhiệt độ cao vì chất liệu thun thể thao rất nhạy cảm với nhiệt độ lớn.</li>
        </ul>
        <h3>Tại sao nên chọn mua tại Axeron Sport?</h3>
        <p>Với phương châm mang đến những sản phẩm thể thao chất lượng cao và dẫn đầu xu hướng, Axeron Sport cam kết 100% sản phẩm <strong>Quần Dài Nam Signature DAF8</strong> đều được kiểm định chất lượng chặt chẽ trước khi trao đến tay khách hàng. Đội ngũ tư vấn viên nhiệt tình của chúng tôi luôn sẵn sàng hỗ trợ để bạn có thể chọn lựa được sản phẩm ưng ý nhất. Nâng tầm hiệu suất tập luyện ngay hôm nay!</p>
    ",Lining,"Quần Dài Nam"
133,"Giày Chạy Bộ Nữ Signature 6DE3","<h3>Tổng quan chi tiết về <strong>Giày Chạy Bộ Nữ Signature 6DE3</strong></h3>
<p>Đây là sản phẩm Giày Chạy Bộ Nữ có thiết kế nổi bật, phù hợp cho nhiều hoạt động thể thao.</p>

        <p>Được thiết kế chuyên biệt để nâng niu từng bước chân, <strong>Giày Chạy Bộ Nữ Signature 6DE3</strong> là người bạn đồng hành không thể thiếu cho những tín đồ đam mê vận động. Với kiểu dáng thể thao hiện đại, sản phẩm không chỉ mang lại hiệu suất cao trên sân tập mà còn rất phong cách khi dạo phố.</p>
        
        <h4>1. Cấu tạo và Công nghệ nổi bật</h4>
        <ul>
            <li><strong>Chất liệu bề mặt cao cấp:</strong> Thân giày được làm từ vật liệu siêu nhẹ và thoáng khí, giúp đôi chân luôn khô ráo dù hoạt động ở cường độ cao.</li>
            <li><strong>Bộ đệm êm ái, trợ lực tốt:</strong> Đế giữa hấp thụ lực va đập cực tốt, phản hồi năng lượng mạnh mẽ giúp giảm thiểu chấn thương cơ xương khớp.</li>
            <li><strong>Đế ngoài chống trượt:</strong> Thiết kế mặt đế bám đường vượt trội, tăng độ ma sát và an toàn trên nhiều địa hình khác nhau.</li>
        </ul>

        <h4>2. Hướng dẫn vệ sinh và bảo quản</h4>
        <ul>
            <li>Không giặt giày bằng máy giặt để tránh làm biến dạng form dáng và hỏng lớp keo dán.</li>
            <li>Sử dụng bàn chải lông mềm và dung dịch vệ sinh chuyên dụng để làm sạch các vết bẩn.</li>
            <li>Sau khi giặt, phơi giày ở nơi khô ráo, bóng râm. Tuyệt đối không phơi trực tiếp dưới ánh nắng gắt hoặc dùng máy sấy nhiệt độ cao.</li>
            <li>Nên nhét thêm giấy báo hoặc cục hút ẩm vào bên trong giày khi không sử dụng để giữ form và khử mùi.</li>
        </ul>
        <h3>Tại sao nên chọn mua tại Axeron Sport?</h3>
        <p>Với phương châm mang đến những sản phẩm thể thao chất lượng cao và dẫn đầu xu hướng, Axeron Sport cam kết 100% sản phẩm <strong>Giày Chạy Bộ Nữ Signature 6DE3</strong> đều được kiểm định chất lượng chặt chẽ trước khi trao đến tay khách hàng. Đội ngũ tư vấn viên nhiệt tình của chúng tôi luôn sẵn sàng hỗ trợ để bạn có thể chọn lựa được sản phẩm ưng ý nhất. Nâng tầm hiệu suất tập luyện ngay hôm nay!</p>
    ",Yonex,"Giày Chạy Bộ Nữ"
134,"Giày Chạy Bộ Nữ Signature 5F21","<h3>Tổng quan chi tiết về <strong>Giày Chạy Bộ Nữ Signature 5F21</strong></h3>
<p>Đây là sản phẩm Giày Chạy Bộ Nữ có thiết kế nổi bật, phù hợp cho nhiều hoạt động thể thao.</p>

        <p>Được thiết kế chuyên biệt để nâng niu từng bước chân, <strong>Giày Chạy Bộ Nữ Signature 5F21</strong> là người bạn đồng hành không thể thiếu cho những tín đồ đam mê vận động. Với kiểu dáng thể thao hiện đại, sản phẩm không chỉ mang lại hiệu suất cao trên sân tập mà còn rất phong cách khi dạo phố.</p>
        
        <h4>1. Cấu tạo và Công nghệ nổi bật</h4>
        <ul>
            <li><strong>Chất liệu bề mặt cao cấp:</strong> Thân giày được làm từ vật liệu siêu nhẹ và thoáng khí, giúp đôi chân luôn khô ráo dù hoạt động ở cường độ cao.</li>
            <li><strong>Bộ đệm êm ái, trợ lực tốt:</strong> Đế giữa hấp thụ lực va đập cực tốt, phản hồi năng lượng mạnh mẽ giúp giảm thiểu chấn thương cơ xương khớp.</li>
            <li><strong>Đế ngoài chống trượt:</strong> Thiết kế mặt đế bám đường vượt trội, tăng độ ma sát và an toàn trên nhiều địa hình khác nhau.</li>
        </ul>

        <h4>2. Hướng dẫn vệ sinh và bảo quản</h4>
        <ul>
            <li>Không giặt giày bằng máy giặt để tránh làm biến dạng form dáng và hỏng lớp keo dán.</li>
            <li>Sử dụng bàn chải lông mềm và dung dịch vệ sinh chuyên dụng để làm sạch các vết bẩn.</li>
            <li>Sau khi giặt, phơi giày ở nơi khô ráo, bóng râm. Tuyệt đối không phơi trực tiếp dưới ánh nắng gắt hoặc dùng máy sấy nhiệt độ cao.</li>
            <li>Nên nhét thêm giấy báo hoặc cục hút ẩm vào bên trong giày khi không sử dụng để giữ form và khử mùi.</li>
        </ul>
        <h3>Tại sao nên chọn mua tại Axeron Sport?</h3>
        <p>Với phương châm mang đến những sản phẩm thể thao chất lượng cao và dẫn đầu xu hướng, Axeron Sport cam kết 100% sản phẩm <strong>Giày Chạy Bộ Nữ Signature 5F21</strong> đều được kiểm định chất lượng chặt chẽ trước khi trao đến tay khách hàng. Đội ngũ tư vấn viên nhiệt tình của chúng tôi luôn sẵn sàng hỗ trợ để bạn có thể chọn lựa được sản phẩm ưng ý nhất. Nâng tầm hiệu suất tập luyện ngay hôm nay!</p>
    ",Puma,"Giày Chạy Bộ Nữ"
135,"Giày Thể Thao Nữ Signature 97E1","<h3>Tổng quan chi tiết về <strong>Giày Thể Thao Nữ Signature 97E1</strong></h3>
<p>Đây là sản phẩm Giày Thể Thao Nữ có thiết kế nổi bật, phù hợp cho nhiều hoạt động thể thao.</p>

        <p>Được thiết kế chuyên biệt để nâng niu từng bước chân, <strong>Giày Thể Thao Nữ Signature 97E1</strong> là người bạn đồng hành không thể thiếu cho những tín đồ đam mê vận động. Với kiểu dáng thể thao hiện đại, sản phẩm không chỉ mang lại hiệu suất cao trên sân tập mà còn rất phong cách khi dạo phố.</p>
        
        <h4>1. Cấu tạo và Công nghệ nổi bật</h4>
        <ul>
            <li><strong>Chất liệu bề mặt cao cấp:</strong> Thân giày được làm từ vật liệu siêu nhẹ và thoáng khí, giúp đôi chân luôn khô ráo dù hoạt động ở cường độ cao.</li>
            <li><strong>Bộ đệm êm ái, trợ lực tốt:</strong> Đế giữa hấp thụ lực va đập cực tốt, phản hồi năng lượng mạnh mẽ giúp giảm thiểu chấn thương cơ xương khớp.</li>
            <li><strong>Đế ngoài chống trượt:</strong> Thiết kế mặt đế bám đường vượt trội, tăng độ ma sát và an toàn trên nhiều địa hình khác nhau.</li>
        </ul>

        <h4>2. Hướng dẫn vệ sinh và bảo quản</h4>
        <ul>
            <li>Không giặt giày bằng máy giặt để tránh làm biến dạng form dáng và hỏng lớp keo dán.</li>
            <li>Sử dụng bàn chải lông mềm và dung dịch vệ sinh chuyên dụng để làm sạch các vết bẩn.</li>
            <li>Sau khi giặt, phơi giày ở nơi khô ráo, bóng râm. Tuyệt đối không phơi trực tiếp dưới ánh nắng gắt hoặc dùng máy sấy nhiệt độ cao.</li>
            <li>Nên nhét thêm giấy báo hoặc cục hút ẩm vào bên trong giày khi không sử dụng để giữ form và khử mùi.</li>
        </ul>
        <h3>Tại sao nên chọn mua tại Axeron Sport?</h3>
        <p>Với phương châm mang đến những sản phẩm thể thao chất lượng cao và dẫn đầu xu hướng, Axeron Sport cam kết 100% sản phẩm <strong>Giày Thể Thao Nữ Signature 97E1</strong> đều được kiểm định chất lượng chặt chẽ trước khi trao đến tay khách hàng. Đội ngũ tư vấn viên nhiệt tình của chúng tôi luôn sẵn sàng hỗ trợ để bạn có thể chọn lựa được sản phẩm ưng ý nhất. Nâng tầm hiệu suất tập luyện ngay hôm nay!</p>
    ","Động Lực","Giày Thể Thao Nữ"
136,"Giày Thể Thao Nữ Signature 5703","<h3>Tổng quan chi tiết về <strong>Giày Thể Thao Nữ Signature 5703</strong></h3>
<p>Đây là sản phẩm Giày Thể Thao Nữ có thiết kế nổi bật, phù hợp cho nhiều hoạt động thể thao.</p>

        <p>Được thiết kế chuyên biệt để nâng niu từng bước chân, <strong>Giày Thể Thao Nữ Signature 5703</strong> là người bạn đồng hành không thể thiếu cho những tín đồ đam mê vận động. Với kiểu dáng thể thao hiện đại, sản phẩm không chỉ mang lại hiệu suất cao trên sân tập mà còn rất phong cách khi dạo phố.</p>
        
        <h4>1. Cấu tạo và Công nghệ nổi bật</h4>
        <ul>
            <li><strong>Chất liệu bề mặt cao cấp:</strong> Thân giày được làm từ vật liệu siêu nhẹ và thoáng khí, giúp đôi chân luôn khô ráo dù hoạt động ở cường độ cao.</li>
            <li><strong>Bộ đệm êm ái, trợ lực tốt:</strong> Đế giữa hấp thụ lực va đập cực tốt, phản hồi năng lượng mạnh mẽ giúp giảm thiểu chấn thương cơ xương khớp.</li>
            <li><strong>Đế ngoài chống trượt:</strong> Thiết kế mặt đế bám đường vượt trội, tăng độ ma sát và an toàn trên nhiều địa hình khác nhau.</li>
        </ul>

        <h4>2. Hướng dẫn vệ sinh và bảo quản</h4>
        <ul>
            <li>Không giặt giày bằng máy giặt để tránh làm biến dạng form dáng và hỏng lớp keo dán.</li>
            <li>Sử dụng bàn chải lông mềm và dung dịch vệ sinh chuyên dụng để làm sạch các vết bẩn.</li>
            <li>Sau khi giặt, phơi giày ở nơi khô ráo, bóng râm. Tuyệt đối không phơi trực tiếp dưới ánh nắng gắt hoặc dùng máy sấy nhiệt độ cao.</li>
            <li>Nên nhét thêm giấy báo hoặc cục hút ẩm vào bên trong giày khi không sử dụng để giữ form và khử mùi.</li>
        </ul>
        <h3>Tại sao nên chọn mua tại Axeron Sport?</h3>
        <p>Với phương châm mang đến những sản phẩm thể thao chất lượng cao và dẫn đầu xu hướng, Axeron Sport cam kết 100% sản phẩm <strong>Giày Thể Thao Nữ Signature 5703</strong> đều được kiểm định chất lượng chặt chẽ trước khi trao đến tay khách hàng. Đội ngũ tư vấn viên nhiệt tình của chúng tôi luôn sẵn sàng hỗ trợ để bạn có thể chọn lựa được sản phẩm ưng ý nhất. Nâng tầm hiệu suất tập luyện ngay hôm nay!</p>
    ",Lining,"Giày Thể Thao Nữ"
137,"Dép Nữ Signature 7247","<h3>Tổng quan chi tiết về <strong>Dép Nữ Signature 7247</strong></h3>
<p>Đây là sản phẩm Dép Nữ có thiết kế nổi bật, phù hợp cho nhiều hoạt động thể thao.</p>

        <p>Nếu bạn đang tìm kiếm một sản phẩm thể thao kết hợp hoàn hảo giữa phong cách hiện đại, sự bền bỉ và hiệu năng vượt trội, thì <strong>Dép Nữ Signature 7247</strong> chính là sự lựa chọn hàng đầu. Được nghiên cứu và phát triển để đáp ứng những nhu cầu khắt khe nhất của người dùng, sản phẩm này chắc chắn sẽ làm bạn hài lòng trong từng chuyển động.</p>
        
        <h4>1. Thiết kế và Công nghệ nổi bật</h4>
        <ul>
            <li><strong>Chất lượng cao cấp:</strong> Được chế tác từ những vật liệu tuyển chọn, mang lại trải nghiệm sử dụng êm ái và thoải mái.</li>
            <li><strong>Tính ứng dụng cao:</strong> Bạn có thể dễ dàng sử dụng <strong>Dép Nữ Signature 7247</strong> cho nhiều mục đích khác nhau, từ tập gym, chạy bộ cho đến dạo phố.</li>
            <li><strong>Độ bền bỉ theo thời gian:</strong> Từng chi tiết được gia công một cách tỉ mỉ, chắc chắn, giúp sản phẩm giữ được form dáng nguyên thủy dù trải qua thời gian dài sử dụng.</li>
        </ul>

        <h4>2. Hướng dẫn sử dụng và bảo quản đúng cách</h4>
        <ul>
            <li>Làm sạch sản phẩm theo đúng hướng dẫn của nhà sản xuất đính kèm trên nhãn mác.</li>
            <li>Tuyệt đối không sử dụng các loại hóa chất tẩy rửa có nồng độ mạnh.</li>
            <li>Nên phơi hoặc bảo quản ở những nơi thoáng mát, tránh để ánh nắng trực tiếp gay gắt chiếu vào trong thời gian dài.</li>
        </ul>
        <h3>Tại sao nên chọn mua tại Axeron Sport?</h3>
        <p>Với phương châm mang đến những sản phẩm thể thao chất lượng cao và dẫn đầu xu hướng, Axeron Sport cam kết 100% sản phẩm <strong>Dép Nữ Signature 7247</strong> đều được kiểm định chất lượng chặt chẽ trước khi trao đến tay khách hàng. Đội ngũ tư vấn viên nhiệt tình của chúng tôi luôn sẵn sàng hỗ trợ để bạn có thể chọn lựa được sản phẩm ưng ý nhất. Nâng tầm hiệu suất tập luyện ngay hôm nay!</p>
    ",Head,"Dép Nữ"
138,"Dép Nữ Signature 3EBA","<h3>Tổng quan chi tiết về <strong>Dép Nữ Signature 3EBA</strong></h3>
<p>Đây là sản phẩm Dép Nữ có thiết kế nổi bật, phù hợp cho nhiều hoạt động thể thao.</p>

        <p>Nếu bạn đang tìm kiếm một sản phẩm thể thao kết hợp hoàn hảo giữa phong cách hiện đại, sự bền bỉ và hiệu năng vượt trội, thì <strong>Dép Nữ Signature 3EBA</strong> chính là sự lựa chọn hàng đầu. Được nghiên cứu và phát triển để đáp ứng những nhu cầu khắt khe nhất của người dùng, sản phẩm này chắc chắn sẽ làm bạn hài lòng trong từng chuyển động.</p>
        
        <h4>1. Thiết kế và Công nghệ nổi bật</h4>
        <ul>
            <li><strong>Chất lượng cao cấp:</strong> Được chế tác từ những vật liệu tuyển chọn, mang lại trải nghiệm sử dụng êm ái và thoải mái.</li>
            <li><strong>Tính ứng dụng cao:</strong> Bạn có thể dễ dàng sử dụng <strong>Dép Nữ Signature 3EBA</strong> cho nhiều mục đích khác nhau, từ tập gym, chạy bộ cho đến dạo phố.</li>
            <li><strong>Độ bền bỉ theo thời gian:</strong> Từng chi tiết được gia công một cách tỉ mỉ, chắc chắn, giúp sản phẩm giữ được form dáng nguyên thủy dù trải qua thời gian dài sử dụng.</li>
        </ul>

        <h4>2. Hướng dẫn sử dụng và bảo quản đúng cách</h4>
        <ul>
            <li>Làm sạch sản phẩm theo đúng hướng dẫn của nhà sản xuất đính kèm trên nhãn mác.</li>
            <li>Tuyệt đối không sử dụng các loại hóa chất tẩy rửa có nồng độ mạnh.</li>
            <li>Nên phơi hoặc bảo quản ở những nơi thoáng mát, tránh để ánh nắng trực tiếp gay gắt chiếu vào trong thời gian dài.</li>
        </ul>
        <h3>Tại sao nên chọn mua tại Axeron Sport?</h3>
        <p>Với phương châm mang đến những sản phẩm thể thao chất lượng cao và dẫn đầu xu hướng, Axeron Sport cam kết 100% sản phẩm <strong>Dép Nữ Signature 3EBA</strong> đều được kiểm định chất lượng chặt chẽ trước khi trao đến tay khách hàng. Đội ngũ tư vấn viên nhiệt tình của chúng tôi luôn sẵn sàng hỗ trợ để bạn có thể chọn lựa được sản phẩm ưng ý nhất. Nâng tầm hiệu suất tập luyện ngay hôm nay!</p>
    ","Động Lực","Dép Nữ"
139,"Chân Váy Signature 58EC","<h3>Tổng quan chi tiết về <strong>Chân Váy Signature 58EC</strong></h3>
<p>Đây là sản phẩm Chân Váy có thiết kế nổi bật, phù hợp cho nhiều hoạt động thể thao.</p>

        <p>Nếu bạn đang tìm kiếm một sản phẩm thể thao kết hợp hoàn hảo giữa phong cách hiện đại, sự bền bỉ và hiệu năng vượt trội, thì <strong>Chân Váy Signature 58EC</strong> chính là sự lựa chọn hàng đầu. Được nghiên cứu và phát triển để đáp ứng những nhu cầu khắt khe nhất của người dùng, sản phẩm này chắc chắn sẽ làm bạn hài lòng trong từng chuyển động.</p>
        
        <h4>1. Thiết kế và Công nghệ nổi bật</h4>
        <ul>
            <li><strong>Chất lượng cao cấp:</strong> Được chế tác từ những vật liệu tuyển chọn, mang lại trải nghiệm sử dụng êm ái và thoải mái.</li>
            <li><strong>Tính ứng dụng cao:</strong> Bạn có thể dễ dàng sử dụng <strong>Chân Váy Signature 58EC</strong> cho nhiều mục đích khác nhau, từ tập gym, chạy bộ cho đến dạo phố.</li>
            <li><strong>Độ bền bỉ theo thời gian:</strong> Từng chi tiết được gia công một cách tỉ mỉ, chắc chắn, giúp sản phẩm giữ được form dáng nguyên thủy dù trải qua thời gian dài sử dụng.</li>
        </ul>

        <h4>2. Hướng dẫn sử dụng và bảo quản đúng cách</h4>
        <ul>
            <li>Làm sạch sản phẩm theo đúng hướng dẫn của nhà sản xuất đính kèm trên nhãn mác.</li>
            <li>Tuyệt đối không sử dụng các loại hóa chất tẩy rửa có nồng độ mạnh.</li>
            <li>Nên phơi hoặc bảo quản ở những nơi thoáng mát, tránh để ánh nắng trực tiếp gay gắt chiếu vào trong thời gian dài.</li>
        </ul>
        <h3>Tại sao nên chọn mua tại Axeron Sport?</h3>
        <p>Với phương châm mang đến những sản phẩm thể thao chất lượng cao và dẫn đầu xu hướng, Axeron Sport cam kết 100% sản phẩm <strong>Chân Váy Signature 58EC</strong> đều được kiểm định chất lượng chặt chẽ trước khi trao đến tay khách hàng. Đội ngũ tư vấn viên nhiệt tình của chúng tôi luôn sẵn sàng hỗ trợ để bạn có thể chọn lựa được sản phẩm ưng ý nhất. Nâng tầm hiệu suất tập luyện ngay hôm nay!</p>
    ",Head,"Chân Váy"
140,"Chân Váy Signature 8256","<h3>Tổng quan chi tiết về <strong>Chân Váy Signature 8256</strong></h3>
<p>Đây là sản phẩm Chân Váy có thiết kế nổi bật, phù hợp cho nhiều hoạt động thể thao.</p>

        <p>Nếu bạn đang tìm kiếm một sản phẩm thể thao kết hợp hoàn hảo giữa phong cách hiện đại, sự bền bỉ và hiệu năng vượt trội, thì <strong>Chân Váy Signature 8256</strong> chính là sự lựa chọn hàng đầu. Được nghiên cứu và phát triển để đáp ứng những nhu cầu khắt khe nhất của người dùng, sản phẩm này chắc chắn sẽ làm bạn hài lòng trong từng chuyển động.</p>
        
        <h4>1. Thiết kế và Công nghệ nổi bật</h4>
        <ul>
            <li><strong>Chất lượng cao cấp:</strong> Được chế tác từ những vật liệu tuyển chọn, mang lại trải nghiệm sử dụng êm ái và thoải mái.</li>
            <li><strong>Tính ứng dụng cao:</strong> Bạn có thể dễ dàng sử dụng <strong>Chân Váy Signature 8256</strong> cho nhiều mục đích khác nhau, từ tập gym, chạy bộ cho đến dạo phố.</li>
            <li><strong>Độ bền bỉ theo thời gian:</strong> Từng chi tiết được gia công một cách tỉ mỉ, chắc chắn, giúp sản phẩm giữ được form dáng nguyên thủy dù trải qua thời gian dài sử dụng.</li>
        </ul>

        <h4>2. Hướng dẫn sử dụng và bảo quản đúng cách</h4>
        <ul>
            <li>Làm sạch sản phẩm theo đúng hướng dẫn của nhà sản xuất đính kèm trên nhãn mác.</li>
            <li>Tuyệt đối không sử dụng các loại hóa chất tẩy rửa có nồng độ mạnh.</li>
            <li>Nên phơi hoặc bảo quản ở những nơi thoáng mát, tránh để ánh nắng trực tiếp gay gắt chiếu vào trong thời gian dài.</li>
        </ul>
        <h3>Tại sao nên chọn mua tại Axeron Sport?</h3>
        <p>Với phương châm mang đến những sản phẩm thể thao chất lượng cao và dẫn đầu xu hướng, Axeron Sport cam kết 100% sản phẩm <strong>Chân Váy Signature 8256</strong> đều được kiểm định chất lượng chặt chẽ trước khi trao đến tay khách hàng. Đội ngũ tư vấn viên nhiệt tình của chúng tôi luôn sẵn sàng hỗ trợ để bạn có thể chọn lựa được sản phẩm ưng ý nhất. Nâng tầm hiệu suất tập luyện ngay hôm nay!</p>
    ","Động Lực","Chân Váy"
141,"Bóng Rổ 6FC2","<h3>Tổng quan chi tiết về <strong>Bóng Rổ 6FC2</strong></h3>
<p>Đây là sản phẩm Bóng Rổ chính hãng, độ bền cao, hỗ trợ tốt nhất cho bạn.</p>

        <p>Nếu bạn đang tìm kiếm một sản phẩm thể thao kết hợp hoàn hảo giữa phong cách hiện đại, sự bền bỉ và hiệu năng vượt trội, thì <strong>Bóng Rổ 6FC2</strong> chính là sự lựa chọn hàng đầu. Được nghiên cứu và phát triển để đáp ứng những nhu cầu khắt khe nhất của người dùng, sản phẩm này chắc chắn sẽ làm bạn hài lòng trong từng chuyển động.</p>
        
        <h4>1. Thiết kế và Công nghệ nổi bật</h4>
        <ul>
            <li><strong>Chất lượng cao cấp:</strong> Được chế tác từ những vật liệu tuyển chọn, mang lại trải nghiệm sử dụng êm ái và thoải mái.</li>
            <li><strong>Tính ứng dụng cao:</strong> Bạn có thể dễ dàng sử dụng <strong>Bóng Rổ 6FC2</strong> cho nhiều mục đích khác nhau, từ tập gym, chạy bộ cho đến dạo phố.</li>
            <li><strong>Độ bền bỉ theo thời gian:</strong> Từng chi tiết được gia công một cách tỉ mỉ, chắc chắn, giúp sản phẩm giữ được form dáng nguyên thủy dù trải qua thời gian dài sử dụng.</li>
        </ul>

        <h4>2. Hướng dẫn sử dụng và bảo quản đúng cách</h4>
        <ul>
            <li>Làm sạch sản phẩm theo đúng hướng dẫn của nhà sản xuất đính kèm trên nhãn mác.</li>
            <li>Tuyệt đối không sử dụng các loại hóa chất tẩy rửa có nồng độ mạnh.</li>
            <li>Nên phơi hoặc bảo quản ở những nơi thoáng mát, tránh để ánh nắng trực tiếp gay gắt chiếu vào trong thời gian dài.</li>
        </ul>
        <h3>Tại sao nên chọn mua tại Axeron Sport?</h3>
        <p>Với phương châm mang đến những sản phẩm thể thao chất lượng cao và dẫn đầu xu hướng, Axeron Sport cam kết 100% sản phẩm <strong>Bóng Rổ 6FC2</strong> đều được kiểm định chất lượng chặt chẽ trước khi trao đến tay khách hàng. Đội ngũ tư vấn viên nhiệt tình của chúng tôi luôn sẵn sàng hỗ trợ để bạn có thể chọn lựa được sản phẩm ưng ý nhất. Nâng tầm hiệu suất tập luyện ngay hôm nay!</p>
    ",Axeron,"Bóng Rổ"
142,"Bóng Rổ 237A","<h3>Tổng quan chi tiết về <strong>Bóng Rổ 237A</strong></h3>
<p>Đây là sản phẩm Bóng Rổ chính hãng, độ bền cao, hỗ trợ tốt nhất cho bạn.</p>

        <p>Nếu bạn đang tìm kiếm một sản phẩm thể thao kết hợp hoàn hảo giữa phong cách hiện đại, sự bền bỉ và hiệu năng vượt trội, thì <strong>Bóng Rổ 237A</strong> chính là sự lựa chọn hàng đầu. Được nghiên cứu và phát triển để đáp ứng những nhu cầu khắt khe nhất của người dùng, sản phẩm này chắc chắn sẽ làm bạn hài lòng trong từng chuyển động.</p>
        
        <h4>1. Thiết kế và Công nghệ nổi bật</h4>
        <ul>
            <li><strong>Chất lượng cao cấp:</strong> Được chế tác từ những vật liệu tuyển chọn, mang lại trải nghiệm sử dụng êm ái và thoải mái.</li>
            <li><strong>Tính ứng dụng cao:</strong> Bạn có thể dễ dàng sử dụng <strong>Bóng Rổ 237A</strong> cho nhiều mục đích khác nhau, từ tập gym, chạy bộ cho đến dạo phố.</li>
            <li><strong>Độ bền bỉ theo thời gian:</strong> Từng chi tiết được gia công một cách tỉ mỉ, chắc chắn, giúp sản phẩm giữ được form dáng nguyên thủy dù trải qua thời gian dài sử dụng.</li>
        </ul>

        <h4>2. Hướng dẫn sử dụng và bảo quản đúng cách</h4>
        <ul>
            <li>Làm sạch sản phẩm theo đúng hướng dẫn của nhà sản xuất đính kèm trên nhãn mác.</li>
            <li>Tuyệt đối không sử dụng các loại hóa chất tẩy rửa có nồng độ mạnh.</li>
            <li>Nên phơi hoặc bảo quản ở những nơi thoáng mát, tránh để ánh nắng trực tiếp gay gắt chiếu vào trong thời gian dài.</li>
        </ul>
        <h3>Tại sao nên chọn mua tại Axeron Sport?</h3>
        <p>Với phương châm mang đến những sản phẩm thể thao chất lượng cao và dẫn đầu xu hướng, Axeron Sport cam kết 100% sản phẩm <strong>Bóng Rổ 237A</strong> đều được kiểm định chất lượng chặt chẽ trước khi trao đến tay khách hàng. Đội ngũ tư vấn viên nhiệt tình của chúng tôi luôn sẵn sàng hỗ trợ để bạn có thể chọn lựa được sản phẩm ưng ý nhất. Nâng tầm hiệu suất tập luyện ngay hôm nay!</p>
    ","Động Lực","Bóng Rổ"
143,"Bóng Rổ 4F74","<h3>Tổng quan chi tiết về <strong>Bóng Rổ 4F74</strong></h3>
<p>Đây là sản phẩm Bóng Rổ chính hãng, độ bền cao, hỗ trợ tốt nhất cho bạn.</p>

        <p>Nếu bạn đang tìm kiếm một sản phẩm thể thao kết hợp hoàn hảo giữa phong cách hiện đại, sự bền bỉ và hiệu năng vượt trội, thì <strong>Bóng Rổ 4F74</strong> chính là sự lựa chọn hàng đầu. Được nghiên cứu và phát triển để đáp ứng những nhu cầu khắt khe nhất của người dùng, sản phẩm này chắc chắn sẽ làm bạn hài lòng trong từng chuyển động.</p>
        
        <h4>1. Thiết kế và Công nghệ nổi bật</h4>
        <ul>
            <li><strong>Chất lượng cao cấp:</strong> Được chế tác từ những vật liệu tuyển chọn, mang lại trải nghiệm sử dụng êm ái và thoải mái.</li>
            <li><strong>Tính ứng dụng cao:</strong> Bạn có thể dễ dàng sử dụng <strong>Bóng Rổ 4F74</strong> cho nhiều mục đích khác nhau, từ tập gym, chạy bộ cho đến dạo phố.</li>
            <li><strong>Độ bền bỉ theo thời gian:</strong> Từng chi tiết được gia công một cách tỉ mỉ, chắc chắn, giúp sản phẩm giữ được form dáng nguyên thủy dù trải qua thời gian dài sử dụng.</li>
        </ul>

        <h4>2. Hướng dẫn sử dụng và bảo quản đúng cách</h4>
        <ul>
            <li>Làm sạch sản phẩm theo đúng hướng dẫn của nhà sản xuất đính kèm trên nhãn mác.</li>
            <li>Tuyệt đối không sử dụng các loại hóa chất tẩy rửa có nồng độ mạnh.</li>
            <li>Nên phơi hoặc bảo quản ở những nơi thoáng mát, tránh để ánh nắng trực tiếp gay gắt chiếu vào trong thời gian dài.</li>
        </ul>
        <h3>Tại sao nên chọn mua tại Axeron Sport?</h3>
        <p>Với phương châm mang đến những sản phẩm thể thao chất lượng cao và dẫn đầu xu hướng, Axeron Sport cam kết 100% sản phẩm <strong>Bóng Rổ 4F74</strong> đều được kiểm định chất lượng chặt chẽ trước khi trao đến tay khách hàng. Đội ngũ tư vấn viên nhiệt tình của chúng tôi luôn sẵn sàng hỗ trợ để bạn có thể chọn lựa được sản phẩm ưng ý nhất. Nâng tầm hiệu suất tập luyện ngay hôm nay!</p>
    ",Axeron,"Bóng Rổ"
144,"Bóng Rổ 003E","<h3>Tổng quan chi tiết về <strong>Bóng Rổ 003E</strong></h3>
<p>Đây là sản phẩm Bóng Rổ chính hãng, độ bền cao, hỗ trợ tốt nhất cho bạn.</p>

        <p>Nếu bạn đang tìm kiếm một sản phẩm thể thao kết hợp hoàn hảo giữa phong cách hiện đại, sự bền bỉ và hiệu năng vượt trội, thì <strong>Bóng Rổ 003E</strong> chính là sự lựa chọn hàng đầu. Được nghiên cứu và phát triển để đáp ứng những nhu cầu khắt khe nhất của người dùng, sản phẩm này chắc chắn sẽ làm bạn hài lòng trong từng chuyển động.</p>
        
        <h4>1. Thiết kế và Công nghệ nổi bật</h4>
        <ul>
            <li><strong>Chất lượng cao cấp:</strong> Được chế tác từ những vật liệu tuyển chọn, mang lại trải nghiệm sử dụng êm ái và thoải mái.</li>
            <li><strong>Tính ứng dụng cao:</strong> Bạn có thể dễ dàng sử dụng <strong>Bóng Rổ 003E</strong> cho nhiều mục đích khác nhau, từ tập gym, chạy bộ cho đến dạo phố.</li>
            <li><strong>Độ bền bỉ theo thời gian:</strong> Từng chi tiết được gia công một cách tỉ mỉ, chắc chắn, giúp sản phẩm giữ được form dáng nguyên thủy dù trải qua thời gian dài sử dụng.</li>
        </ul>

        <h4>2. Hướng dẫn sử dụng và bảo quản đúng cách</h4>
        <ul>
            <li>Làm sạch sản phẩm theo đúng hướng dẫn của nhà sản xuất đính kèm trên nhãn mác.</li>
            <li>Tuyệt đối không sử dụng các loại hóa chất tẩy rửa có nồng độ mạnh.</li>
            <li>Nên phơi hoặc bảo quản ở những nơi thoáng mát, tránh để ánh nắng trực tiếp gay gắt chiếu vào trong thời gian dài.</li>
        </ul>
        <h3>Tại sao nên chọn mua tại Axeron Sport?</h3>
        <p>Với phương châm mang đến những sản phẩm thể thao chất lượng cao và dẫn đầu xu hướng, Axeron Sport cam kết 100% sản phẩm <strong>Bóng Rổ 003E</strong> đều được kiểm định chất lượng chặt chẽ trước khi trao đến tay khách hàng. Đội ngũ tư vấn viên nhiệt tình của chúng tôi luôn sẵn sàng hỗ trợ để bạn có thể chọn lựa được sản phẩm ưng ý nhất. Nâng tầm hiệu suất tập luyện ngay hôm nay!</p>
    ",Head,"Bóng Rổ"
145,"Bóng Rổ 74E2","<h3>Tổng quan chi tiết về <strong>Bóng Rổ 74E2</strong></h3>
<p>Đây là sản phẩm Bóng Rổ chính hãng, độ bền cao, hỗ trợ tốt nhất cho bạn.</p>

        <p>Nếu bạn đang tìm kiếm một sản phẩm thể thao kết hợp hoàn hảo giữa phong cách hiện đại, sự bền bỉ và hiệu năng vượt trội, thì <strong>Bóng Rổ 74E2</strong> chính là sự lựa chọn hàng đầu. Được nghiên cứu và phát triển để đáp ứng những nhu cầu khắt khe nhất của người dùng, sản phẩm này chắc chắn sẽ làm bạn hài lòng trong từng chuyển động.</p>
        
        <h4>1. Thiết kế và Công nghệ nổi bật</h4>
        <ul>
            <li><strong>Chất lượng cao cấp:</strong> Được chế tác từ những vật liệu tuyển chọn, mang lại trải nghiệm sử dụng êm ái và thoải mái.</li>
            <li><strong>Tính ứng dụng cao:</strong> Bạn có thể dễ dàng sử dụng <strong>Bóng Rổ 74E2</strong> cho nhiều mục đích khác nhau, từ tập gym, chạy bộ cho đến dạo phố.</li>
            <li><strong>Độ bền bỉ theo thời gian:</strong> Từng chi tiết được gia công một cách tỉ mỉ, chắc chắn, giúp sản phẩm giữ được form dáng nguyên thủy dù trải qua thời gian dài sử dụng.</li>
        </ul>

        <h4>2. Hướng dẫn sử dụng và bảo quản đúng cách</h4>
        <ul>
            <li>Làm sạch sản phẩm theo đúng hướng dẫn của nhà sản xuất đính kèm trên nhãn mác.</li>
            <li>Tuyệt đối không sử dụng các loại hóa chất tẩy rửa có nồng độ mạnh.</li>
            <li>Nên phơi hoặc bảo quản ở những nơi thoáng mát, tránh để ánh nắng trực tiếp gay gắt chiếu vào trong thời gian dài.</li>
        </ul>
        <h3>Tại sao nên chọn mua tại Axeron Sport?</h3>
        <p>Với phương châm mang đến những sản phẩm thể thao chất lượng cao và dẫn đầu xu hướng, Axeron Sport cam kết 100% sản phẩm <strong>Bóng Rổ 74E2</strong> đều được kiểm định chất lượng chặt chẽ trước khi trao đến tay khách hàng. Đội ngũ tư vấn viên nhiệt tình của chúng tôi luôn sẵn sàng hỗ trợ để bạn có thể chọn lựa được sản phẩm ưng ý nhất. Nâng tầm hiệu suất tập luyện ngay hôm nay!</p>
    ",Head,"Bóng Rổ"
146,"Bóng Chuyền 12DA","<h3>Tổng quan chi tiết về <strong>Bóng Chuyền 12DA</strong></h3>
<p>Đây là sản phẩm Bóng Chuyền chính hãng, độ bền cao, hỗ trợ tốt nhất cho bạn.</p>

        <p>Nếu bạn đang tìm kiếm một sản phẩm thể thao kết hợp hoàn hảo giữa phong cách hiện đại, sự bền bỉ và hiệu năng vượt trội, thì <strong>Bóng Chuyền 12DA</strong> chính là sự lựa chọn hàng đầu. Được nghiên cứu và phát triển để đáp ứng những nhu cầu khắt khe nhất của người dùng, sản phẩm này chắc chắn sẽ làm bạn hài lòng trong từng chuyển động.</p>
        
        <h4>1. Thiết kế và Công nghệ nổi bật</h4>
        <ul>
            <li><strong>Chất lượng cao cấp:</strong> Được chế tác từ những vật liệu tuyển chọn, mang lại trải nghiệm sử dụng êm ái và thoải mái.</li>
            <li><strong>Tính ứng dụng cao:</strong> Bạn có thể dễ dàng sử dụng <strong>Bóng Chuyền 12DA</strong> cho nhiều mục đích khác nhau, từ tập gym, chạy bộ cho đến dạo phố.</li>
            <li><strong>Độ bền bỉ theo thời gian:</strong> Từng chi tiết được gia công một cách tỉ mỉ, chắc chắn, giúp sản phẩm giữ được form dáng nguyên thủy dù trải qua thời gian dài sử dụng.</li>
        </ul>

        <h4>2. Hướng dẫn sử dụng và bảo quản đúng cách</h4>
        <ul>
            <li>Làm sạch sản phẩm theo đúng hướng dẫn của nhà sản xuất đính kèm trên nhãn mác.</li>
            <li>Tuyệt đối không sử dụng các loại hóa chất tẩy rửa có nồng độ mạnh.</li>
            <li>Nên phơi hoặc bảo quản ở những nơi thoáng mát, tránh để ánh nắng trực tiếp gay gắt chiếu vào trong thời gian dài.</li>
        </ul>
        <h3>Tại sao nên chọn mua tại Axeron Sport?</h3>
        <p>Với phương châm mang đến những sản phẩm thể thao chất lượng cao và dẫn đầu xu hướng, Axeron Sport cam kết 100% sản phẩm <strong>Bóng Chuyền 12DA</strong> đều được kiểm định chất lượng chặt chẽ trước khi trao đến tay khách hàng. Đội ngũ tư vấn viên nhiệt tình của chúng tôi luôn sẵn sàng hỗ trợ để bạn có thể chọn lựa được sản phẩm ưng ý nhất. Nâng tầm hiệu suất tập luyện ngay hôm nay!</p>
    ",Head,"Bóng Chuyền"
147,"Bóng Chuyền 83FA","<h3>Tổng quan chi tiết về <strong>Bóng Chuyền 83FA</strong></h3>
<p>Đây là sản phẩm Bóng Chuyền chính hãng, độ bền cao, hỗ trợ tốt nhất cho bạn.</p>

        <p>Nếu bạn đang tìm kiếm một sản phẩm thể thao kết hợp hoàn hảo giữa phong cách hiện đại, sự bền bỉ và hiệu năng vượt trội, thì <strong>Bóng Chuyền 83FA</strong> chính là sự lựa chọn hàng đầu. Được nghiên cứu và phát triển để đáp ứng những nhu cầu khắt khe nhất của người dùng, sản phẩm này chắc chắn sẽ làm bạn hài lòng trong từng chuyển động.</p>
        
        <h4>1. Thiết kế và Công nghệ nổi bật</h4>
        <ul>
            <li><strong>Chất lượng cao cấp:</strong> Được chế tác từ những vật liệu tuyển chọn, mang lại trải nghiệm sử dụng êm ái và thoải mái.</li>
            <li><strong>Tính ứng dụng cao:</strong> Bạn có thể dễ dàng sử dụng <strong>Bóng Chuyền 83FA</strong> cho nhiều mục đích khác nhau, từ tập gym, chạy bộ cho đến dạo phố.</li>
            <li><strong>Độ bền bỉ theo thời gian:</strong> Từng chi tiết được gia công một cách tỉ mỉ, chắc chắn, giúp sản phẩm giữ được form dáng nguyên thủy dù trải qua thời gian dài sử dụng.</li>
        </ul>

        <h4>2. Hướng dẫn sử dụng và bảo quản đúng cách</h4>
        <ul>
            <li>Làm sạch sản phẩm theo đúng hướng dẫn của nhà sản xuất đính kèm trên nhãn mác.</li>
            <li>Tuyệt đối không sử dụng các loại hóa chất tẩy rửa có nồng độ mạnh.</li>
            <li>Nên phơi hoặc bảo quản ở những nơi thoáng mát, tránh để ánh nắng trực tiếp gay gắt chiếu vào trong thời gian dài.</li>
        </ul>
        <h3>Tại sao nên chọn mua tại Axeron Sport?</h3>
        <p>Với phương châm mang đến những sản phẩm thể thao chất lượng cao và dẫn đầu xu hướng, Axeron Sport cam kết 100% sản phẩm <strong>Bóng Chuyền 83FA</strong> đều được kiểm định chất lượng chặt chẽ trước khi trao đến tay khách hàng. Đội ngũ tư vấn viên nhiệt tình của chúng tôi luôn sẵn sàng hỗ trợ để bạn có thể chọn lựa được sản phẩm ưng ý nhất. Nâng tầm hiệu suất tập luyện ngay hôm nay!</p>
    ",Asics,"Bóng Chuyền"
148,"Bóng Chuyền 6607","<h3>Tổng quan chi tiết về <strong>Bóng Chuyền 6607</strong></h3>
<p>Đây là sản phẩm Bóng Chuyền chính hãng, độ bền cao, hỗ trợ tốt nhất cho bạn.</p>

        <p>Nếu bạn đang tìm kiếm một sản phẩm thể thao kết hợp hoàn hảo giữa phong cách hiện đại, sự bền bỉ và hiệu năng vượt trội, thì <strong>Bóng Chuyền 6607</strong> chính là sự lựa chọn hàng đầu. Được nghiên cứu và phát triển để đáp ứng những nhu cầu khắt khe nhất của người dùng, sản phẩm này chắc chắn sẽ làm bạn hài lòng trong từng chuyển động.</p>
        
        <h4>1. Thiết kế và Công nghệ nổi bật</h4>
        <ul>
            <li><strong>Chất lượng cao cấp:</strong> Được chế tác từ những vật liệu tuyển chọn, mang lại trải nghiệm sử dụng êm ái và thoải mái.</li>
            <li><strong>Tính ứng dụng cao:</strong> Bạn có thể dễ dàng sử dụng <strong>Bóng Chuyền 6607</strong> cho nhiều mục đích khác nhau, từ tập gym, chạy bộ cho đến dạo phố.</li>
            <li><strong>Độ bền bỉ theo thời gian:</strong> Từng chi tiết được gia công một cách tỉ mỉ, chắc chắn, giúp sản phẩm giữ được form dáng nguyên thủy dù trải qua thời gian dài sử dụng.</li>
        </ul>

        <h4>2. Hướng dẫn sử dụng và bảo quản đúng cách</h4>
        <ul>
            <li>Làm sạch sản phẩm theo đúng hướng dẫn của nhà sản xuất đính kèm trên nhãn mác.</li>
            <li>Tuyệt đối không sử dụng các loại hóa chất tẩy rửa có nồng độ mạnh.</li>
            <li>Nên phơi hoặc bảo quản ở những nơi thoáng mát, tránh để ánh nắng trực tiếp gay gắt chiếu vào trong thời gian dài.</li>
        </ul>
        <h3>Tại sao nên chọn mua tại Axeron Sport?</h3>
        <p>Với phương châm mang đến những sản phẩm thể thao chất lượng cao và dẫn đầu xu hướng, Axeron Sport cam kết 100% sản phẩm <strong>Bóng Chuyền 6607</strong> đều được kiểm định chất lượng chặt chẽ trước khi trao đến tay khách hàng. Đội ngũ tư vấn viên nhiệt tình của chúng tôi luôn sẵn sàng hỗ trợ để bạn có thể chọn lựa được sản phẩm ưng ý nhất. Nâng tầm hiệu suất tập luyện ngay hôm nay!</p>
    ",Head,"Bóng Chuyền"
149,"Bóng Chuyền D1F0","<h3>Tổng quan chi tiết về <strong>Bóng Chuyền D1F0</strong></h3>
<p>Đây là sản phẩm Bóng Chuyền chính hãng, độ bền cao, hỗ trợ tốt nhất cho bạn.</p>

        <p>Nếu bạn đang tìm kiếm một sản phẩm thể thao kết hợp hoàn hảo giữa phong cách hiện đại, sự bền bỉ và hiệu năng vượt trội, thì <strong>Bóng Chuyền D1F0</strong> chính là sự lựa chọn hàng đầu. Được nghiên cứu và phát triển để đáp ứng những nhu cầu khắt khe nhất của người dùng, sản phẩm này chắc chắn sẽ làm bạn hài lòng trong từng chuyển động.</p>
        
        <h4>1. Thiết kế và Công nghệ nổi bật</h4>
        <ul>
            <li><strong>Chất lượng cao cấp:</strong> Được chế tác từ những vật liệu tuyển chọn, mang lại trải nghiệm sử dụng êm ái và thoải mái.</li>
            <li><strong>Tính ứng dụng cao:</strong> Bạn có thể dễ dàng sử dụng <strong>Bóng Chuyền D1F0</strong> cho nhiều mục đích khác nhau, từ tập gym, chạy bộ cho đến dạo phố.</li>
            <li><strong>Độ bền bỉ theo thời gian:</strong> Từng chi tiết được gia công một cách tỉ mỉ, chắc chắn, giúp sản phẩm giữ được form dáng nguyên thủy dù trải qua thời gian dài sử dụng.</li>
        </ul>

        <h4>2. Hướng dẫn sử dụng và bảo quản đúng cách</h4>
        <ul>
            <li>Làm sạch sản phẩm theo đúng hướng dẫn của nhà sản xuất đính kèm trên nhãn mác.</li>
            <li>Tuyệt đối không sử dụng các loại hóa chất tẩy rửa có nồng độ mạnh.</li>
            <li>Nên phơi hoặc bảo quản ở những nơi thoáng mát, tránh để ánh nắng trực tiếp gay gắt chiếu vào trong thời gian dài.</li>
        </ul>
        <h3>Tại sao nên chọn mua tại Axeron Sport?</h3>
        <p>Với phương châm mang đến những sản phẩm thể thao chất lượng cao và dẫn đầu xu hướng, Axeron Sport cam kết 100% sản phẩm <strong>Bóng Chuyền D1F0</strong> đều được kiểm định chất lượng chặt chẽ trước khi trao đến tay khách hàng. Đội ngũ tư vấn viên nhiệt tình của chúng tôi luôn sẵn sàng hỗ trợ để bạn có thể chọn lựa được sản phẩm ưng ý nhất. Nâng tầm hiệu suất tập luyện ngay hôm nay!</p>
    ",Yonex,"Bóng Chuyền"
150,"Vợt Pickleball 784A","<h3>Tổng quan chi tiết về <strong>Vợt Pickleball 784A</strong></h3>
<p>Đây là sản phẩm Vợt Pickleball chính hãng, độ bền cao, hỗ trợ tốt nhất cho bạn.</p>

        <p>Nếu bạn đang tìm kiếm một sản phẩm thể thao kết hợp hoàn hảo giữa phong cách hiện đại, sự bền bỉ và hiệu năng vượt trội, thì <strong>Vợt Pickleball 784A</strong> chính là sự lựa chọn hàng đầu. Được nghiên cứu và phát triển để đáp ứng những nhu cầu khắt khe nhất của người dùng, sản phẩm này chắc chắn sẽ làm bạn hài lòng trong từng chuyển động.</p>
        
        <h4>1. Thiết kế và Công nghệ nổi bật</h4>
        <ul>
            <li><strong>Chất lượng cao cấp:</strong> Được chế tác từ những vật liệu tuyển chọn, mang lại trải nghiệm sử dụng êm ái và thoải mái.</li>
            <li><strong>Tính ứng dụng cao:</strong> Bạn có thể dễ dàng sử dụng <strong>Vợt Pickleball 784A</strong> cho nhiều mục đích khác nhau, từ tập gym, chạy bộ cho đến dạo phố.</li>
            <li><strong>Độ bền bỉ theo thời gian:</strong> Từng chi tiết được gia công một cách tỉ mỉ, chắc chắn, giúp sản phẩm giữ được form dáng nguyên thủy dù trải qua thời gian dài sử dụng.</li>
        </ul>

        <h4>2. Hướng dẫn sử dụng và bảo quản đúng cách</h4>
        <ul>
            <li>Làm sạch sản phẩm theo đúng hướng dẫn của nhà sản xuất đính kèm trên nhãn mác.</li>
            <li>Tuyệt đối không sử dụng các loại hóa chất tẩy rửa có nồng độ mạnh.</li>
            <li>Nên phơi hoặc bảo quản ở những nơi thoáng mát, tránh để ánh nắng trực tiếp gay gắt chiếu vào trong thời gian dài.</li>
        </ul>
        <h3>Tại sao nên chọn mua tại Axeron Sport?</h3>
        <p>Với phương châm mang đến những sản phẩm thể thao chất lượng cao và dẫn đầu xu hướng, Axeron Sport cam kết 100% sản phẩm <strong>Vợt Pickleball 784A</strong> đều được kiểm định chất lượng chặt chẽ trước khi trao đến tay khách hàng. Đội ngũ tư vấn viên nhiệt tình của chúng tôi luôn sẵn sàng hỗ trợ để bạn có thể chọn lựa được sản phẩm ưng ý nhất. Nâng tầm hiệu suất tập luyện ngay hôm nay!</p>
    ",Head,"Vợt Pickleball"
151,"Vợt Pickleball 0CC4","<h3>Tổng quan chi tiết về <strong>Vợt Pickleball 0CC4</strong></h3>
<p>Đây là sản phẩm Vợt Pickleball chính hãng, độ bền cao, hỗ trợ tốt nhất cho bạn.</p>

        <p>Nếu bạn đang tìm kiếm một sản phẩm thể thao kết hợp hoàn hảo giữa phong cách hiện đại, sự bền bỉ và hiệu năng vượt trội, thì <strong>Vợt Pickleball 0CC4</strong> chính là sự lựa chọn hàng đầu. Được nghiên cứu và phát triển để đáp ứng những nhu cầu khắt khe nhất của người dùng, sản phẩm này chắc chắn sẽ làm bạn hài lòng trong từng chuyển động.</p>
        
        <h4>1. Thiết kế và Công nghệ nổi bật</h4>
        <ul>
            <li><strong>Chất lượng cao cấp:</strong> Được chế tác từ những vật liệu tuyển chọn, mang lại trải nghiệm sử dụng êm ái và thoải mái.</li>
            <li><strong>Tính ứng dụng cao:</strong> Bạn có thể dễ dàng sử dụng <strong>Vợt Pickleball 0CC4</strong> cho nhiều mục đích khác nhau, từ tập gym, chạy bộ cho đến dạo phố.</li>
            <li><strong>Độ bền bỉ theo thời gian:</strong> Từng chi tiết được gia công một cách tỉ mỉ, chắc chắn, giúp sản phẩm giữ được form dáng nguyên thủy dù trải qua thời gian dài sử dụng.</li>
        </ul>

        <h4>2. Hướng dẫn sử dụng và bảo quản đúng cách</h4>
        <ul>
            <li>Làm sạch sản phẩm theo đúng hướng dẫn của nhà sản xuất đính kèm trên nhãn mác.</li>
            <li>Tuyệt đối không sử dụng các loại hóa chất tẩy rửa có nồng độ mạnh.</li>
            <li>Nên phơi hoặc bảo quản ở những nơi thoáng mát, tránh để ánh nắng trực tiếp gay gắt chiếu vào trong thời gian dài.</li>
        </ul>
        <h3>Tại sao nên chọn mua tại Axeron Sport?</h3>
        <p>Với phương châm mang đến những sản phẩm thể thao chất lượng cao và dẫn đầu xu hướng, Axeron Sport cam kết 100% sản phẩm <strong>Vợt Pickleball 0CC4</strong> đều được kiểm định chất lượng chặt chẽ trước khi trao đến tay khách hàng. Đội ngũ tư vấn viên nhiệt tình của chúng tôi luôn sẵn sàng hỗ trợ để bạn có thể chọn lựa được sản phẩm ưng ý nhất. Nâng tầm hiệu suất tập luyện ngay hôm nay!</p>
    ",Axeron,"Vợt Pickleball"
152,"Vợt Pickleball 345C","<h3>Tổng quan chi tiết về <strong>Vợt Pickleball 345C</strong></h3>
<p>Đây là sản phẩm Vợt Pickleball chính hãng, độ bền cao, hỗ trợ tốt nhất cho bạn.</p>

        <p>Nếu bạn đang tìm kiếm một sản phẩm thể thao kết hợp hoàn hảo giữa phong cách hiện đại, sự bền bỉ và hiệu năng vượt trội, thì <strong>Vợt Pickleball 345C</strong> chính là sự lựa chọn hàng đầu. Được nghiên cứu và phát triển để đáp ứng những nhu cầu khắt khe nhất của người dùng, sản phẩm này chắc chắn sẽ làm bạn hài lòng trong từng chuyển động.</p>
        
        <h4>1. Thiết kế và Công nghệ nổi bật</h4>
        <ul>
            <li><strong>Chất lượng cao cấp:</strong> Được chế tác từ những vật liệu tuyển chọn, mang lại trải nghiệm sử dụng êm ái và thoải mái.</li>
            <li><strong>Tính ứng dụng cao:</strong> Bạn có thể dễ dàng sử dụng <strong>Vợt Pickleball 345C</strong> cho nhiều mục đích khác nhau, từ tập gym, chạy bộ cho đến dạo phố.</li>
            <li><strong>Độ bền bỉ theo thời gian:</strong> Từng chi tiết được gia công một cách tỉ mỉ, chắc chắn, giúp sản phẩm giữ được form dáng nguyên thủy dù trải qua thời gian dài sử dụng.</li>
        </ul>

        <h4>2. Hướng dẫn sử dụng và bảo quản đúng cách</h4>
        <ul>
            <li>Làm sạch sản phẩm theo đúng hướng dẫn của nhà sản xuất đính kèm trên nhãn mác.</li>
            <li>Tuyệt đối không sử dụng các loại hóa chất tẩy rửa có nồng độ mạnh.</li>
            <li>Nên phơi hoặc bảo quản ở những nơi thoáng mát, tránh để ánh nắng trực tiếp gay gắt chiếu vào trong thời gian dài.</li>
        </ul>
        <h3>Tại sao nên chọn mua tại Axeron Sport?</h3>
        <p>Với phương châm mang đến những sản phẩm thể thao chất lượng cao và dẫn đầu xu hướng, Axeron Sport cam kết 100% sản phẩm <strong>Vợt Pickleball 345C</strong> đều được kiểm định chất lượng chặt chẽ trước khi trao đến tay khách hàng. Đội ngũ tư vấn viên nhiệt tình của chúng tôi luôn sẵn sàng hỗ trợ để bạn có thể chọn lựa được sản phẩm ưng ý nhất. Nâng tầm hiệu suất tập luyện ngay hôm nay!</p>
    ","Động Lực","Vợt Pickleball"
153,"Vợt Pickleball 38FF","<h3>Tổng quan chi tiết về <strong>Vợt Pickleball 38FF</strong></h3>
<p>Đây là sản phẩm Vợt Pickleball chính hãng, độ bền cao, hỗ trợ tốt nhất cho bạn.</p>

        <p>Nếu bạn đang tìm kiếm một sản phẩm thể thao kết hợp hoàn hảo giữa phong cách hiện đại, sự bền bỉ và hiệu năng vượt trội, thì <strong>Vợt Pickleball 38FF</strong> chính là sự lựa chọn hàng đầu. Được nghiên cứu và phát triển để đáp ứng những nhu cầu khắt khe nhất của người dùng, sản phẩm này chắc chắn sẽ làm bạn hài lòng trong từng chuyển động.</p>
        
        <h4>1. Thiết kế và Công nghệ nổi bật</h4>
        <ul>
            <li><strong>Chất lượng cao cấp:</strong> Được chế tác từ những vật liệu tuyển chọn, mang lại trải nghiệm sử dụng êm ái và thoải mái.</li>
            <li><strong>Tính ứng dụng cao:</strong> Bạn có thể dễ dàng sử dụng <strong>Vợt Pickleball 38FF</strong> cho nhiều mục đích khác nhau, từ tập gym, chạy bộ cho đến dạo phố.</li>
            <li><strong>Độ bền bỉ theo thời gian:</strong> Từng chi tiết được gia công một cách tỉ mỉ, chắc chắn, giúp sản phẩm giữ được form dáng nguyên thủy dù trải qua thời gian dài sử dụng.</li>
        </ul>

        <h4>2. Hướng dẫn sử dụng và bảo quản đúng cách</h4>
        <ul>
            <li>Làm sạch sản phẩm theo đúng hướng dẫn của nhà sản xuất đính kèm trên nhãn mác.</li>
            <li>Tuyệt đối không sử dụng các loại hóa chất tẩy rửa có nồng độ mạnh.</li>
            <li>Nên phơi hoặc bảo quản ở những nơi thoáng mát, tránh để ánh nắng trực tiếp gay gắt chiếu vào trong thời gian dài.</li>
        </ul>
        <h3>Tại sao nên chọn mua tại Axeron Sport?</h3>
        <p>Với phương châm mang đến những sản phẩm thể thao chất lượng cao và dẫn đầu xu hướng, Axeron Sport cam kết 100% sản phẩm <strong>Vợt Pickleball 38FF</strong> đều được kiểm định chất lượng chặt chẽ trước khi trao đến tay khách hàng. Đội ngũ tư vấn viên nhiệt tình của chúng tôi luôn sẵn sàng hỗ trợ để bạn có thể chọn lựa được sản phẩm ưng ý nhất. Nâng tầm hiệu suất tập luyện ngay hôm nay!</p>
    ",Lining,"Vợt Pickleball"
154,"Vợt Pickleball 13D4","<h3>Tổng quan chi tiết về <strong>Vợt Pickleball 13D4</strong></h3>
<p>Đây là sản phẩm Vợt Pickleball chính hãng, độ bền cao, hỗ trợ tốt nhất cho bạn.</p>

        <p>Nếu bạn đang tìm kiếm một sản phẩm thể thao kết hợp hoàn hảo giữa phong cách hiện đại, sự bền bỉ và hiệu năng vượt trội, thì <strong>Vợt Pickleball 13D4</strong> chính là sự lựa chọn hàng đầu. Được nghiên cứu và phát triển để đáp ứng những nhu cầu khắt khe nhất của người dùng, sản phẩm này chắc chắn sẽ làm bạn hài lòng trong từng chuyển động.</p>
        
        <h4>1. Thiết kế và Công nghệ nổi bật</h4>
        <ul>
            <li><strong>Chất lượng cao cấp:</strong> Được chế tác từ những vật liệu tuyển chọn, mang lại trải nghiệm sử dụng êm ái và thoải mái.</li>
            <li><strong>Tính ứng dụng cao:</strong> Bạn có thể dễ dàng sử dụng <strong>Vợt Pickleball 13D4</strong> cho nhiều mục đích khác nhau, từ tập gym, chạy bộ cho đến dạo phố.</li>
            <li><strong>Độ bền bỉ theo thời gian:</strong> Từng chi tiết được gia công một cách tỉ mỉ, chắc chắn, giúp sản phẩm giữ được form dáng nguyên thủy dù trải qua thời gian dài sử dụng.</li>
        </ul>

        <h4>2. Hướng dẫn sử dụng và bảo quản đúng cách</h4>
        <ul>
            <li>Làm sạch sản phẩm theo đúng hướng dẫn của nhà sản xuất đính kèm trên nhãn mác.</li>
            <li>Tuyệt đối không sử dụng các loại hóa chất tẩy rửa có nồng độ mạnh.</li>
            <li>Nên phơi hoặc bảo quản ở những nơi thoáng mát, tránh để ánh nắng trực tiếp gay gắt chiếu vào trong thời gian dài.</li>
        </ul>
        <h3>Tại sao nên chọn mua tại Axeron Sport?</h3>
        <p>Với phương châm mang đến những sản phẩm thể thao chất lượng cao và dẫn đầu xu hướng, Axeron Sport cam kết 100% sản phẩm <strong>Vợt Pickleball 13D4</strong> đều được kiểm định chất lượng chặt chẽ trước khi trao đến tay khách hàng. Đội ngũ tư vấn viên nhiệt tình của chúng tôi luôn sẵn sàng hỗ trợ để bạn có thể chọn lựa được sản phẩm ưng ý nhất. Nâng tầm hiệu suất tập luyện ngay hôm nay!</p>
    ",Nike,"Vợt Pickleball"
155,"Bóng Pickleball 21CE","<h3>Tổng quan chi tiết về <strong>Bóng Pickleball 21CE</strong></h3>
<p>Đây là sản phẩm Bóng Pickleball chính hãng, độ bền cao, hỗ trợ tốt nhất cho bạn.</p>

        <p>Nếu bạn đang tìm kiếm một sản phẩm thể thao kết hợp hoàn hảo giữa phong cách hiện đại, sự bền bỉ và hiệu năng vượt trội, thì <strong>Bóng Pickleball 21CE</strong> chính là sự lựa chọn hàng đầu. Được nghiên cứu và phát triển để đáp ứng những nhu cầu khắt khe nhất của người dùng, sản phẩm này chắc chắn sẽ làm bạn hài lòng trong từng chuyển động.</p>
        
        <h4>1. Thiết kế và Công nghệ nổi bật</h4>
        <ul>
            <li><strong>Chất lượng cao cấp:</strong> Được chế tác từ những vật liệu tuyển chọn, mang lại trải nghiệm sử dụng êm ái và thoải mái.</li>
            <li><strong>Tính ứng dụng cao:</strong> Bạn có thể dễ dàng sử dụng <strong>Bóng Pickleball 21CE</strong> cho nhiều mục đích khác nhau, từ tập gym, chạy bộ cho đến dạo phố.</li>
            <li><strong>Độ bền bỉ theo thời gian:</strong> Từng chi tiết được gia công một cách tỉ mỉ, chắc chắn, giúp sản phẩm giữ được form dáng nguyên thủy dù trải qua thời gian dài sử dụng.</li>
        </ul>

        <h4>2. Hướng dẫn sử dụng và bảo quản đúng cách</h4>
        <ul>
            <li>Làm sạch sản phẩm theo đúng hướng dẫn của nhà sản xuất đính kèm trên nhãn mác.</li>
            <li>Tuyệt đối không sử dụng các loại hóa chất tẩy rửa có nồng độ mạnh.</li>
            <li>Nên phơi hoặc bảo quản ở những nơi thoáng mát, tránh để ánh nắng trực tiếp gay gắt chiếu vào trong thời gian dài.</li>
        </ul>
        <h3>Tại sao nên chọn mua tại Axeron Sport?</h3>
        <p>Với phương châm mang đến những sản phẩm thể thao chất lượng cao và dẫn đầu xu hướng, Axeron Sport cam kết 100% sản phẩm <strong>Bóng Pickleball 21CE</strong> đều được kiểm định chất lượng chặt chẽ trước khi trao đến tay khách hàng. Đội ngũ tư vấn viên nhiệt tình của chúng tôi luôn sẵn sàng hỗ trợ để bạn có thể chọn lựa được sản phẩm ưng ý nhất. Nâng tầm hiệu suất tập luyện ngay hôm nay!</p>
    ",Puma,"Bóng Pickleball"
156,"Bóng Pickleball 3A12","<h3>Tổng quan chi tiết về <strong>Bóng Pickleball 3A12</strong></h3>
<p>Đây là sản phẩm Bóng Pickleball chính hãng, độ bền cao, hỗ trợ tốt nhất cho bạn.</p>

        <p>Nếu bạn đang tìm kiếm một sản phẩm thể thao kết hợp hoàn hảo giữa phong cách hiện đại, sự bền bỉ và hiệu năng vượt trội, thì <strong>Bóng Pickleball 3A12</strong> chính là sự lựa chọn hàng đầu. Được nghiên cứu và phát triển để đáp ứng những nhu cầu khắt khe nhất của người dùng, sản phẩm này chắc chắn sẽ làm bạn hài lòng trong từng chuyển động.</p>
        
        <h4>1. Thiết kế và Công nghệ nổi bật</h4>
        <ul>
            <li><strong>Chất lượng cao cấp:</strong> Được chế tác từ những vật liệu tuyển chọn, mang lại trải nghiệm sử dụng êm ái và thoải mái.</li>
            <li><strong>Tính ứng dụng cao:</strong> Bạn có thể dễ dàng sử dụng <strong>Bóng Pickleball 3A12</strong> cho nhiều mục đích khác nhau, từ tập gym, chạy bộ cho đến dạo phố.</li>
            <li><strong>Độ bền bỉ theo thời gian:</strong> Từng chi tiết được gia công một cách tỉ mỉ, chắc chắn, giúp sản phẩm giữ được form dáng nguyên thủy dù trải qua thời gian dài sử dụng.</li>
        </ul>

        <h4>2. Hướng dẫn sử dụng và bảo quản đúng cách</h4>
        <ul>
            <li>Làm sạch sản phẩm theo đúng hướng dẫn của nhà sản xuất đính kèm trên nhãn mác.</li>
            <li>Tuyệt đối không sử dụng các loại hóa chất tẩy rửa có nồng độ mạnh.</li>
            <li>Nên phơi hoặc bảo quản ở những nơi thoáng mát, tránh để ánh nắng trực tiếp gay gắt chiếu vào trong thời gian dài.</li>
        </ul>
        <h3>Tại sao nên chọn mua tại Axeron Sport?</h3>
        <p>Với phương châm mang đến những sản phẩm thể thao chất lượng cao và dẫn đầu xu hướng, Axeron Sport cam kết 100% sản phẩm <strong>Bóng Pickleball 3A12</strong> đều được kiểm định chất lượng chặt chẽ trước khi trao đến tay khách hàng. Đội ngũ tư vấn viên nhiệt tình của chúng tôi luôn sẵn sàng hỗ trợ để bạn có thể chọn lựa được sản phẩm ưng ý nhất. Nâng tầm hiệu suất tập luyện ngay hôm nay!</p>
    ","Động Lực","Bóng Pickleball"
157,"Bóng Pickleball 11C4","<h3>Tổng quan chi tiết về <strong>Bóng Pickleball 11C4</strong></h3>
<p>Đây là sản phẩm Bóng Pickleball chính hãng, độ bền cao, hỗ trợ tốt nhất cho bạn.</p>

        <p>Nếu bạn đang tìm kiếm một sản phẩm thể thao kết hợp hoàn hảo giữa phong cách hiện đại, sự bền bỉ và hiệu năng vượt trội, thì <strong>Bóng Pickleball 11C4</strong> chính là sự lựa chọn hàng đầu. Được nghiên cứu và phát triển để đáp ứng những nhu cầu khắt khe nhất của người dùng, sản phẩm này chắc chắn sẽ làm bạn hài lòng trong từng chuyển động.</p>
        
        <h4>1. Thiết kế và Công nghệ nổi bật</h4>
        <ul>
            <li><strong>Chất lượng cao cấp:</strong> Được chế tác từ những vật liệu tuyển chọn, mang lại trải nghiệm sử dụng êm ái và thoải mái.</li>
            <li><strong>Tính ứng dụng cao:</strong> Bạn có thể dễ dàng sử dụng <strong>Bóng Pickleball 11C4</strong> cho nhiều mục đích khác nhau, từ tập gym, chạy bộ cho đến dạo phố.</li>
            <li><strong>Độ bền bỉ theo thời gian:</strong> Từng chi tiết được gia công một cách tỉ mỉ, chắc chắn, giúp sản phẩm giữ được form dáng nguyên thủy dù trải qua thời gian dài sử dụng.</li>
        </ul>

        <h4>2. Hướng dẫn sử dụng và bảo quản đúng cách</h4>
        <ul>
            <li>Làm sạch sản phẩm theo đúng hướng dẫn của nhà sản xuất đính kèm trên nhãn mác.</li>
            <li>Tuyệt đối không sử dụng các loại hóa chất tẩy rửa có nồng độ mạnh.</li>
            <li>Nên phơi hoặc bảo quản ở những nơi thoáng mát, tránh để ánh nắng trực tiếp gay gắt chiếu vào trong thời gian dài.</li>
        </ul>
        <h3>Tại sao nên chọn mua tại Axeron Sport?</h3>
        <p>Với phương châm mang đến những sản phẩm thể thao chất lượng cao và dẫn đầu xu hướng, Axeron Sport cam kết 100% sản phẩm <strong>Bóng Pickleball 11C4</strong> đều được kiểm định chất lượng chặt chẽ trước khi trao đến tay khách hàng. Đội ngũ tư vấn viên nhiệt tình của chúng tôi luôn sẵn sàng hỗ trợ để bạn có thể chọn lựa được sản phẩm ưng ý nhất. Nâng tầm hiệu suất tập luyện ngay hôm nay!</p>
    ",Head,"Bóng Pickleball"
158,"Bóng Pickleball BEAE","<h3>Tổng quan chi tiết về <strong>Bóng Pickleball BEAE</strong></h3>
<p>Đây là sản phẩm Bóng Pickleball chính hãng, độ bền cao, hỗ trợ tốt nhất cho bạn.</p>

        <p>Nếu bạn đang tìm kiếm một sản phẩm thể thao kết hợp hoàn hảo giữa phong cách hiện đại, sự bền bỉ và hiệu năng vượt trội, thì <strong>Bóng Pickleball BEAE</strong> chính là sự lựa chọn hàng đầu. Được nghiên cứu và phát triển để đáp ứng những nhu cầu khắt khe nhất của người dùng, sản phẩm này chắc chắn sẽ làm bạn hài lòng trong từng chuyển động.</p>
        
        <h4>1. Thiết kế và Công nghệ nổi bật</h4>
        <ul>
            <li><strong>Chất lượng cao cấp:</strong> Được chế tác từ những vật liệu tuyển chọn, mang lại trải nghiệm sử dụng êm ái và thoải mái.</li>
            <li><strong>Tính ứng dụng cao:</strong> Bạn có thể dễ dàng sử dụng <strong>Bóng Pickleball BEAE</strong> cho nhiều mục đích khác nhau, từ tập gym, chạy bộ cho đến dạo phố.</li>
            <li><strong>Độ bền bỉ theo thời gian:</strong> Từng chi tiết được gia công một cách tỉ mỉ, chắc chắn, giúp sản phẩm giữ được form dáng nguyên thủy dù trải qua thời gian dài sử dụng.</li>
        </ul>

        <h4>2. Hướng dẫn sử dụng và bảo quản đúng cách</h4>
        <ul>
            <li>Làm sạch sản phẩm theo đúng hướng dẫn của nhà sản xuất đính kèm trên nhãn mác.</li>
            <li>Tuyệt đối không sử dụng các loại hóa chất tẩy rửa có nồng độ mạnh.</li>
            <li>Nên phơi hoặc bảo quản ở những nơi thoáng mát, tránh để ánh nắng trực tiếp gay gắt chiếu vào trong thời gian dài.</li>
        </ul>
        <h3>Tại sao nên chọn mua tại Axeron Sport?</h3>
        <p>Với phương châm mang đến những sản phẩm thể thao chất lượng cao và dẫn đầu xu hướng, Axeron Sport cam kết 100% sản phẩm <strong>Bóng Pickleball BEAE</strong> đều được kiểm định chất lượng chặt chẽ trước khi trao đến tay khách hàng. Đội ngũ tư vấn viên nhiệt tình của chúng tôi luôn sẵn sàng hỗ trợ để bạn có thể chọn lựa được sản phẩm ưng ý nhất. Nâng tầm hiệu suất tập luyện ngay hôm nay!</p>
    ",Puma,"Bóng Pickleball"
159,"Máy Chạy Bộ 1719","<h3>Tổng quan chi tiết về <strong>Máy Chạy Bộ 1719</strong></h3>
<p>Đây là sản phẩm Máy Chạy Bộ chính hãng, độ bền cao, hỗ trợ tốt nhất cho bạn.</p>

        <p>Nếu bạn đang tìm kiếm một sản phẩm thể thao kết hợp hoàn hảo giữa phong cách hiện đại, sự bền bỉ và hiệu năng vượt trội, thì <strong>Máy Chạy Bộ 1719</strong> chính là sự lựa chọn hàng đầu. Được nghiên cứu và phát triển để đáp ứng những nhu cầu khắt khe nhất của người dùng, sản phẩm này chắc chắn sẽ làm bạn hài lòng trong từng chuyển động.</p>
        
        <h4>1. Thiết kế và Công nghệ nổi bật</h4>
        <ul>
            <li><strong>Chất lượng cao cấp:</strong> Được chế tác từ những vật liệu tuyển chọn, mang lại trải nghiệm sử dụng êm ái và thoải mái.</li>
            <li><strong>Tính ứng dụng cao:</strong> Bạn có thể dễ dàng sử dụng <strong>Máy Chạy Bộ 1719</strong> cho nhiều mục đích khác nhau, từ tập gym, chạy bộ cho đến dạo phố.</li>
            <li><strong>Độ bền bỉ theo thời gian:</strong> Từng chi tiết được gia công một cách tỉ mỉ, chắc chắn, giúp sản phẩm giữ được form dáng nguyên thủy dù trải qua thời gian dài sử dụng.</li>
        </ul>

        <h4>2. Hướng dẫn sử dụng và bảo quản đúng cách</h4>
        <ul>
            <li>Làm sạch sản phẩm theo đúng hướng dẫn của nhà sản xuất đính kèm trên nhãn mác.</li>
            <li>Tuyệt đối không sử dụng các loại hóa chất tẩy rửa có nồng độ mạnh.</li>
            <li>Nên phơi hoặc bảo quản ở những nơi thoáng mát, tránh để ánh nắng trực tiếp gay gắt chiếu vào trong thời gian dài.</li>
        </ul>
        <h3>Tại sao nên chọn mua tại Axeron Sport?</h3>
        <p>Với phương châm mang đến những sản phẩm thể thao chất lượng cao và dẫn đầu xu hướng, Axeron Sport cam kết 100% sản phẩm <strong>Máy Chạy Bộ 1719</strong> đều được kiểm định chất lượng chặt chẽ trước khi trao đến tay khách hàng. Đội ngũ tư vấn viên nhiệt tình của chúng tôi luôn sẵn sàng hỗ trợ để bạn có thể chọn lựa được sản phẩm ưng ý nhất. Nâng tầm hiệu suất tập luyện ngay hôm nay!</p>
    ",Puma,"Máy Chạy Bộ"
160,"Máy Chạy Bộ D499","<h3>Tổng quan chi tiết về <strong>Máy Chạy Bộ D499</strong></h3>
<p>Đây là sản phẩm Máy Chạy Bộ chính hãng, độ bền cao, hỗ trợ tốt nhất cho bạn.</p>

        <p>Nếu bạn đang tìm kiếm một sản phẩm thể thao kết hợp hoàn hảo giữa phong cách hiện đại, sự bền bỉ và hiệu năng vượt trội, thì <strong>Máy Chạy Bộ D499</strong> chính là sự lựa chọn hàng đầu. Được nghiên cứu và phát triển để đáp ứng những nhu cầu khắt khe nhất của người dùng, sản phẩm này chắc chắn sẽ làm bạn hài lòng trong từng chuyển động.</p>
        
        <h4>1. Thiết kế và Công nghệ nổi bật</h4>
        <ul>
            <li><strong>Chất lượng cao cấp:</strong> Được chế tác từ những vật liệu tuyển chọn, mang lại trải nghiệm sử dụng êm ái và thoải mái.</li>
            <li><strong>Tính ứng dụng cao:</strong> Bạn có thể dễ dàng sử dụng <strong>Máy Chạy Bộ D499</strong> cho nhiều mục đích khác nhau, từ tập gym, chạy bộ cho đến dạo phố.</li>
            <li><strong>Độ bền bỉ theo thời gian:</strong> Từng chi tiết được gia công một cách tỉ mỉ, chắc chắn, giúp sản phẩm giữ được form dáng nguyên thủy dù trải qua thời gian dài sử dụng.</li>
        </ul>

        <h4>2. Hướng dẫn sử dụng và bảo quản đúng cách</h4>
        <ul>
            <li>Làm sạch sản phẩm theo đúng hướng dẫn của nhà sản xuất đính kèm trên nhãn mác.</li>
            <li>Tuyệt đối không sử dụng các loại hóa chất tẩy rửa có nồng độ mạnh.</li>
            <li>Nên phơi hoặc bảo quản ở những nơi thoáng mát, tránh để ánh nắng trực tiếp gay gắt chiếu vào trong thời gian dài.</li>
        </ul>
        <h3>Tại sao nên chọn mua tại Axeron Sport?</h3>
        <p>Với phương châm mang đến những sản phẩm thể thao chất lượng cao và dẫn đầu xu hướng, Axeron Sport cam kết 100% sản phẩm <strong>Máy Chạy Bộ D499</strong> đều được kiểm định chất lượng chặt chẽ trước khi trao đến tay khách hàng. Đội ngũ tư vấn viên nhiệt tình của chúng tôi luôn sẵn sàng hỗ trợ để bạn có thể chọn lựa được sản phẩm ưng ý nhất. Nâng tầm hiệu suất tập luyện ngay hôm nay!</p>
    ",Axeron,"Máy Chạy Bộ"
161,"Máy Chạy Bộ F865","<h3>Tổng quan chi tiết về <strong>Máy Chạy Bộ F865</strong></h3>
<p>Đây là sản phẩm Máy Chạy Bộ chính hãng, độ bền cao, hỗ trợ tốt nhất cho bạn.</p>

        <p>Nếu bạn đang tìm kiếm một sản phẩm thể thao kết hợp hoàn hảo giữa phong cách hiện đại, sự bền bỉ và hiệu năng vượt trội, thì <strong>Máy Chạy Bộ F865</strong> chính là sự lựa chọn hàng đầu. Được nghiên cứu và phát triển để đáp ứng những nhu cầu khắt khe nhất của người dùng, sản phẩm này chắc chắn sẽ làm bạn hài lòng trong từng chuyển động.</p>
        
        <h4>1. Thiết kế và Công nghệ nổi bật</h4>
        <ul>
            <li><strong>Chất lượng cao cấp:</strong> Được chế tác từ những vật liệu tuyển chọn, mang lại trải nghiệm sử dụng êm ái và thoải mái.</li>
            <li><strong>Tính ứng dụng cao:</strong> Bạn có thể dễ dàng sử dụng <strong>Máy Chạy Bộ F865</strong> cho nhiều mục đích khác nhau, từ tập gym, chạy bộ cho đến dạo phố.</li>
            <li><strong>Độ bền bỉ theo thời gian:</strong> Từng chi tiết được gia công một cách tỉ mỉ, chắc chắn, giúp sản phẩm giữ được form dáng nguyên thủy dù trải qua thời gian dài sử dụng.</li>
        </ul>

        <h4>2. Hướng dẫn sử dụng và bảo quản đúng cách</h4>
        <ul>
            <li>Làm sạch sản phẩm theo đúng hướng dẫn của nhà sản xuất đính kèm trên nhãn mác.</li>
            <li>Tuyệt đối không sử dụng các loại hóa chất tẩy rửa có nồng độ mạnh.</li>
            <li>Nên phơi hoặc bảo quản ở những nơi thoáng mát, tránh để ánh nắng trực tiếp gay gắt chiếu vào trong thời gian dài.</li>
        </ul>
        <h3>Tại sao nên chọn mua tại Axeron Sport?</h3>
        <p>Với phương châm mang đến những sản phẩm thể thao chất lượng cao và dẫn đầu xu hướng, Axeron Sport cam kết 100% sản phẩm <strong>Máy Chạy Bộ F865</strong> đều được kiểm định chất lượng chặt chẽ trước khi trao đến tay khách hàng. Đội ngũ tư vấn viên nhiệt tình của chúng tôi luôn sẵn sàng hỗ trợ để bạn có thể chọn lựa được sản phẩm ưng ý nhất. Nâng tầm hiệu suất tập luyện ngay hôm nay!</p>
    ",Puma,"Máy Chạy Bộ"
162,"Máy Chạy Bộ 2C9F","<h3>Tổng quan chi tiết về <strong>Máy Chạy Bộ 2C9F</strong></h3>
<p>Đây là sản phẩm Máy Chạy Bộ chính hãng, độ bền cao, hỗ trợ tốt nhất cho bạn.</p>

        <p>Nếu bạn đang tìm kiếm một sản phẩm thể thao kết hợp hoàn hảo giữa phong cách hiện đại, sự bền bỉ và hiệu năng vượt trội, thì <strong>Máy Chạy Bộ 2C9F</strong> chính là sự lựa chọn hàng đầu. Được nghiên cứu và phát triển để đáp ứng những nhu cầu khắt khe nhất của người dùng, sản phẩm này chắc chắn sẽ làm bạn hài lòng trong từng chuyển động.</p>
        
        <h4>1. Thiết kế và Công nghệ nổi bật</h4>
        <ul>
            <li><strong>Chất lượng cao cấp:</strong> Được chế tác từ những vật liệu tuyển chọn, mang lại trải nghiệm sử dụng êm ái và thoải mái.</li>
            <li><strong>Tính ứng dụng cao:</strong> Bạn có thể dễ dàng sử dụng <strong>Máy Chạy Bộ 2C9F</strong> cho nhiều mục đích khác nhau, từ tập gym, chạy bộ cho đến dạo phố.</li>
            <li><strong>Độ bền bỉ theo thời gian:</strong> Từng chi tiết được gia công một cách tỉ mỉ, chắc chắn, giúp sản phẩm giữ được form dáng nguyên thủy dù trải qua thời gian dài sử dụng.</li>
        </ul>

        <h4>2. Hướng dẫn sử dụng và bảo quản đúng cách</h4>
        <ul>
            <li>Làm sạch sản phẩm theo đúng hướng dẫn của nhà sản xuất đính kèm trên nhãn mác.</li>
            <li>Tuyệt đối không sử dụng các loại hóa chất tẩy rửa có nồng độ mạnh.</li>
            <li>Nên phơi hoặc bảo quản ở những nơi thoáng mát, tránh để ánh nắng trực tiếp gay gắt chiếu vào trong thời gian dài.</li>
        </ul>
        <h3>Tại sao nên chọn mua tại Axeron Sport?</h3>
        <p>Với phương châm mang đến những sản phẩm thể thao chất lượng cao và dẫn đầu xu hướng, Axeron Sport cam kết 100% sản phẩm <strong>Máy Chạy Bộ 2C9F</strong> đều được kiểm định chất lượng chặt chẽ trước khi trao đến tay khách hàng. Đội ngũ tư vấn viên nhiệt tình của chúng tôi luôn sẵn sàng hỗ trợ để bạn có thể chọn lựa được sản phẩm ưng ý nhất. Nâng tầm hiệu suất tập luyện ngay hôm nay!</p>
    ",Head,"Máy Chạy Bộ"
163,"Máy Chạy Bộ 74F4","<h3>Tổng quan chi tiết về <strong>Máy Chạy Bộ 74F4</strong></h3>
<p>Đây là sản phẩm Máy Chạy Bộ chính hãng, độ bền cao, hỗ trợ tốt nhất cho bạn.</p>

        <p>Nếu bạn đang tìm kiếm một sản phẩm thể thao kết hợp hoàn hảo giữa phong cách hiện đại, sự bền bỉ và hiệu năng vượt trội, thì <strong>Máy Chạy Bộ 74F4</strong> chính là sự lựa chọn hàng đầu. Được nghiên cứu và phát triển để đáp ứng những nhu cầu khắt khe nhất của người dùng, sản phẩm này chắc chắn sẽ làm bạn hài lòng trong từng chuyển động.</p>
        
        <h4>1. Thiết kế và Công nghệ nổi bật</h4>
        <ul>
            <li><strong>Chất lượng cao cấp:</strong> Được chế tác từ những vật liệu tuyển chọn, mang lại trải nghiệm sử dụng êm ái và thoải mái.</li>
            <li><strong>Tính ứng dụng cao:</strong> Bạn có thể dễ dàng sử dụng <strong>Máy Chạy Bộ 74F4</strong> cho nhiều mục đích khác nhau, từ tập gym, chạy bộ cho đến dạo phố.</li>
            <li><strong>Độ bền bỉ theo thời gian:</strong> Từng chi tiết được gia công một cách tỉ mỉ, chắc chắn, giúp sản phẩm giữ được form dáng nguyên thủy dù trải qua thời gian dài sử dụng.</li>
        </ul>

        <h4>2. Hướng dẫn sử dụng và bảo quản đúng cách</h4>
        <ul>
            <li>Làm sạch sản phẩm theo đúng hướng dẫn của nhà sản xuất đính kèm trên nhãn mác.</li>
            <li>Tuyệt đối không sử dụng các loại hóa chất tẩy rửa có nồng độ mạnh.</li>
            <li>Nên phơi hoặc bảo quản ở những nơi thoáng mát, tránh để ánh nắng trực tiếp gay gắt chiếu vào trong thời gian dài.</li>
        </ul>
        <h3>Tại sao nên chọn mua tại Axeron Sport?</h3>
        <p>Với phương châm mang đến những sản phẩm thể thao chất lượng cao và dẫn đầu xu hướng, Axeron Sport cam kết 100% sản phẩm <strong>Máy Chạy Bộ 74F4</strong> đều được kiểm định chất lượng chặt chẽ trước khi trao đến tay khách hàng. Đội ngũ tư vấn viên nhiệt tình của chúng tôi luôn sẵn sàng hỗ trợ để bạn có thể chọn lựa được sản phẩm ưng ý nhất. Nâng tầm hiệu suất tập luyện ngay hôm nay!</p>
    ",Adidas,"Máy Chạy Bộ"
164,"Giàn Tập 6E3A","<h3>Tổng quan chi tiết về <strong>Giàn Tập 6E3A</strong></h3>
<p>Đây là sản phẩm Giàn Tập chính hãng, độ bền cao, hỗ trợ tốt nhất cho bạn.</p>

        <p>Nếu bạn đang tìm kiếm một sản phẩm thể thao kết hợp hoàn hảo giữa phong cách hiện đại, sự bền bỉ và hiệu năng vượt trội, thì <strong>Giàn Tập 6E3A</strong> chính là sự lựa chọn hàng đầu. Được nghiên cứu và phát triển để đáp ứng những nhu cầu khắt khe nhất của người dùng, sản phẩm này chắc chắn sẽ làm bạn hài lòng trong từng chuyển động.</p>
        
        <h4>1. Thiết kế và Công nghệ nổi bật</h4>
        <ul>
            <li><strong>Chất lượng cao cấp:</strong> Được chế tác từ những vật liệu tuyển chọn, mang lại trải nghiệm sử dụng êm ái và thoải mái.</li>
            <li><strong>Tính ứng dụng cao:</strong> Bạn có thể dễ dàng sử dụng <strong>Giàn Tập 6E3A</strong> cho nhiều mục đích khác nhau, từ tập gym, chạy bộ cho đến dạo phố.</li>
            <li><strong>Độ bền bỉ theo thời gian:</strong> Từng chi tiết được gia công một cách tỉ mỉ, chắc chắn, giúp sản phẩm giữ được form dáng nguyên thủy dù trải qua thời gian dài sử dụng.</li>
        </ul>

        <h4>2. Hướng dẫn sử dụng và bảo quản đúng cách</h4>
        <ul>
            <li>Làm sạch sản phẩm theo đúng hướng dẫn của nhà sản xuất đính kèm trên nhãn mác.</li>
            <li>Tuyệt đối không sử dụng các loại hóa chất tẩy rửa có nồng độ mạnh.</li>
            <li>Nên phơi hoặc bảo quản ở những nơi thoáng mát, tránh để ánh nắng trực tiếp gay gắt chiếu vào trong thời gian dài.</li>
        </ul>
        <h3>Tại sao nên chọn mua tại Axeron Sport?</h3>
        <p>Với phương châm mang đến những sản phẩm thể thao chất lượng cao và dẫn đầu xu hướng, Axeron Sport cam kết 100% sản phẩm <strong>Giàn Tập 6E3A</strong> đều được kiểm định chất lượng chặt chẽ trước khi trao đến tay khách hàng. Đội ngũ tư vấn viên nhiệt tình của chúng tôi luôn sẵn sàng hỗ trợ để bạn có thể chọn lựa được sản phẩm ưng ý nhất. Nâng tầm hiệu suất tập luyện ngay hôm nay!</p>
    ",Puma,"Giàn Tập"
165,"Giàn Tập AF69","<h3>Tổng quan chi tiết về <strong>Giàn Tập AF69</strong></h3>
<p>Đây là sản phẩm Giàn Tập chính hãng, độ bền cao, hỗ trợ tốt nhất cho bạn.</p>

        <p>Nếu bạn đang tìm kiếm một sản phẩm thể thao kết hợp hoàn hảo giữa phong cách hiện đại, sự bền bỉ và hiệu năng vượt trội, thì <strong>Giàn Tập AF69</strong> chính là sự lựa chọn hàng đầu. Được nghiên cứu và phát triển để đáp ứng những nhu cầu khắt khe nhất của người dùng, sản phẩm này chắc chắn sẽ làm bạn hài lòng trong từng chuyển động.</p>
        
        <h4>1. Thiết kế và Công nghệ nổi bật</h4>
        <ul>
            <li><strong>Chất lượng cao cấp:</strong> Được chế tác từ những vật liệu tuyển chọn, mang lại trải nghiệm sử dụng êm ái và thoải mái.</li>
            <li><strong>Tính ứng dụng cao:</strong> Bạn có thể dễ dàng sử dụng <strong>Giàn Tập AF69</strong> cho nhiều mục đích khác nhau, từ tập gym, chạy bộ cho đến dạo phố.</li>
            <li><strong>Độ bền bỉ theo thời gian:</strong> Từng chi tiết được gia công một cách tỉ mỉ, chắc chắn, giúp sản phẩm giữ được form dáng nguyên thủy dù trải qua thời gian dài sử dụng.</li>
        </ul>

        <h4>2. Hướng dẫn sử dụng và bảo quản đúng cách</h4>
        <ul>
            <li>Làm sạch sản phẩm theo đúng hướng dẫn của nhà sản xuất đính kèm trên nhãn mác.</li>
            <li>Tuyệt đối không sử dụng các loại hóa chất tẩy rửa có nồng độ mạnh.</li>
            <li>Nên phơi hoặc bảo quản ở những nơi thoáng mát, tránh để ánh nắng trực tiếp gay gắt chiếu vào trong thời gian dài.</li>
        </ul>
        <h3>Tại sao nên chọn mua tại Axeron Sport?</h3>
        <p>Với phương châm mang đến những sản phẩm thể thao chất lượng cao và dẫn đầu xu hướng, Axeron Sport cam kết 100% sản phẩm <strong>Giàn Tập AF69</strong> đều được kiểm định chất lượng chặt chẽ trước khi trao đến tay khách hàng. Đội ngũ tư vấn viên nhiệt tình của chúng tôi luôn sẵn sàng hỗ trợ để bạn có thể chọn lựa được sản phẩm ưng ý nhất. Nâng tầm hiệu suất tập luyện ngay hôm nay!</p>
    ",Head,"Giàn Tập"
166,"Giàn Tập 2798","<h3>Tổng quan chi tiết về <strong>Giàn Tập 2798</strong></h3>
<p>Đây là sản phẩm Giàn Tập chính hãng, độ bền cao, hỗ trợ tốt nhất cho bạn.</p>

        <p>Nếu bạn đang tìm kiếm một sản phẩm thể thao kết hợp hoàn hảo giữa phong cách hiện đại, sự bền bỉ và hiệu năng vượt trội, thì <strong>Giàn Tập 2798</strong> chính là sự lựa chọn hàng đầu. Được nghiên cứu và phát triển để đáp ứng những nhu cầu khắt khe nhất của người dùng, sản phẩm này chắc chắn sẽ làm bạn hài lòng trong từng chuyển động.</p>
        
        <h4>1. Thiết kế và Công nghệ nổi bật</h4>
        <ul>
            <li><strong>Chất lượng cao cấp:</strong> Được chế tác từ những vật liệu tuyển chọn, mang lại trải nghiệm sử dụng êm ái và thoải mái.</li>
            <li><strong>Tính ứng dụng cao:</strong> Bạn có thể dễ dàng sử dụng <strong>Giàn Tập 2798</strong> cho nhiều mục đích khác nhau, từ tập gym, chạy bộ cho đến dạo phố.</li>
            <li><strong>Độ bền bỉ theo thời gian:</strong> Từng chi tiết được gia công một cách tỉ mỉ, chắc chắn, giúp sản phẩm giữ được form dáng nguyên thủy dù trải qua thời gian dài sử dụng.</li>
        </ul>

        <h4>2. Hướng dẫn sử dụng và bảo quản đúng cách</h4>
        <ul>
            <li>Làm sạch sản phẩm theo đúng hướng dẫn của nhà sản xuất đính kèm trên nhãn mác.</li>
            <li>Tuyệt đối không sử dụng các loại hóa chất tẩy rửa có nồng độ mạnh.</li>
            <li>Nên phơi hoặc bảo quản ở những nơi thoáng mát, tránh để ánh nắng trực tiếp gay gắt chiếu vào trong thời gian dài.</li>
        </ul>
        <h3>Tại sao nên chọn mua tại Axeron Sport?</h3>
        <p>Với phương châm mang đến những sản phẩm thể thao chất lượng cao và dẫn đầu xu hướng, Axeron Sport cam kết 100% sản phẩm <strong>Giàn Tập 2798</strong> đều được kiểm định chất lượng chặt chẽ trước khi trao đến tay khách hàng. Đội ngũ tư vấn viên nhiệt tình của chúng tôi luôn sẵn sàng hỗ trợ để bạn có thể chọn lựa được sản phẩm ưng ý nhất. Nâng tầm hiệu suất tập luyện ngay hôm nay!</p>
    ",Asics,"Giàn Tập"
167,"Giàn Tập BBDF","<h3>Tổng quan chi tiết về <strong>Giàn Tập BBDF</strong></h3>
<p>Đây là sản phẩm Giàn Tập chính hãng, độ bền cao, hỗ trợ tốt nhất cho bạn.</p>

        <p>Nếu bạn đang tìm kiếm một sản phẩm thể thao kết hợp hoàn hảo giữa phong cách hiện đại, sự bền bỉ và hiệu năng vượt trội, thì <strong>Giàn Tập BBDF</strong> chính là sự lựa chọn hàng đầu. Được nghiên cứu và phát triển để đáp ứng những nhu cầu khắt khe nhất của người dùng, sản phẩm này chắc chắn sẽ làm bạn hài lòng trong từng chuyển động.</p>
        
        <h4>1. Thiết kế và Công nghệ nổi bật</h4>
        <ul>
            <li><strong>Chất lượng cao cấp:</strong> Được chế tác từ những vật liệu tuyển chọn, mang lại trải nghiệm sử dụng êm ái và thoải mái.</li>
            <li><strong>Tính ứng dụng cao:</strong> Bạn có thể dễ dàng sử dụng <strong>Giàn Tập BBDF</strong> cho nhiều mục đích khác nhau, từ tập gym, chạy bộ cho đến dạo phố.</li>
            <li><strong>Độ bền bỉ theo thời gian:</strong> Từng chi tiết được gia công một cách tỉ mỉ, chắc chắn, giúp sản phẩm giữ được form dáng nguyên thủy dù trải qua thời gian dài sử dụng.</li>
        </ul>

        <h4>2. Hướng dẫn sử dụng và bảo quản đúng cách</h4>
        <ul>
            <li>Làm sạch sản phẩm theo đúng hướng dẫn của nhà sản xuất đính kèm trên nhãn mác.</li>
            <li>Tuyệt đối không sử dụng các loại hóa chất tẩy rửa có nồng độ mạnh.</li>
            <li>Nên phơi hoặc bảo quản ở những nơi thoáng mát, tránh để ánh nắng trực tiếp gay gắt chiếu vào trong thời gian dài.</li>
        </ul>
        <h3>Tại sao nên chọn mua tại Axeron Sport?</h3>
        <p>Với phương châm mang đến những sản phẩm thể thao chất lượng cao và dẫn đầu xu hướng, Axeron Sport cam kết 100% sản phẩm <strong>Giàn Tập BBDF</strong> đều được kiểm định chất lượng chặt chẽ trước khi trao đến tay khách hàng. Đội ngũ tư vấn viên nhiệt tình của chúng tôi luôn sẵn sàng hỗ trợ để bạn có thể chọn lựa được sản phẩm ưng ý nhất. Nâng tầm hiệu suất tập luyện ngay hôm nay!</p>
    ",Asics,"Giàn Tập"
168,"Giàn Tập 2AD4","<h3>Tổng quan chi tiết về <strong>Giàn Tập 2AD4</strong></h3>
<p>Đây là sản phẩm Giàn Tập chính hãng, độ bền cao, hỗ trợ tốt nhất cho bạn.</p>

        <p>Nếu bạn đang tìm kiếm một sản phẩm thể thao kết hợp hoàn hảo giữa phong cách hiện đại, sự bền bỉ và hiệu năng vượt trội, thì <strong>Giàn Tập 2AD4</strong> chính là sự lựa chọn hàng đầu. Được nghiên cứu và phát triển để đáp ứng những nhu cầu khắt khe nhất của người dùng, sản phẩm này chắc chắn sẽ làm bạn hài lòng trong từng chuyển động.</p>
        
        <h4>1. Thiết kế và Công nghệ nổi bật</h4>
        <ul>
            <li><strong>Chất lượng cao cấp:</strong> Được chế tác từ những vật liệu tuyển chọn, mang lại trải nghiệm sử dụng êm ái và thoải mái.</li>
            <li><strong>Tính ứng dụng cao:</strong> Bạn có thể dễ dàng sử dụng <strong>Giàn Tập 2AD4</strong> cho nhiều mục đích khác nhau, từ tập gym, chạy bộ cho đến dạo phố.</li>
            <li><strong>Độ bền bỉ theo thời gian:</strong> Từng chi tiết được gia công một cách tỉ mỉ, chắc chắn, giúp sản phẩm giữ được form dáng nguyên thủy dù trải qua thời gian dài sử dụng.</li>
        </ul>

        <h4>2. Hướng dẫn sử dụng và bảo quản đúng cách</h4>
        <ul>
            <li>Làm sạch sản phẩm theo đúng hướng dẫn của nhà sản xuất đính kèm trên nhãn mác.</li>
            <li>Tuyệt đối không sử dụng các loại hóa chất tẩy rửa có nồng độ mạnh.</li>
            <li>Nên phơi hoặc bảo quản ở những nơi thoáng mát, tránh để ánh nắng trực tiếp gay gắt chiếu vào trong thời gian dài.</li>
        </ul>
        <h3>Tại sao nên chọn mua tại Axeron Sport?</h3>
        <p>Với phương châm mang đến những sản phẩm thể thao chất lượng cao và dẫn đầu xu hướng, Axeron Sport cam kết 100% sản phẩm <strong>Giàn Tập 2AD4</strong> đều được kiểm định chất lượng chặt chẽ trước khi trao đến tay khách hàng. Đội ngũ tư vấn viên nhiệt tình của chúng tôi luôn sẵn sàng hỗ trợ để bạn có thể chọn lựa được sản phẩm ưng ý nhất. Nâng tầm hiệu suất tập luyện ngay hôm nay!</p>
    ","Động Lực","Giàn Tập"
169,"San pham test QA live","<h3>Tổng quan chi tiết về <strong>San pham test QA live</strong></h3>
<p>Sản phẩm San pham test QA live mang đến trải nghiệm tuyệt vời và hỗ trợ tối đa dành cho người yêu thể thao.</p>

        <p>Nếu bạn đang tìm kiếm một sản phẩm kết hợp hoàn hảo giữa phong cách năng động và hiệu năng thể thao vượt trội, thì <strong>San pham test QA live</strong> chính là lựa chọn hàng đầu. Chiếc áo này được tinh chỉnh để đáp ứng mọi nhu cầu khắt khe nhất của quá trình tập luyện.</p>
        
        <h4>1. Thiết kế và Chất liệu</h4>
        <ul>
            <li><strong>Công nghệ vải thoáng khí:</strong> Giúp luồng không khí lưu thông tối đa, kiểm soát mồ hôi hiệu quả, giữ cơ thể luôn mát mẻ.</li>
            <li><strong>Co giãn 4 chiều linh hoạt:</strong> Đảm bảo sự đàn hồi tuyệt đối, không gây gò bó, cho phép bạn tự do thực hiện các động tác vươn người, chạy nhảy.</li>
            <li><strong>Đường may tỉ mỉ:</strong> Từng chi tiết được gia công chắc chắn, không gây cọ xát hay kích ứng da trong quá trình vận động mạnh.</li>
        </ul>

        <h4>2. Hướng dẫn sử dụng và bảo quản đúng cách</h4>
        <ul>
            <li>Giặt máy ở nhiệt độ thường (hoặc nước lạnh), lộn trái trang phục trước khi giặt để bảo vệ bề mặt vải và logo.</li>
            <li>Tuyệt đối không dùng chất tẩy rửa mạnh để tránh làm phai màu và phá vỡ cấu trúc sợi vải.</li>
            <li>Phơi ở nơi thoáng mát, có gió tự nhiên. Tránh ánh nắng gắt chiếu trực tiếp.</li>
            <li>Không nên ủi ở nhiệt độ cao vì chất liệu thun thể thao rất nhạy cảm với nhiệt độ lớn.</li>
        </ul>
        <h3>Tại sao nên chọn mua tại Axeron Sport?</h3>
        <p>Với phương châm mang đến những sản phẩm thể thao chất lượng cao và dẫn đầu xu hướng, Axeron Sport cam kết 100% sản phẩm <strong>San pham test QA live</strong> đều được kiểm định chất lượng chặt chẽ trước khi trao đến tay khách hàng. Đội ngũ tư vấn viên nhiệt tình của chúng tôi luôn sẵn sàng hỗ trợ để bạn có thể chọn lựa được sản phẩm ưng ý nhất. Nâng tầm hiệu suất tập luyện ngay hôm nay!</p>
    ",Axeron,"Áo Khoác Nam"
174,"BANKING 3K","<h3>Tổng quan chi tiết về <strong>BANKING 3K</strong></h3>
<p>Đây là sản phẩm giả lập dùng để thử hệ thống thanh toán qua cổng PayOS.</p>

        <p>Nếu bạn đang tìm kiếm một sản phẩm thể thao kết hợp hoàn hảo giữa phong cách hiện đại, sự bền bỉ và hiệu năng vượt trội, thì <strong>BANKING 3K</strong> chính là sự lựa chọn hàng đầu. Được nghiên cứu và phát triển để đáp ứng những nhu cầu khắt khe nhất của người dùng, sản phẩm này chắc chắn sẽ làm bạn hài lòng trong từng chuyển động.</p>
        
        <h4>1. Thiết kế và Công nghệ nổi bật</h4>
        <ul>
            <li><strong>Chất lượng cao cấp:</strong> Được chế tác từ những vật liệu tuyển chọn, mang lại trải nghiệm sử dụng êm ái và thoải mái.</li>
            <li><strong>Tính ứng dụng cao:</strong> Bạn có thể dễ dàng sử dụng <strong>BANKING 3K</strong> cho nhiều mục đích khác nhau, từ tập gym, chạy bộ cho đến dạo phố.</li>
            <li><strong>Độ bền bỉ theo thời gian:</strong> Từng chi tiết được gia công một cách tỉ mỉ, chắc chắn, giúp sản phẩm giữ được form dáng nguyên thủy dù trải qua thời gian dài sử dụng.</li>
        </ul>

        <h4>2. Hướng dẫn sử dụng và bảo quản đúng cách</h4>
        <ul>
            <li>Làm sạch sản phẩm theo đúng hướng dẫn của nhà sản xuất đính kèm trên nhãn mác.</li>
            <li>Tuyệt đối không sử dụng các loại hóa chất tẩy rửa có nồng độ mạnh.</li>
            <li>Nên phơi hoặc bảo quản ở những nơi thoáng mát, tránh để ánh nắng trực tiếp gay gắt chiếu vào trong thời gian dài.</li>
        </ul>
        <h3>Tại sao nên chọn mua tại Axeron Sport?</h3>
        <p>Với phương châm mang đến những sản phẩm thể thao chất lượng cao và dẫn đầu xu hướng, Axeron Sport cam kết 100% sản phẩm <strong>BANKING 3K</strong> đều được kiểm định chất lượng chặt chẽ trước khi trao đến tay khách hàng. Đội ngũ tư vấn viên nhiệt tình của chúng tôi luôn sẵn sàng hỗ trợ để bạn có thể chọn lựa được sản phẩm ưng ý nhất. Nâng tầm hiệu suất tập luyện ngay hôm nay!</p>
    ",Adidas,Nam
175,"BANKING 5K","<h3>Tổng quan chi tiết về <strong>BANKING 5K</strong></h3>
<p>Đây là sản phẩm giả lập dùng để thử hệ thống thanh toán qua cổng PayOS.</p>

        <p>Nếu bạn đang tìm kiếm một sản phẩm thể thao kết hợp hoàn hảo giữa phong cách hiện đại, sự bền bỉ và hiệu năng vượt trội, thì <strong>BANKING 5K</strong> chính là sự lựa chọn hàng đầu. Được nghiên cứu và phát triển để đáp ứng những nhu cầu khắt khe nhất của người dùng, sản phẩm này chắc chắn sẽ làm bạn hài lòng trong từng chuyển động.</p>
        
        <h4>1. Thiết kế và Công nghệ nổi bật</h4>
        <ul>
            <li><strong>Chất lượng cao cấp:</strong> Được chế tác từ những vật liệu tuyển chọn, mang lại trải nghiệm sử dụng êm ái và thoải mái.</li>
            <li><strong>Tính ứng dụng cao:</strong> Bạn có thể dễ dàng sử dụng <strong>BANKING 5K</strong> cho nhiều mục đích khác nhau, từ tập gym, chạy bộ cho đến dạo phố.</li>
            <li><strong>Độ bền bỉ theo thời gian:</strong> Từng chi tiết được gia công một cách tỉ mỉ, chắc chắn, giúp sản phẩm giữ được form dáng nguyên thủy dù trải qua thời gian dài sử dụng.</li>
        </ul>

        <h4>2. Hướng dẫn sử dụng và bảo quản đúng cách</h4>
        <ul>
            <li>Làm sạch sản phẩm theo đúng hướng dẫn của nhà sản xuất đính kèm trên nhãn mác.</li>
            <li>Tuyệt đối không sử dụng các loại hóa chất tẩy rửa có nồng độ mạnh.</li>
            <li>Nên phơi hoặc bảo quản ở những nơi thoáng mát, tránh để ánh nắng trực tiếp gay gắt chiếu vào trong thời gian dài.</li>
        </ul>
        <h3>Tại sao nên chọn mua tại Axeron Sport?</h3>
        <p>Với phương châm mang đến những sản phẩm thể thao chất lượng cao và dẫn đầu xu hướng, Axeron Sport cam kết 100% sản phẩm <strong>BANKING 5K</strong> đều được kiểm định chất lượng chặt chẽ trước khi trao đến tay khách hàng. Đội ngũ tư vấn viên nhiệt tình của chúng tôi luôn sẵn sàng hỗ trợ để bạn có thể chọn lựa được sản phẩm ưng ý nhất. Nâng tầm hiệu suất tập luyện ngay hôm nay!</p>
    ",Adidas,Nam
176,"BANKING 10K","<h3>Tổng quan chi tiết về <strong>BANKING 10K</strong></h3>
<p>Đây là sản phẩm giả lập dùng để thử hệ thống thanh toán qua cổng PayOS.</p>

        <p>Nếu bạn đang tìm kiếm một sản phẩm thể thao kết hợp hoàn hảo giữa phong cách hiện đại, sự bền bỉ và hiệu năng vượt trội, thì <strong>BANKING 10K</strong> chính là sự lựa chọn hàng đầu. Được nghiên cứu và phát triển để đáp ứng những nhu cầu khắt khe nhất của người dùng, sản phẩm này chắc chắn sẽ làm bạn hài lòng trong từng chuyển động.</p>
        
        <h4>1. Thiết kế và Công nghệ nổi bật</h4>
        <ul>
            <li><strong>Chất lượng cao cấp:</strong> Được chế tác từ những vật liệu tuyển chọn, mang lại trải nghiệm sử dụng êm ái và thoải mái.</li>
            <li><strong>Tính ứng dụng cao:</strong> Bạn có thể dễ dàng sử dụng <strong>BANKING 10K</strong> cho nhiều mục đích khác nhau, từ tập gym, chạy bộ cho đến dạo phố.</li>
            <li><strong>Độ bền bỉ theo thời gian:</strong> Từng chi tiết được gia công một cách tỉ mỉ, chắc chắn, giúp sản phẩm giữ được form dáng nguyên thủy dù trải qua thời gian dài sử dụng.</li>
        </ul>

        <h4>2. Hướng dẫn sử dụng và bảo quản đúng cách</h4>
        <ul>
            <li>Làm sạch sản phẩm theo đúng hướng dẫn của nhà sản xuất đính kèm trên nhãn mác.</li>
            <li>Tuyệt đối không sử dụng các loại hóa chất tẩy rửa có nồng độ mạnh.</li>
            <li>Nên phơi hoặc bảo quản ở những nơi thoáng mát, tránh để ánh nắng trực tiếp gay gắt chiếu vào trong thời gian dài.</li>
        </ul>
        <h3>Tại sao nên chọn mua tại Axeron Sport?</h3>
        <p>Với phương châm mang đến những sản phẩm thể thao chất lượng cao và dẫn đầu xu hướng, Axeron Sport cam kết 100% sản phẩm <strong>BANKING 10K</strong> đều được kiểm định chất lượng chặt chẽ trước khi trao đến tay khách hàng. Đội ngũ tư vấn viên nhiệt tình của chúng tôi luôn sẵn sàng hỗ trợ để bạn có thể chọn lựa được sản phẩm ưng ý nhất. Nâng tầm hiệu suất tập luyện ngay hôm nay!</p>
    ",Adidas,Nam
177,"test san pham","<h3>Tổng quan chi tiết về <strong>test san pham</strong></h3>
<p>test mo tatest mo tatest mo tatest mo ta</p>

        <p>Nếu bạn đang tìm kiếm một sản phẩm kết hợp hoàn hảo giữa phong cách năng động và hiệu năng thể thao vượt trội, thì <strong>test san pham</strong> chính là lựa chọn hàng đầu. Chiếc áo này được tinh chỉnh để đáp ứng mọi nhu cầu khắt khe nhất của quá trình tập luyện.</p>
        
        <h4>1. Thiết kế và Chất liệu</h4>
        <ul>
            <li><strong>Công nghệ vải thoáng khí:</strong> Giúp luồng không khí lưu thông tối đa, kiểm soát mồ hôi hiệu quả, giữ cơ thể luôn mát mẻ.</li>
            <li><strong>Co giãn 4 chiều linh hoạt:</strong> Đảm bảo sự đàn hồi tuyệt đối, không gây gò bó, cho phép bạn tự do thực hiện các động tác vươn người, chạy nhảy.</li>
            <li><strong>Đường may tỉ mỉ:</strong> Từng chi tiết được gia công chắc chắn, không gây cọ xát hay kích ứng da trong quá trình vận động mạnh.</li>
        </ul>

        <h4>2. Hướng dẫn sử dụng và bảo quản đúng cách</h4>
        <ul>
            <li>Giặt máy ở nhiệt độ thường (hoặc nước lạnh), lộn trái trang phục trước khi giặt để bảo vệ bề mặt vải và logo.</li>
            <li>Tuyệt đối không dùng chất tẩy rửa mạnh để tránh làm phai màu và phá vỡ cấu trúc sợi vải.</li>
            <li>Phơi ở nơi thoáng mát, có gió tự nhiên. Tránh ánh nắng gắt chiếu trực tiếp.</li>
            <li>Không nên ủi ở nhiệt độ cao vì chất liệu thun thể thao rất nhạy cảm với nhiệt độ lớn.</li>
        </ul>
        <h3>Tại sao nên chọn mua tại Axeron Sport?</h3>
        <p>Với phương châm mang đến những sản phẩm thể thao chất lượng cao và dẫn đầu xu hướng, Axeron Sport cam kết 100% sản phẩm <strong>test san pham</strong> đều được kiểm định chất lượng chặt chẽ trước khi trao đến tay khách hàng. Đội ngũ tư vấn viên nhiệt tình của chúng tôi luôn sẵn sàng hỗ trợ để bạn có thể chọn lựa được sản phẩm ưng ý nhất. Nâng tầm hiệu suất tập luyện ngay hôm nay!</p>
    ",Head,"Áo Khoác Nam"
178,"test san phamxxxxxxxx","<h3>Tổng quan chi tiết về <strong>test san phamxxxxxxxx</strong></h3>
<p>test san phamtest san phamtest san phamxxxxxxxx</p>

        <p>Nếu bạn đang tìm kiếm một sản phẩm kết hợp hoàn hảo giữa phong cách năng động và hiệu năng thể thao vượt trội, thì <strong>test san phamxxxxxxxx</strong> chính là lựa chọn hàng đầu. Chiếc áo này được tinh chỉnh để đáp ứng mọi nhu cầu khắt khe nhất của quá trình tập luyện.</p>
        
        <h4>1. Thiết kế và Chất liệu</h4>
        <ul>
            <li><strong>Công nghệ vải thoáng khí:</strong> Giúp luồng không khí lưu thông tối đa, kiểm soát mồ hôi hiệu quả, giữ cơ thể luôn mát mẻ.</li>
            <li><strong>Co giãn 4 chiều linh hoạt:</strong> Đảm bảo sự đàn hồi tuyệt đối, không gây gò bó, cho phép bạn tự do thực hiện các động tác vươn người, chạy nhảy.</li>
            <li><strong>Đường may tỉ mỉ:</strong> Từng chi tiết được gia công chắc chắn, không gây cọ xát hay kích ứng da trong quá trình vận động mạnh.</li>
        </ul>

        <h4>2. Hướng dẫn sử dụng và bảo quản đúng cách</h4>
        <ul>
            <li>Giặt máy ở nhiệt độ thường (hoặc nước lạnh), lộn trái trang phục trước khi giặt để bảo vệ bề mặt vải và logo.</li>
            <li>Tuyệt đối không dùng chất tẩy rửa mạnh để tránh làm phai màu và phá vỡ cấu trúc sợi vải.</li>
            <li>Phơi ở nơi thoáng mát, có gió tự nhiên. Tránh ánh nắng gắt chiếu trực tiếp.</li>
            <li>Không nên ủi ở nhiệt độ cao vì chất liệu thun thể thao rất nhạy cảm với nhiệt độ lớn.</li>
        </ul>
        <h3>Tại sao nên chọn mua tại Axeron Sport?</h3>
        <p>Với phương châm mang đến những sản phẩm thể thao chất lượng cao và dẫn đầu xu hướng, Axeron Sport cam kết 100% sản phẩm <strong>test san phamxxxxxxxx</strong> đều được kiểm định chất lượng chặt chẽ trước khi trao đến tay khách hàng. Đội ngũ tư vấn viên nhiệt tình của chúng tôi luôn sẵn sàng hỗ trợ để bạn có thể chọn lựa được sản phẩm ưng ý nhất. Nâng tầm hiệu suất tập luyện ngay hôm nay!</p>
    ",Asics,"Áo Khoác Nam"
179,"SP Test Gợi Ý Thứ 1","<p>Đây là sản phẩm test gợi ý 1. Nội dung mô tả của SP Test Gợi Ý Thứ 1.</p>",,TEST
180,"SP Test Gợi Ý Thứ 2","<p>Đây là sản phẩm test gợi ý 2. Nội dung mô tả của SP Test Gợi Ý Thứ 2.</p>",,TEST
181,"SP Test Gợi Ý Thứ 3","<p>Đây là sản phẩm test gợi ý 3. Nội dung mô tả của SP Test Gợi Ý Thứ 3.</p>",,TEST
182,"SP Test Gợi Ý Thứ 4","<p>Đây là sản phẩm test gợi ý 4. Nội dung mô tả của SP Test Gợi Ý Thứ 4.</p>",,TEST
183,"SP Test Gợi Ý Thứ 5","<p>Đây là sản phẩm test gợi ý 5. Nội dung mô tả của SP Test Gợi Ý Thứ 5.</p>",,TEST
184,"SP Test Gợi Ý Thứ 6","<p>Đây là sản phẩm test gợi ý 6. Nội dung mô tả của SP Test Gợi Ý Thứ 6.</p>",,TEST
185,"SP Test Gợi Ý Thứ 7","<p>Đây là sản phẩm test gợi ý 7. Nội dung mô tả của SP Test Gợi Ý Thứ 7.</p>",,TEST
186,"SP Test Gợi Ý Thứ 8","<p>Đây là sản phẩm test gợi ý 8. Nội dung mô tả của SP Test Gợi Ý Thứ 8.</p>",,TEST
187,"SP Test Gợi Ý Thứ 9","<p>Đây là sản phẩm test gợi ý 9. Nội dung mô tả của SP Test Gợi Ý Thứ 9.</p>",,TEST
188,"SP Test Gợi Ý Thứ 10","<p>Đây là sản phẩm test gợi ý 10. Nội dung mô tả của SP Test Gợi Ý Thứ 10.</p>",,TEST
189,"Bóng Rổ - Phiên Bản Cao Cấp 1","<p>Đây là <strong>Bóng Rổ - Phiên Bản Cao Cấp 1</strong>. Sản phẩm chính hãng cao cấp, chất liệu siêu nhẹ, thoáng khí. Phù hợp cho mọi hoạt động thể thao cường độ cao. Thiết kế ôm form, tôn dáng, mang lại sự thoải mái tối đa.</p><ul><li>Chất liệu: 100% Cao cấp</li><li>Tính năng: Thấm hút mồ hôi, co giãn 4 chiều</li><li>Thương hiệu: Axeron</li></ul>",,"Bóng Rổ"
190,"Bóng Rổ - Phiên Bản Cao Cấp 2","<p>Đây là <strong>Bóng Rổ - Phiên Bản Cao Cấp 2</strong>. Sản phẩm chính hãng cao cấp, chất liệu siêu nhẹ, thoáng khí. Phù hợp cho mọi hoạt động thể thao cường độ cao. Thiết kế ôm form, tôn dáng, mang lại sự thoải mái tối đa.</p><ul><li>Chất liệu: 100% Cao cấp</li><li>Tính năng: Thấm hút mồ hôi, co giãn 4 chiều</li><li>Thương hiệu: Axeron</li></ul>",,"Bóng Rổ"
191,"Bóng Rổ - Phiên Bản Cao Cấp 3","<p>Đây là <strong>Bóng Rổ - Phiên Bản Cao Cấp 3</strong>. Sản phẩm chính hãng cao cấp, chất liệu siêu nhẹ, thoáng khí. Phù hợp cho mọi hoạt động thể thao cường độ cao. Thiết kế ôm form, tôn dáng, mang lại sự thoải mái tối đa.</p><ul><li>Chất liệu: 100% Cao cấp</li><li>Tính năng: Thấm hút mồ hôi, co giãn 4 chiều</li><li>Thương hiệu: Axeron</li></ul>",,"Bóng Rổ"
192,"Bóng Rổ - Phiên Bản Cao Cấp 4","<p>Đây là <strong>Bóng Rổ - Phiên Bản Cao Cấp 4</strong>. Sản phẩm chính hãng cao cấp, chất liệu siêu nhẹ, thoáng khí. Phù hợp cho mọi hoạt động thể thao cường độ cao. Thiết kế ôm form, tôn dáng, mang lại sự thoải mái tối đa.</p><ul><li>Chất liệu: 100% Cao cấp</li><li>Tính năng: Thấm hút mồ hôi, co giãn 4 chiều</li><li>Thương hiệu: Axeron</li></ul>",,"Bóng Rổ"
193,"Bóng Rổ - Phiên Bản Cao Cấp 5","<p>Đây là <strong>Bóng Rổ - Phiên Bản Cao Cấp 5</strong>. Sản phẩm chính hãng cao cấp, chất liệu siêu nhẹ, thoáng khí. Phù hợp cho mọi hoạt động thể thao cường độ cao. Thiết kế ôm form, tôn dáng, mang lại sự thoải mái tối đa.</p><ul><li>Chất liệu: 100% Cao cấp</li><li>Tính năng: Thấm hút mồ hôi, co giãn 4 chiều</li><li>Thương hiệu: Axeron</li></ul>",,"Bóng Rổ"
194,"Bóng Rổ - Phiên Bản Cao Cấp 6","<p>Đây là <strong>Bóng Rổ - Phiên Bản Cao Cấp 6</strong>. Sản phẩm chính hãng cao cấp, chất liệu siêu nhẹ, thoáng khí. Phù hợp cho mọi hoạt động thể thao cường độ cao. Thiết kế ôm form, tôn dáng, mang lại sự thoải mái tối đa.</p><ul><li>Chất liệu: 100% Cao cấp</li><li>Tính năng: Thấm hút mồ hôi, co giãn 4 chiều</li><li>Thương hiệu: Axeron</li></ul>",,"Bóng Rổ"
195,"Bóng Chuyền - Phiên Bản Cao Cấp 1","<p>Đây là <strong>Bóng Chuyền - Phiên Bản Cao Cấp 1</strong>. Sản phẩm chính hãng cao cấp, chất liệu siêu nhẹ, thoáng khí. Phù hợp cho mọi hoạt động thể thao cường độ cao. Thiết kế ôm form, tôn dáng, mang lại sự thoải mái tối đa.</p><ul><li>Chất liệu: 100% Cao cấp</li><li>Tính năng: Thấm hút mồ hôi, co giãn 4 chiều</li><li>Thương hiệu: Axeron</li></ul>",,"Bóng Chuyền"
196,"Bóng Chuyền - Phiên Bản Cao Cấp 2","<p>Đây là <strong>Bóng Chuyền - Phiên Bản Cao Cấp 2</strong>. Sản phẩm chính hãng cao cấp, chất liệu siêu nhẹ, thoáng khí. Phù hợp cho mọi hoạt động thể thao cường độ cao. Thiết kế ôm form, tôn dáng, mang lại sự thoải mái tối đa.</p><ul><li>Chất liệu: 100% Cao cấp</li><li>Tính năng: Thấm hút mồ hôi, co giãn 4 chiều</li><li>Thương hiệu: Axeron</li></ul>",,"Bóng Chuyền"
197,"Bóng Chuyền - Phiên Bản Cao Cấp 3","<p>Đây là <strong>Bóng Chuyền - Phiên Bản Cao Cấp 3</strong>. Sản phẩm chính hãng cao cấp, chất liệu siêu nhẹ, thoáng khí. Phù hợp cho mọi hoạt động thể thao cường độ cao. Thiết kế ôm form, tôn dáng, mang lại sự thoải mái tối đa.</p><ul><li>Chất liệu: 100% Cao cấp</li><li>Tính năng: Thấm hút mồ hôi, co giãn 4 chiều</li><li>Thương hiệu: Axeron</li></ul>",,"Bóng Chuyền"
198,"Bóng Chuyền - Phiên Bản Cao Cấp 4","<p>Đây là <strong>Bóng Chuyền - Phiên Bản Cao Cấp 4</strong>. Sản phẩm chính hãng cao cấp, chất liệu siêu nhẹ, thoáng khí. Phù hợp cho mọi hoạt động thể thao cường độ cao. Thiết kế ôm form, tôn dáng, mang lại sự thoải mái tối đa.</p><ul><li>Chất liệu: 100% Cao cấp</li><li>Tính năng: Thấm hút mồ hôi, co giãn 4 chiều</li><li>Thương hiệu: Axeron</li></ul>",,"Bóng Chuyền"
199,"Bóng Chuyền - Phiên Bản Cao Cấp 5","<p>Đây là <strong>Bóng Chuyền - Phiên Bản Cao Cấp 5</strong>. Sản phẩm chính hãng cao cấp, chất liệu siêu nhẹ, thoáng khí. Phù hợp cho mọi hoạt động thể thao cường độ cao. Thiết kế ôm form, tôn dáng, mang lại sự thoải mái tối đa.</p><ul><li>Chất liệu: 100% Cao cấp</li><li>Tính năng: Thấm hút mồ hôi, co giãn 4 chiều</li><li>Thương hiệu: Axeron</li></ul>",,"Bóng Chuyền"
200,"Bóng Chuyền - Phiên Bản Cao Cấp 6","<p>Đây là <strong>Bóng Chuyền - Phiên Bản Cao Cấp 6</strong>. Sản phẩm chính hãng cao cấp, chất liệu siêu nhẹ, thoáng khí. Phù hợp cho mọi hoạt động thể thao cường độ cao. Thiết kế ôm form, tôn dáng, mang lại sự thoải mái tối đa.</p><ul><li>Chất liệu: 100% Cao cấp</li><li>Tính năng: Thấm hút mồ hôi, co giãn 4 chiều</li><li>Thương hiệu: Axeron</li></ul>",,"Bóng Chuyền"
201,"Giày Đá Bóng - Phiên Bản Cao Cấp 1","<p>Đây là <strong>Giày Đá Bóng - Phiên Bản Cao Cấp 1</strong>. Sản phẩm chính hãng cao cấp, chất liệu siêu nhẹ, thoáng khí. Phù hợp cho mọi hoạt động thể thao cường độ cao. Thiết kế ôm form, tôn dáng, mang lại sự thoải mái tối đa.</p><ul><li>Chất liệu: 100% Cao cấp</li><li>Tính năng: Thấm hút mồ hôi, co giãn 4 chiều</li><li>Thương hiệu: Axeron</li></ul>",,"Giày Đá Bóng"
202,"Giày Đá Bóng - Phiên Bản Cao Cấp 2","<p>Đây là <strong>Giày Đá Bóng - Phiên Bản Cao Cấp 2</strong>. Sản phẩm chính hãng cao cấp, chất liệu siêu nhẹ, thoáng khí. Phù hợp cho mọi hoạt động thể thao cường độ cao. Thiết kế ôm form, tôn dáng, mang lại sự thoải mái tối đa.</p><ul><li>Chất liệu: 100% Cao cấp</li><li>Tính năng: Thấm hút mồ hôi, co giãn 4 chiều</li><li>Thương hiệu: Axeron</li></ul>",,"Giày Đá Bóng"
203,"Giày Đá Bóng - Phiên Bản Cao Cấp 3","<p>Đây là <strong>Giày Đá Bóng - Phiên Bản Cao Cấp 3</strong>. Sản phẩm chính hãng cao cấp, chất liệu siêu nhẹ, thoáng khí. Phù hợp cho mọi hoạt động thể thao cường độ cao. Thiết kế ôm form, tôn dáng, mang lại sự thoải mái tối đa.</p><ul><li>Chất liệu: 100% Cao cấp</li><li>Tính năng: Thấm hút mồ hôi, co giãn 4 chiều</li><li>Thương hiệu: Axeron</li></ul>",,"Giày Đá Bóng"
204,"Giày Đá Bóng - Phiên Bản Cao Cấp 4","<p>Đây là <strong>Giày Đá Bóng - Phiên Bản Cao Cấp 4</strong>. Sản phẩm chính hãng cao cấp, chất liệu siêu nhẹ, thoáng khí. Phù hợp cho mọi hoạt động thể thao cường độ cao. Thiết kế ôm form, tôn dáng, mang lại sự thoải mái tối đa.</p><ul><li>Chất liệu: 100% Cao cấp</li><li>Tính năng: Thấm hút mồ hôi, co giãn 4 chiều</li><li>Thương hiệu: Axeron</li></ul>",,"Giày Đá Bóng"
205,"Giày Đá Bóng - Phiên Bản Cao Cấp 5","<p>Đây là <strong>Giày Đá Bóng - Phiên Bản Cao Cấp 5</strong>. Sản phẩm chính hãng cao cấp, chất liệu siêu nhẹ, thoáng khí. Phù hợp cho mọi hoạt động thể thao cường độ cao. Thiết kế ôm form, tôn dáng, mang lại sự thoải mái tối đa.</p><ul><li>Chất liệu: 100% Cao cấp</li><li>Tính năng: Thấm hút mồ hôi, co giãn 4 chiều</li><li>Thương hiệu: Axeron</li></ul>",,"Giày Đá Bóng"
206,"Giày Đá Bóng - Phiên Bản Cao Cấp 6","<p>Đây là <strong>Giày Đá Bóng - Phiên Bản Cao Cấp 6</strong>. Sản phẩm chính hãng cao cấp, chất liệu siêu nhẹ, thoáng khí. Phù hợp cho mọi hoạt động thể thao cường độ cao. Thiết kế ôm form, tôn dáng, mang lại sự thoải mái tối đa.</p><ul><li>Chất liệu: 100% Cao cấp</li><li>Tính năng: Thấm hút mồ hôi, co giãn 4 chiều</li><li>Thương hiệu: Axeron</li></ul>",,"Giày Đá Bóng"
207,"Giày Chạy Bộ Nam DL Speed Pro X1","<p>Đây là <strong>Giày Chạy Bộ Nam DL Speed Pro X1</strong>. Sản phẩm chính hãng cao cấp, chất liệu siêu nhẹ, thoáng khí. Phù hợp cho mọi hoạt động thể thao cường độ cao. Thiết kế ôm form, tôn dáng, mang lại sự thoải mái tối đa.</p><ul><li>Chất liệu: 100% Cao cấp</li><li>Tính năng: Thấm hút mồ hôi, co giãn 4 chiều</li><li>Thương hiệu: Axeron</li></ul>",,"Giày Chạy Bộ Nam"
208,"Giày Chạy Bộ Nam DL Runner Air 2024","<p>Đây là <strong>Giày Chạy Bộ Nam DL Runner Air 2024</strong>. Sản phẩm chính hãng cao cấp, chất liệu siêu nhẹ, thoáng khí. Phù hợp cho mọi hoạt động thể thao cường độ cao. Thiết kế ôm form, tôn dáng, mang lại sự thoải mái tối đa.</p><ul><li>Chất liệu: 100% Cao cấp</li><li>Tính năng: Thấm hút mồ hôi, co giãn 4 chiều</li><li>Thương hiệu: Axeron</li></ul>",,"Giày Chạy Bộ Nam"
209,"Giày Nike Revolution 7 Nam","<p>Đây là <strong>Giày Nike Revolution 7 Nam</strong>. Sản phẩm chính hãng cao cấp, chất liệu siêu nhẹ, thoáng khí. Phù hợp cho mọi hoạt động thể thao cường độ cao. Thiết kế ôm form, tôn dáng, mang lại sự thoải mái tối đa.</p><ul><li>Chất liệu: 100% Cao cấp</li><li>Tính năng: Thấm hút mồ hôi, co giãn 4 chiều</li><li>Thương hiệu: Axeron</li></ul>",,"Giày Chạy Bộ Nam"
210,"Giày Adidas Runfalcon 3.0 Nam","<p>Đây là <strong>Giày Adidas Runfalcon 3.0 Nam</strong>. Sản phẩm chính hãng cao cấp, chất liệu siêu nhẹ, thoáng khí. Phù hợp cho mọi hoạt động thể thao cường độ cao. Thiết kế ôm form, tôn dáng, mang lại sự thoải mái tối đa.</p><ul><li>Chất liệu: 100% Cao cấp</li><li>Tính năng: Thấm hút mồ hôi, co giãn 4 chiều</li><li>Thương hiệu: Axeron</li></ul>",,"Giày Chạy Bộ Nam"
211,"Giày ASICS Gel-Nimbus 26 Nam","<p>Đây là <strong>Giày ASICS Gel-Nimbus 26 Nam</strong>. Sản phẩm chính hãng cao cấp, chất liệu siêu nhẹ, thoáng khí. Phù hợp cho mọi hoạt động thể thao cường độ cao. Thiết kế ôm form, tôn dáng, mang lại sự thoải mái tối đa.</p><ul><li>Chất liệu: 100% Cao cấp</li><li>Tính năng: Thấm hút mồ hôi, co giãn 4 chiều</li><li>Thương hiệu: Axeron</li></ul>",,"Giày Chạy Bộ Nam"
212,"Giày Chạy Bộ Nam - Phiên Bản Cao Cấp 6","<p>Đây là <strong>Giày Chạy Bộ Nam - Phiên Bản Cao Cấp 6</strong>. Sản phẩm chính hãng cao cấp, chất liệu siêu nhẹ, thoáng khí. Phù hợp cho mọi hoạt động thể thao cường độ cao. Thiết kế ôm form, tôn dáng, mang lại sự thoải mái tối đa.</p><ul><li>Chất liệu: 100% Cao cấp</li><li>Tính năng: Thấm hút mồ hôi, co giãn 4 chiều</li><li>Thương hiệu: Axeron</li></ul>",,"Giày Chạy Bộ Nam"
213,"Giày Cầu Lông Yonex Power Cushion Nam","<p>Đây là <strong>Giày Cầu Lông Yonex Power Cushion Nam</strong>. Sản phẩm chính hãng cao cấp, chất liệu siêu nhẹ, thoáng khí. Phù hợp cho mọi hoạt động thể thao cường độ cao. Thiết kế ôm form, tôn dáng, mang lại sự thoải mái tối đa.</p><ul><li>Chất liệu: 100% Cao cấp</li><li>Tính năng: Thấm hút mồ hôi, co giãn 4 chiều</li><li>Thương hiệu: Axeron</li></ul>",,"Giày Cầu Lông Nam"
214,"Giày Cầu Lông DL Wing Pro 2024 Nam","<p>Đây là <strong>Giày Cầu Lông DL Wing Pro 2024 Nam</strong>. Sản phẩm chính hãng cao cấp, chất liệu siêu nhẹ, thoáng khí. Phù hợp cho mọi hoạt động thể thao cường độ cao. Thiết kế ôm form, tôn dáng, mang lại sự thoải mái tối đa.</p><ul><li>Chất liệu: 100% Cao cấp</li><li>Tính năng: Thấm hút mồ hôi, co giãn 4 chiều</li><li>Thương hiệu: Axeron</li></ul>",,"Giày Cầu Lông Nam"
215,"Giày Cầu Lông Lining Ranger TD Nam","<p>Đây là <strong>Giày Cầu Lông Lining Ranger TD Nam</strong>. Sản phẩm chính hãng cao cấp, chất liệu siêu nhẹ, thoáng khí. Phù hợp cho mọi hoạt động thể thao cường độ cao. Thiết kế ôm form, tôn dáng, mang lại sự thoải mái tối đa.</p><ul><li>Chất liệu: 100% Cao cấp</li><li>Tính năng: Thấm hút mồ hôi, co giãn 4 chiều</li><li>Thương hiệu: Axeron</li></ul>",,"Giày Cầu Lông Nam"
216,"Giày Cầu Lông Nam Victor A970ACE","<p>Đây là <strong>Giày Cầu Lông Nam Victor A970ACE</strong>. Sản phẩm chính hãng cao cấp, chất liệu siêu nhẹ, thoáng khí. Phù hợp cho mọi hoạt động thể thao cường độ cao. Thiết kế ôm form, tôn dáng, mang lại sự thoải mái tối đa.</p><ul><li>Chất liệu: 100% Cao cấp</li><li>Tính năng: Thấm hút mồ hôi, co giãn 4 chiều</li><li>Thương hiệu: Axeron</li></ul>",,"Giày Cầu Lông Nam"
217,"Giày Cầu Lông Nam Kawasaki K085","<p>Đây là <strong>Giày Cầu Lông Nam Kawasaki K085</strong>. Sản phẩm chính hãng cao cấp, chất liệu siêu nhẹ, thoáng khí. Phù hợp cho mọi hoạt động thể thao cường độ cao. Thiết kế ôm form, tôn dáng, mang lại sự thoải mái tối đa.</p><ul><li>Chất liệu: 100% Cao cấp</li><li>Tính năng: Thấm hút mồ hôi, co giãn 4 chiều</li><li>Thương hiệu: Axeron</li></ul>",,"Giày Cầu Lông Nam"
218,"Giày Cầu Lông Nam Mizuno Wave Claw","<p>Đây là <strong>Giày Cầu Lông Nam Mizuno Wave Claw</strong>. Sản phẩm chính hãng cao cấp, chất liệu siêu nhẹ, thoáng khí. Phù hợp cho mọi hoạt động thể thao cường độ cao. Thiết kế ôm form, tôn dáng, mang lại sự thoải mái tối đa.</p><ul><li>Chất liệu: 100% Cao cấp</li><li>Tính năng: Thấm hút mồ hôi, co giãn 4 chiều</li><li>Thương hiệu: Axeron</li></ul>",,"Giày Cầu Lông Nam"
219,"Giày Cầu Lông Nam Kumpoo K520 Pro","<p>Đây là <strong>Giày Cầu Lông Nam Kumpoo K520 Pro</strong>. Sản phẩm chính hãng cao cấp, chất liệu siêu nhẹ, thoáng khí. Phù hợp cho mọi hoạt động thể thao cường độ cao. Thiết kế ôm form, tôn dáng, mang lại sự thoải mái tối đa.</p><ul><li>Chất liệu: 100% Cao cấp</li><li>Tính năng: Thấm hút mồ hôi, co giãn 4 chiều</li><li>Thương hiệu: Axeron</li></ul>",,"Giày Cầu Lông Nam"
220,"Giày Bóng Rổ Nam Signature 4201","<p>Đây là <strong>Giày Bóng Rổ Nam Signature 4201</strong>. Sản phẩm chính hãng cao cấp, chất liệu siêu nhẹ, thoáng khí. Phù hợp cho mọi hoạt động thể thao cường độ cao. Thiết kế ôm form, tôn dáng, mang lại sự thoải mái tối đa.</p><ul><li>Chất liệu: 100% Cao cấp</li><li>Tính năng: Thấm hút mồ hôi, co giãn 4 chiều</li><li>Thương hiệu: Axeron</li></ul>",,"Giày Bóng Rổ"
221,"Giày Bóng Rổ Nam Signature 5636","<p>Đây là <strong>Giày Bóng Rổ Nam Signature 5636</strong>. Sản phẩm chính hãng cao cấp, chất liệu siêu nhẹ, thoáng khí. Phù hợp cho mọi hoạt động thể thao cường độ cao. Thiết kế ôm form, tôn dáng, mang lại sự thoải mái tối đa.</p><ul><li>Chất liệu: 100% Cao cấp</li><li>Tính năng: Thấm hút mồ hôi, co giãn 4 chiều</li><li>Thương hiệu: Axeron</li></ul>",,"Giày Bóng Rổ"
222,"Giày Bóng Rổ Nam Air Jordan Retro","<p>Đây là <strong>Giày Bóng Rổ Nam Air Jordan Retro</strong>. Sản phẩm chính hãng cao cấp, chất liệu siêu nhẹ, thoáng khí. Phù hợp cho mọi hoạt động thể thao cường độ cao. Thiết kế ôm form, tôn dáng, mang lại sự thoải mái tối đa.</p><ul><li>Chất liệu: 100% Cao cấp</li><li>Tính năng: Thấm hút mồ hôi, co giãn 4 chiều</li><li>Thương hiệu: Axeron</li></ul>",,"Giày Bóng Rổ"
223,"Giày Bóng Rổ Nam Nike LeBron 20","<p>Đây là <strong>Giày Bóng Rổ Nam Nike LeBron 20</strong>. Sản phẩm chính hãng cao cấp, chất liệu siêu nhẹ, thoáng khí. Phù hợp cho mọi hoạt động thể thao cường độ cao. Thiết kế ôm form, tôn dáng, mang lại sự thoải mái tối đa.</p><ul><li>Chất liệu: 100% Cao cấp</li><li>Tính năng: Thấm hút mồ hôi, co giãn 4 chiều</li><li>Thương hiệu: Axeron</li></ul>",,"Giày Bóng Rổ"
224,"Giày Bóng Rổ Nam Adidas Harden Vol.7","<p>Đây là <strong>Giày Bóng Rổ Nam Adidas Harden Vol.7</strong>. Sản phẩm chính hãng cao cấp, chất liệu siêu nhẹ, thoáng khí. Phù hợp cho mọi hoạt động thể thao cường độ cao. Thiết kế ôm form, tôn dáng, mang lại sự thoải mái tối đa.</p><ul><li>Chất liệu: 100% Cao cấp</li><li>Tính năng: Thấm hút mồ hôi, co giãn 4 chiều</li><li>Thương hiệu: Axeron</li></ul>",,"Giày Bóng Rổ"
225,"Giày Bóng Rổ Nam Puma MB.02","<p>Đây là <strong>Giày Bóng Rổ Nam Puma MB.02</strong>. Sản phẩm chính hãng cao cấp, chất liệu siêu nhẹ, thoáng khí. Phù hợp cho mọi hoạt động thể thao cường độ cao. Thiết kế ôm form, tôn dáng, mang lại sự thoải mái tối đa.</p><ul><li>Chất liệu: 100% Cao cấp</li><li>Tính năng: Thấm hút mồ hôi, co giãn 4 chiều</li><li>Thương hiệu: Axeron</li></ul>",,"Giày Bóng Rổ"
226,"Giày Bóng Rổ Nam Under Armour Curry","<p>Đây là <strong>Giày Bóng Rổ Nam Under Armour Curry</strong>. Sản phẩm chính hãng cao cấp, chất liệu siêu nhẹ, thoáng khí. Phù hợp cho mọi hoạt động thể thao cường độ cao. Thiết kế ôm form, tôn dáng, mang lại sự thoải mái tối đa.</p><ul><li>Chất liệu: 100% Cao cấp</li><li>Tính năng: Thấm hút mồ hôi, co giãn 4 chiều</li><li>Thương hiệu: Axeron</li></ul>",,"Giày Bóng Rổ"
227,"Giày Bóng Rổ Nam Anta KT8","<p>Đây là <strong>Giày Bóng Rổ Nam Anta KT8</strong>. Sản phẩm chính hãng cao cấp, chất liệu siêu nhẹ, thoáng khí. Phù hợp cho mọi hoạt động thể thao cường độ cao. Thiết kế ôm form, tôn dáng, mang lại sự thoải mái tối đa.</p><ul><li>Chất liệu: 100% Cao cấp</li><li>Tính năng: Thấm hút mồ hôi, co giãn 4 chiều</li><li>Thương hiệu: Axeron</li></ul>",,"Giày Bóng Rổ"
228,"Giày Thể Thao Nam Signature D354","<p>Đây là <strong>Giày Thể Thao Nam Signature D354</strong>. Sản phẩm chính hãng cao cấp, chất liệu siêu nhẹ, thoáng khí. Phù hợp cho mọi hoạt động thể thao cường độ cao. Thiết kế ôm form, tôn dáng, mang lại sự thoải mái tối đa.</p><ul><li>Chất liệu: 100% Cao cấp</li><li>Tính năng: Thấm hút mồ hôi, co giãn 4 chiều</li><li>Thương hiệu: Axeron</li></ul>",,"Giày Thể Thao Nam"
229,"Giày Thể Thao Nam Signature ED8C","<p>Đây là <strong>Giày Thể Thao Nam Signature ED8C</strong>. Sản phẩm chính hãng cao cấp, chất liệu siêu nhẹ, thoáng khí. Phù hợp cho mọi hoạt động thể thao cường độ cao. Thiết kế ôm form, tôn dáng, mang lại sự thoải mái tối đa.</p><ul><li>Chất liệu: 100% Cao cấp</li><li>Tính năng: Thấm hút mồ hôi, co giãn 4 chiều</li><li>Thương hiệu: Axeron</li></ul>",,"Giày Thể Thao Nam"
230,"Giày Thể Thao Nam Nike Metcon 8","<p>Đây là <strong>Giày Thể Thao Nam Nike Metcon 8</strong>. Sản phẩm chính hãng cao cấp, chất liệu siêu nhẹ, thoáng khí. Phù hợp cho mọi hoạt động thể thao cường độ cao. Thiết kế ôm form, tôn dáng, mang lại sự thoải mái tối đa.</p><ul><li>Chất liệu: 100% Cao cấp</li><li>Tính năng: Thấm hút mồ hôi, co giãn 4 chiều</li><li>Thương hiệu: Axeron</li></ul>",,"Giày Thể Thao Nam"
231,"Giày Thể Thao Nam Adidas Dropset","<p>Đây là <strong>Giày Thể Thao Nam Adidas Dropset</strong>. Sản phẩm chính hãng cao cấp, chất liệu siêu nhẹ, thoáng khí. Phù hợp cho mọi hoạt động thể thao cường độ cao. Thiết kế ôm form, tôn dáng, mang lại sự thoải mái tối đa.</p><ul><li>Chất liệu: 100% Cao cấp</li><li>Tính năng: Thấm hút mồ hôi, co giãn 4 chiều</li><li>Thương hiệu: Axeron</li></ul>",,"Giày Thể Thao Nam"
232,"Giày Thể Thao Nam Reebok Nano X3","<p>Đây là <strong>Giày Thể Thao Nam Reebok Nano X3</strong>. Sản phẩm chính hãng cao cấp, chất liệu siêu nhẹ, thoáng khí. Phù hợp cho mọi hoạt động thể thao cường độ cao. Thiết kế ôm form, tôn dáng, mang lại sự thoải mái tối đa.</p><ul><li>Chất liệu: 100% Cao cấp</li><li>Tính năng: Thấm hút mồ hôi, co giãn 4 chiều</li><li>Thương hiệu: Axeron</li></ul>",,"Giày Thể Thao Nam"
233,"Giày Thể Thao Nam Puma Fuse 2.0","<p>Đây là <strong>Giày Thể Thao Nam Puma Fuse 2.0</strong>. Sản phẩm chính hãng cao cấp, chất liệu siêu nhẹ, thoáng khí. Phù hợp cho mọi hoạt động thể thao cường độ cao. Thiết kế ôm form, tôn dáng, mang lại sự thoải mái tối đa.</p><ul><li>Chất liệu: 100% Cao cấp</li><li>Tính năng: Thấm hút mồ hôi, co giãn 4 chiều</li><li>Thương hiệu: Axeron</li></ul>",,"Giày Thể Thao Nam"
234,"Giày Thể Thao Nam Under Armour TriBase","<p>Đây là <strong>Giày Thể Thao Nam Under Armour TriBase</strong>. Sản phẩm chính hãng cao cấp, chất liệu siêu nhẹ, thoáng khí. Phù hợp cho mọi hoạt động thể thao cường độ cao. Thiết kế ôm form, tôn dáng, mang lại sự thoải mái tối đa.</p><ul><li>Chất liệu: 100% Cao cấp</li><li>Tính năng: Thấm hút mồ hôi, co giãn 4 chiều</li><li>Thương hiệu: Axeron</li></ul>",,"Giày Thể Thao Nam"
235,"Giày Thể Thao Nam DL Training Core","<p>Đây là <strong>Giày Thể Thao Nam DL Training Core</strong>. Sản phẩm chính hãng cao cấp, chất liệu siêu nhẹ, thoáng khí. Phù hợp cho mọi hoạt động thể thao cường độ cao. Thiết kế ôm form, tôn dáng, mang lại sự thoải mái tối đa.</p><ul><li>Chất liệu: 100% Cao cấp</li><li>Tính năng: Thấm hút mồ hôi, co giãn 4 chiều</li><li>Thương hiệu: Axeron</li></ul>",,"Giày Thể Thao Nam"
236,"Dép Nam Signature 8580","<p>Đây là <strong>Dép Nam Signature 8580</strong>. Sản phẩm chính hãng cao cấp, chất liệu siêu nhẹ, thoáng khí. Phù hợp cho mọi hoạt động thể thao cường độ cao. Thiết kế ôm form, tôn dáng, mang lại sự thoải mái tối đa.</p><ul><li>Chất liệu: 100% Cao cấp</li><li>Tính năng: Thấm hút mồ hôi, co giãn 4 chiều</li><li>Thương hiệu: Axeron</li></ul>",,"Dép Nam"
237,"Dép Nam Signature C888","<p>Đây là <strong>Dép Nam Signature C888</strong>. Sản phẩm chính hãng cao cấp, chất liệu siêu nhẹ, thoáng khí. Phù hợp cho mọi hoạt động thể thao cường độ cao. Thiết kế ôm form, tôn dáng, mang lại sự thoải mái tối đa.</p><ul><li>Chất liệu: 100% Cao cấp</li><li>Tính năng: Thấm hút mồ hôi, co giãn 4 chiều</li><li>Thương hiệu: Axeron</li></ul>",,"Dép Nam"
238,"Dép Nam Thể Thao Quai Ngang DL","<p>Đây là <strong>Dép Nam Thể Thao Quai Ngang DL</strong>. Sản phẩm chính hãng cao cấp, chất liệu siêu nhẹ, thoáng khí. Phù hợp cho mọi hoạt động thể thao cường độ cao. Thiết kế ôm form, tôn dáng, mang lại sự thoải mái tối đa.</p><ul><li>Chất liệu: 100% Cao cấp</li><li>Tính năng: Thấm hút mồ hôi, co giãn 4 chiều</li><li>Thương hiệu: Axeron</li></ul>",,"Dép Nam"
239,"Dép Nam Adidas Adilette Comfort","<p>Đây là <strong>Dép Nam Adidas Adilette Comfort</strong>. Sản phẩm chính hãng cao cấp, chất liệu siêu nhẹ, thoáng khí. Phù hợp cho mọi hoạt động thể thao cường độ cao. Thiết kế ôm form, tôn dáng, mang lại sự thoải mái tối đa.</p><ul><li>Chất liệu: 100% Cao cấp</li><li>Tính năng: Thấm hút mồ hôi, co giãn 4 chiều</li><li>Thương hiệu: Axeron</li></ul>",,"Dép Nam"
240,"Dép Nam Nike Victori One","<p>Đây là <strong>Dép Nam Nike Victori One</strong>. Sản phẩm chính hãng cao cấp, chất liệu siêu nhẹ, thoáng khí. Phù hợp cho mọi hoạt động thể thao cường độ cao. Thiết kế ôm form, tôn dáng, mang lại sự thoải mái tối đa.</p><ul><li>Chất liệu: 100% Cao cấp</li><li>Tính năng: Thấm hút mồ hôi, co giãn 4 chiều</li><li>Thương hiệu: Axeron</li></ul>",,"Dép Nam"
241,"Dép Nam Puma Popcat 20","<p>Đây là <strong>Dép Nam Puma Popcat 20</strong>. Sản phẩm chính hãng cao cấp, chất liệu siêu nhẹ, thoáng khí. Phù hợp cho mọi hoạt động thể thao cường độ cao. Thiết kế ôm form, tôn dáng, mang lại sự thoải mái tối đa.</p><ul><li>Chất liệu: 100% Cao cấp</li><li>Tính năng: Thấm hút mồ hôi, co giãn 4 chiều</li><li>Thương hiệu: Axeron</li></ul>",,"Dép Nam"
242,"Dép Nam Under Armour Ignite","<p>Đây là <strong>Dép Nam Under Armour Ignite</strong>. Sản phẩm chính hãng cao cấp, chất liệu siêu nhẹ, thoáng khí. Phù hợp cho mọi hoạt động thể thao cường độ cao. Thiết kế ôm form, tôn dáng, mang lại sự thoải mái tối đa.</p><ul><li>Chất liệu: 100% Cao cấp</li><li>Tính năng: Thấm hút mồ hôi, co giãn 4 chiều</li><li>Thương hiệu: Axeron</li></ul>",,"Dép Nam"
243,"Dép Nam Kẹp Thể Thao DL","<p>Đây là <strong>Dép Nam Kẹp Thể Thao DL</strong>. Sản phẩm chính hãng cao cấp, chất liệu siêu nhẹ, thoáng khí. Phù hợp cho mọi hoạt động thể thao cường độ cao. Thiết kế ôm form, tôn dáng, mang lại sự thoải mái tối đa.</p><ul><li>Chất liệu: 100% Cao cấp</li><li>Tính năng: Thấm hút mồ hôi, co giãn 4 chiều</li><li>Thương hiệu: Axeron</li></ul>",,"Dép Nam"
244,"Áo Polo Thể Thao DL Classic 2024","<p>Đây là <strong>Áo Polo Thể Thao DL Classic 2024</strong>. Sản phẩm chính hãng cao cấp, chất liệu siêu nhẹ, thoáng khí. Phù hợp cho mọi hoạt động thể thao cường độ cao. Thiết kế ôm form, tôn dáng, mang lại sự thoải mái tối đa.</p><ul><li>Chất liệu: 100% Cao cấp</li><li>Tính năng: Thấm hút mồ hôi, co giãn 4 chiều</li><li>Thương hiệu: Axeron</li></ul>",,"Áo Polo Nam"
245,"Áo Polo DL Pro Team 2024","<p>Đây là <strong>Áo Polo DL Pro Team 2024</strong>. Sản phẩm chính hãng cao cấp, chất liệu siêu nhẹ, thoáng khí. Phù hợp cho mọi hoạt động thể thao cường độ cao. Thiết kế ôm form, tôn dáng, mang lại sự thoải mái tối đa.</p><ul><li>Chất liệu: 100% Cao cấp</li><li>Tính năng: Thấm hút mồ hôi, co giãn 4 chiều</li><li>Thương hiệu: Axeron</li></ul>",,"Áo Polo Nam"
246,"Áo Polo Nam Adidas Performance","<p>Đây là <strong>Áo Polo Nam Adidas Performance</strong>. Sản phẩm chính hãng cao cấp, chất liệu siêu nhẹ, thoáng khí. Phù hợp cho mọi hoạt động thể thao cường độ cao. Thiết kế ôm form, tôn dáng, mang lại sự thoải mái tối đa.</p><ul><li>Chất liệu: 100% Cao cấp</li><li>Tính năng: Thấm hút mồ hôi, co giãn 4 chiều</li><li>Thương hiệu: Axeron</li></ul>",,"Áo Polo Nam"
247,"Áo Polo Nam Nike Dri-FIT","<p>Đây là <strong>Áo Polo Nam Nike Dri-FIT</strong>. Sản phẩm chính hãng cao cấp, chất liệu siêu nhẹ, thoáng khí. Phù hợp cho mọi hoạt động thể thao cường độ cao. Thiết kế ôm form, tôn dáng, mang lại sự thoải mái tối đa.</p><ul><li>Chất liệu: 100% Cao cấp</li><li>Tính năng: Thấm hút mồ hôi, co giãn 4 chiều</li><li>Thương hiệu: Axeron</li></ul>",,"Áo Polo Nam"
248,"Áo Polo Nam Under Armour Tech","<p>Đây là <strong>Áo Polo Nam Under Armour Tech</strong>. Sản phẩm chính hãng cao cấp, chất liệu siêu nhẹ, thoáng khí. Phù hợp cho mọi hoạt động thể thao cường độ cao. Thiết kế ôm form, tôn dáng, mang lại sự thoải mái tối đa.</p><ul><li>Chất liệu: 100% Cao cấp</li><li>Tính năng: Thấm hút mồ hôi, co giãn 4 chiều</li><li>Thương hiệu: Axeron</li></ul>",,"Áo Polo Nam"
249,"Áo Polo Nam Puma Golf Cloudspun","<p>Đây là <strong>Áo Polo Nam Puma Golf Cloudspun</strong>. Sản phẩm chính hãng cao cấp, chất liệu siêu nhẹ, thoáng khí. Phù hợp cho mọi hoạt động thể thao cường độ cao. Thiết kế ôm form, tôn dáng, mang lại sự thoải mái tối đa.</p><ul><li>Chất liệu: 100% Cao cấp</li><li>Tính năng: Thấm hút mồ hôi, co giãn 4 chiều</li><li>Thương hiệu: Axeron</li></ul>",,"Áo Polo Nam"
250,"Áo Polo Nam Asics Core","<p>Đây là <strong>Áo Polo Nam Asics Core</strong>. Sản phẩm chính hãng cao cấp, chất liệu siêu nhẹ, thoáng khí. Phù hợp cho mọi hoạt động thể thao cường độ cao. Thiết kế ôm form, tôn dáng, mang lại sự thoải mái tối đa.</p><ul><li>Chất liệu: 100% Cao cấp</li><li>Tính năng: Thấm hút mồ hôi, co giãn 4 chiều</li><li>Thương hiệu: Axeron</li></ul>",,"Áo Polo Nam"
251,"Áo Polo Nam Mizuno DryLite","<p>Đây là <strong>Áo Polo Nam Mizuno DryLite</strong>. Sản phẩm chính hãng cao cấp, chất liệu siêu nhẹ, thoáng khí. Phù hợp cho mọi hoạt động thể thao cường độ cao. Thiết kế ôm form, tôn dáng, mang lại sự thoải mái tối đa.</p><ul><li>Chất liệu: 100% Cao cấp</li><li>Tính năng: Thấm hút mồ hôi, co giãn 4 chiều</li><li>Thương hiệu: Axeron</li></ul>",,"Áo Polo Nam"
252,"Áo T-shirt DL Training Basic","<p>Đây là <strong>Áo T-shirt DL Training Basic</strong>. Sản phẩm chính hãng cao cấp, chất liệu siêu nhẹ, thoáng khí. Phù hợp cho mọi hoạt động thể thao cường độ cao. Thiết kế ôm form, tôn dáng, mang lại sự thoải mái tối đa.</p><ul><li>Chất liệu: 100% Cao cấp</li><li>Tính năng: Thấm hút mồ hôi, co giãn 4 chiều</li><li>Thương hiệu: Axeron</li></ul>",,"Áo T-shirt Nam"
253,"Áo T-shirt Under Armour HeatGear Nam","<p>Đây là <strong>Áo T-shirt Under Armour HeatGear Nam</strong>. Sản phẩm chính hãng cao cấp, chất liệu siêu nhẹ, thoáng khí. Phù hợp cho mọi hoạt động thể thao cường độ cao. Thiết kế ôm form, tôn dáng, mang lại sự thoải mái tối đa.</p><ul><li>Chất liệu: 100% Cao cấp</li><li>Tính năng: Thấm hút mồ hôi, co giãn 4 chiều</li><li>Thương hiệu: Axeron</li></ul>",,"Áo T-shirt Nam"
254,"Áo T-shirt Nike Dri-FIT Training","<p>Đây là <strong>Áo T-shirt Nike Dri-FIT Training</strong>. Sản phẩm chính hãng cao cấp, chất liệu siêu nhẹ, thoáng khí. Phù hợp cho mọi hoạt động thể thao cường độ cao. Thiết kế ôm form, tôn dáng, mang lại sự thoải mái tối đa.</p><ul><li>Chất liệu: 100% Cao cấp</li><li>Tính năng: Thấm hút mồ hôi, co giãn 4 chiều</li><li>Thương hiệu: Axeron</li></ul>",,"Áo T-shirt Nam"
255,"Áo T-shirt Adidas AEROREADY","<p>Đây là <strong>Áo T-shirt Adidas AEROREADY</strong>. Sản phẩm chính hãng cao cấp, chất liệu siêu nhẹ, thoáng khí. Phù hợp cho mọi hoạt động thể thao cường độ cao. Thiết kế ôm form, tôn dáng, mang lại sự thoải mái tối đa.</p><ul><li>Chất liệu: 100% Cao cấp</li><li>Tính năng: Thấm hút mồ hôi, co giãn 4 chiều</li><li>Thương hiệu: Axeron</li></ul>",,"Áo T-shirt Nam"
256,"Áo T-shirt Puma Performance","<p>Đây là <strong>Áo T-shirt Puma Performance</strong>. Sản phẩm chính hãng cao cấp, chất liệu siêu nhẹ, thoáng khí. Phù hợp cho mọi hoạt động thể thao cường độ cao. Thiết kế ôm form, tôn dáng, mang lại sự thoải mái tối đa.</p><ul><li>Chất liệu: 100% Cao cấp</li><li>Tính năng: Thấm hút mồ hôi, co giãn 4 chiều</li><li>Thương hiệu: Axeron</li></ul>",,"Áo T-shirt Nam"
257,"Áo T-shirt Reebok Workout Ready","<p>Đây là <strong>Áo T-shirt Reebok Workout Ready</strong>. Sản phẩm chính hãng cao cấp, chất liệu siêu nhẹ, thoáng khí. Phù hợp cho mọi hoạt động thể thao cường độ cao. Thiết kế ôm form, tôn dáng, mang lại sự thoải mái tối đa.</p><ul><li>Chất liệu: 100% Cao cấp</li><li>Tính năng: Thấm hút mồ hôi, co giãn 4 chiều</li><li>Thương hiệu: Axeron</li></ul>",,"Áo T-shirt Nam"
258,"Áo T-shirt Asics Silver Top","<p>Đây là <strong>Áo T-shirt Asics Silver Top</strong>. Sản phẩm chính hãng cao cấp, chất liệu siêu nhẹ, thoáng khí. Phù hợp cho mọi hoạt động thể thao cường độ cao. Thiết kế ôm form, tôn dáng, mang lại sự thoải mái tối đa.</p><ul><li>Chất liệu: 100% Cao cấp</li><li>Tính năng: Thấm hút mồ hôi, co giãn 4 chiều</li><li>Thương hiệu: Axeron</li></ul>",,"Áo T-shirt Nam"
259,"Áo Khoác Nam Signature 7846","<p>Đây là <strong>Áo Khoác Nam Signature 7846</strong>. Sản phẩm chính hãng cao cấp, chất liệu siêu nhẹ, thoáng khí. Phù hợp cho mọi hoạt động thể thao cường độ cao. Thiết kế ôm form, tôn dáng, mang lại sự thoải mái tối đa.</p><ul><li>Chất liệu: 100% Cao cấp</li><li>Tính năng: Thấm hút mồ hôi, co giãn 4 chiều</li><li>Thương hiệu: Axeron</li></ul>",,"Áo Khoác Nam"
260,"Áo Khoác Nam Signature 05C4","<p>Đây là <strong>Áo Khoác Nam Signature 05C4</strong>. Sản phẩm chính hãng cao cấp, chất liệu siêu nhẹ, thoáng khí. Phù hợp cho mọi hoạt động thể thao cường độ cao. Thiết kế ôm form, tôn dáng, mang lại sự thoải mái tối đa.</p><ul><li>Chất liệu: 100% Cao cấp</li><li>Tính năng: Thấm hút mồ hôi, co giãn 4 chiều</li><li>Thương hiệu: Axeron</li></ul>",,"Áo Khoác Nam"
261,"Áo Khoác Gió Thể Thao Nam DL","<p>Đây là <strong>Áo Khoác Gió Thể Thao Nam DL</strong>. Sản phẩm chính hãng cao cấp, chất liệu siêu nhẹ, thoáng khí. Phù hợp cho mọi hoạt động thể thao cường độ cao. Thiết kế ôm form, tôn dáng, mang lại sự thoải mái tối đa.</p><ul><li>Chất liệu: 100% Cao cấp</li><li>Tính năng: Thấm hút mồ hôi, co giãn 4 chiều</li><li>Thương hiệu: Axeron</li></ul>",,"Áo Khoác Nam"
262,"Áo Khoác Nam Nike Windrunner","<p>Đây là <strong>Áo Khoác Nam Nike Windrunner</strong>. Sản phẩm chính hãng cao cấp, chất liệu siêu nhẹ, thoáng khí. Phù hợp cho mọi hoạt động thể thao cường độ cao. Thiết kế ôm form, tôn dáng, mang lại sự thoải mái tối đa.</p><ul><li>Chất liệu: 100% Cao cấp</li><li>Tính năng: Thấm hút mồ hôi, co giãn 4 chiều</li><li>Thương hiệu: Axeron</li></ul>",,"Áo Khoác Nam"
263,"Áo Khoác Nam Adidas Tiro","<p>Đây là <strong>Áo Khoác Nam Adidas Tiro</strong>. Sản phẩm chính hãng cao cấp, chất liệu siêu nhẹ, thoáng khí. Phù hợp cho mọi hoạt động thể thao cường độ cao. Thiết kế ôm form, tôn dáng, mang lại sự thoải mái tối đa.</p><ul><li>Chất liệu: 100% Cao cấp</li><li>Tính năng: Thấm hút mồ hôi, co giãn 4 chiều</li><li>Thương hiệu: Axeron</li></ul>",,"Áo Khoác Nam"
264,"Áo Khoác Chống Nước Under Armour","<p>Đây là <strong>Áo Khoác Chống Nước Under Armour</strong>. Sản phẩm chính hãng cao cấp, chất liệu siêu nhẹ, thoáng khí. Phù hợp cho mọi hoạt động thể thao cường độ cao. Thiết kế ôm form, tôn dáng, mang lại sự thoải mái tối đa.</p><ul><li>Chất liệu: 100% Cao cấp</li><li>Tính năng: Thấm hút mồ hôi, co giãn 4 chiều</li><li>Thương hiệu: Axeron</li></ul>",,"Áo Khoác Nam"
265,"Áo Khoác Dù Nam Puma Active","<p>Đây là <strong>Áo Khoác Dù Nam Puma Active</strong>. Sản phẩm chính hãng cao cấp, chất liệu siêu nhẹ, thoáng khí. Phù hợp cho mọi hoạt động thể thao cường độ cao. Thiết kế ôm form, tôn dáng, mang lại sự thoải mái tối đa.</p><ul><li>Chất liệu: 100% Cao cấp</li><li>Tính năng: Thấm hút mồ hôi, co giãn 4 chiều</li><li>Thương hiệu: Axeron</li></ul>",,"Áo Khoác Nam"
266,"Áo Khoác Nỉ Thể Thao Nam Reebok","<p>Đây là <strong>Áo Khoác Nỉ Thể Thao Nam Reebok</strong>. Sản phẩm chính hãng cao cấp, chất liệu siêu nhẹ, thoáng khí. Phù hợp cho mọi hoạt động thể thao cường độ cao. Thiết kế ôm form, tôn dáng, mang lại sự thoải mái tối đa.</p><ul><li>Chất liệu: 100% Cao cấp</li><li>Tính năng: Thấm hút mồ hôi, co giãn 4 chiều</li><li>Thương hiệu: Axeron</li></ul>",,"Áo Khoác Nam"
267,"Quần Short Thể Thao DL Training 2024","<p>Đây là <strong>Quần Short Thể Thao DL Training 2024</strong>. Sản phẩm chính hãng cao cấp, chất liệu siêu nhẹ, thoáng khí. Phù hợp cho mọi hoạt động thể thao cường độ cao. Thiết kế ôm form, tôn dáng, mang lại sự thoải mái tối đa.</p><ul><li>Chất liệu: 100% Cao cấp</li><li>Tính năng: Thấm hút mồ hôi, co giãn 4 chiều</li><li>Thương hiệu: Axeron</li></ul>",,"Quần Short Nam"
268,"Quần Short Nike Dri-FIT 5 inch","<p>Đây là <strong>Quần Short Nike Dri-FIT 5 inch</strong>. Sản phẩm chính hãng cao cấp, chất liệu siêu nhẹ, thoáng khí. Phù hợp cho mọi hoạt động thể thao cường độ cao. Thiết kế ôm form, tôn dáng, mang lại sự thoải mái tối đa.</p><ul><li>Chất liệu: 100% Cao cấp</li><li>Tính năng: Thấm hút mồ hôi, co giãn 4 chiều</li><li>Thương hiệu: Axeron</li></ul>",,"Quần Short Nam"
269,"Quần Short Nam Adidas Designed 2 Move","<p>Đây là <strong>Quần Short Nam Adidas Designed 2 Move</strong>. Sản phẩm chính hãng cao cấp, chất liệu siêu nhẹ, thoáng khí. Phù hợp cho mọi hoạt động thể thao cường độ cao. Thiết kế ôm form, tôn dáng, mang lại sự thoải mái tối đa.</p><ul><li>Chất liệu: 100% Cao cấp</li><li>Tính năng: Thấm hút mồ hôi, co giãn 4 chiều</li><li>Thương hiệu: Axeron</li></ul>",,"Quần Short Nam"
270,"Quần Short Nam Under Armour Launch","<p>Đây là <strong>Quần Short Nam Under Armour Launch</strong>. Sản phẩm chính hãng cao cấp, chất liệu siêu nhẹ, thoáng khí. Phù hợp cho mọi hoạt động thể thao cường độ cao. Thiết kế ôm form, tôn dáng, mang lại sự thoải mái tối đa.</p><ul><li>Chất liệu: 100% Cao cấp</li><li>Tính năng: Thấm hút mồ hôi, co giãn 4 chiều</li><li>Thương hiệu: Axeron</li></ul>",,"Quần Short Nam"
271,"Quần Short Tập Gym Nam Puma","<p>Đây là <strong>Quần Short Tập Gym Nam Puma</strong>. Sản phẩm chính hãng cao cấp, chất liệu siêu nhẹ, thoáng khí. Phù hợp cho mọi hoạt động thể thao cường độ cao. Thiết kế ôm form, tôn dáng, mang lại sự thoải mái tối đa.</p><ul><li>Chất liệu: 100% Cao cấp</li><li>Tính năng: Thấm hút mồ hôi, co giãn 4 chiều</li><li>Thương hiệu: Axeron</li></ul>",,"Quần Short Nam"
272,"Quần Short Chạy Bộ Nam Reebok","<p>Đây là <strong>Quần Short Chạy Bộ Nam Reebok</strong>. Sản phẩm chính hãng cao cấp, chất liệu siêu nhẹ, thoáng khí. Phù hợp cho mọi hoạt động thể thao cường độ cao. Thiết kế ôm form, tôn dáng, mang lại sự thoải mái tối đa.</p><ul><li>Chất liệu: 100% Cao cấp</li><li>Tính năng: Thấm hút mồ hôi, co giãn 4 chiều</li><li>Thương hiệu: Axeron</li></ul>",,"Quần Short Nam"
273,"Quần Short Thể Thao Asics Nam","<p>Đây là <strong>Quần Short Thể Thao Asics Nam</strong>. Sản phẩm chính hãng cao cấp, chất liệu siêu nhẹ, thoáng khí. Phù hợp cho mọi hoạt động thể thao cường độ cao. Thiết kế ôm form, tôn dáng, mang lại sự thoải mái tối đa.</p><ul><li>Chất liệu: 100% Cao cấp</li><li>Tính năng: Thấm hút mồ hôi, co giãn 4 chiều</li><li>Thương hiệu: Axeron</li></ul>",,"Quần Short Nam"
274,"Quần Short Nam DL Core Pro","<p>Đây là <strong>Quần Short Nam DL Core Pro</strong>. Sản phẩm chính hãng cao cấp, chất liệu siêu nhẹ, thoáng khí. Phù hợp cho mọi hoạt động thể thao cường độ cao. Thiết kế ôm form, tôn dáng, mang lại sự thoải mái tối đa.</p><ul><li>Chất liệu: 100% Cao cấp</li><li>Tính năng: Thấm hút mồ hôi, co giãn 4 chiều</li><li>Thương hiệu: Axeron</li></ul>",,"Quần Short Nam"
275,"Quần Dài Nam Signature 8E6D","<p>Đây là <strong>Quần Dài Nam Signature 8E6D</strong>. Sản phẩm chính hãng cao cấp, chất liệu siêu nhẹ, thoáng khí. Phù hợp cho mọi hoạt động thể thao cường độ cao. Thiết kế ôm form, tôn dáng, mang lại sự thoải mái tối đa.</p><ul><li>Chất liệu: 100% Cao cấp</li><li>Tính năng: Thấm hút mồ hôi, co giãn 4 chiều</li><li>Thương hiệu: Axeron</li></ul>",,"Quần Dài Nam"
276,"Quần Dài Nam Signature DAF8","<p>Đây là <strong>Quần Dài Nam Signature DAF8</strong>. Sản phẩm chính hãng cao cấp, chất liệu siêu nhẹ, thoáng khí. Phù hợp cho mọi hoạt động thể thao cường độ cao. Thiết kế ôm form, tôn dáng, mang lại sự thoải mái tối đa.</p><ul><li>Chất liệu: 100% Cao cấp</li><li>Tính năng: Thấm hút mồ hôi, co giãn 4 chiều</li><li>Thương hiệu: Axeron</li></ul>",,"Quần Dài Nam"
277,"Quần Dài Thể Thao Nam DL Tech","<p>Đây là <strong>Quần Dài Thể Thao Nam DL Tech</strong>. Sản phẩm chính hãng cao cấp, chất liệu siêu nhẹ, thoáng khí. Phù hợp cho mọi hoạt động thể thao cường độ cao. Thiết kế ôm form, tôn dáng, mang lại sự thoải mái tối đa.</p><ul><li>Chất liệu: 100% Cao cấp</li><li>Tính năng: Thấm hút mồ hôi, co giãn 4 chiều</li><li>Thương hiệu: Axeron</li></ul>",,"Quần Dài Nam"
278,"Quần Jogger Nam Adidas Essentials","<p>Đây là <strong>Quần Jogger Nam Adidas Essentials</strong>. Sản phẩm chính hãng cao cấp, chất liệu siêu nhẹ, thoáng khí. Phù hợp cho mọi hoạt động thể thao cường độ cao. Thiết kế ôm form, tôn dáng, mang lại sự thoải mái tối đa.</p><ul><li>Chất liệu: 100% Cao cấp</li><li>Tính năng: Thấm hút mồ hôi, co giãn 4 chiều</li><li>Thương hiệu: Axeron</li></ul>",,"Quần Dài Nam"
279,"Quần Track Pants Nam Nike Dri-FIT","<p>Đây là <strong>Quần Track Pants Nam Nike Dri-FIT</strong>. Sản phẩm chính hãng cao cấp, chất liệu siêu nhẹ, thoáng khí. Phù hợp cho mọi hoạt động thể thao cường độ cao. Thiết kế ôm form, tôn dáng, mang lại sự thoải mái tối đa.</p><ul><li>Chất liệu: 100% Cao cấp</li><li>Tính năng: Thấm hút mồ hôi, co giãn 4 chiều</li><li>Thương hiệu: Axeron</li></ul>",,"Quần Dài Nam"
280,"Quần Dài Nam Under Armour Rival","<p>Đây là <strong>Quần Dài Nam Under Armour Rival</strong>. Sản phẩm chính hãng cao cấp, chất liệu siêu nhẹ, thoáng khí. Phù hợp cho mọi hoạt động thể thao cường độ cao. Thiết kế ôm form, tôn dáng, mang lại sự thoải mái tối đa.</p><ul><li>Chất liệu: 100% Cao cấp</li><li>Tính năng: Thấm hút mồ hôi, co giãn 4 chiều</li><li>Thương hiệu: Axeron</li></ul>",,"Quần Dài Nam"
281,"Quần Thể Thao Nam Puma Iconic","<p>Đây là <strong>Quần Thể Thao Nam Puma Iconic</strong>. Sản phẩm chính hãng cao cấp, chất liệu siêu nhẹ, thoáng khí. Phù hợp cho mọi hoạt động thể thao cường độ cao. Thiết kế ôm form, tôn dáng, mang lại sự thoải mái tối đa.</p><ul><li>Chất liệu: 100% Cao cấp</li><li>Tính năng: Thấm hút mồ hôi, co giãn 4 chiều</li><li>Thương hiệu: Axeron</li></ul>",,"Quần Dài Nam"
282,"Quần Dài Tập Gym Nam Reebok","<p>Đây là <strong>Quần Dài Tập Gym Nam Reebok</strong>. Sản phẩm chính hãng cao cấp, chất liệu siêu nhẹ, thoáng khí. Phù hợp cho mọi hoạt động thể thao cường độ cao. Thiết kế ôm form, tôn dáng, mang lại sự thoải mái tối đa.</p><ul><li>Chất liệu: 100% Cao cấp</li><li>Tính năng: Thấm hút mồ hôi, co giãn 4 chiều</li><li>Thương hiệu: Axeron</li></ul>",,"Quần Dài Nam"
283,"Giày Chạy Bộ Nữ Signature 6DE3","<p>Đây là <strong>Giày Chạy Bộ Nữ Signature 6DE3</strong>. Sản phẩm chính hãng cao cấp, chất liệu siêu nhẹ, thoáng khí. Phù hợp cho mọi hoạt động thể thao cường độ cao. Thiết kế ôm form, tôn dáng, mang lại sự thoải mái tối đa.</p><ul><li>Chất liệu: 100% Cao cấp</li><li>Tính năng: Thấm hút mồ hôi, co giãn 4 chiều</li><li>Thương hiệu: Axeron</li></ul>",,"Giày Chạy Bộ Nữ"
284,"Giày Chạy Bộ Nữ Signature 5F21","<p>Đây là <strong>Giày Chạy Bộ Nữ Signature 5F21</strong>. Sản phẩm chính hãng cao cấp, chất liệu siêu nhẹ, thoáng khí. Phù hợp cho mọi hoạt động thể thao cường độ cao. Thiết kế ôm form, tôn dáng, mang lại sự thoải mái tối đa.</p><ul><li>Chất liệu: 100% Cao cấp</li><li>Tính năng: Thấm hút mồ hôi, co giãn 4 chiều</li><li>Thương hiệu: Axeron</li></ul>",,"Giày Chạy Bộ Nữ"
285,"Giày Chạy Bộ Nữ DL DL-Fly 2","<p>Đây là <strong>Giày Chạy Bộ Nữ DL DL-Fly 2</strong>. Sản phẩm chính hãng cao cấp, chất liệu siêu nhẹ, thoáng khí. Phù hợp cho mọi hoạt động thể thao cường độ cao. Thiết kế ôm form, tôn dáng, mang lại sự thoải mái tối đa.</p><ul><li>Chất liệu: 100% Cao cấp</li><li>Tính năng: Thấm hút mồ hôi, co giãn 4 chiều</li><li>Thương hiệu: Axeron</li></ul>",,"Giày Chạy Bộ Nữ"
286,"Giày Nike Air Zoom Pegasus Nữ","<p>Đây là <strong>Giày Nike Air Zoom Pegasus Nữ</strong>. Sản phẩm chính hãng cao cấp, chất liệu siêu nhẹ, thoáng khí. Phù hợp cho mọi hoạt động thể thao cường độ cao. Thiết kế ôm form, tôn dáng, mang lại sự thoải mái tối đa.</p><ul><li>Chất liệu: 100% Cao cấp</li><li>Tính năng: Thấm hút mồ hôi, co giãn 4 chiều</li><li>Thương hiệu: Axeron</li></ul>",,"Giày Chạy Bộ Nữ"
287,"Giày Adidas Ultraboost Light Nữ","<p>Đây là <strong>Giày Adidas Ultraboost Light Nữ</strong>. Sản phẩm chính hãng cao cấp, chất liệu siêu nhẹ, thoáng khí. Phù hợp cho mọi hoạt động thể thao cường độ cao. Thiết kế ôm form, tôn dáng, mang lại sự thoải mái tối đa.</p><ul><li>Chất liệu: 100% Cao cấp</li><li>Tính năng: Thấm hút mồ hôi, co giãn 4 chiều</li><li>Thương hiệu: Axeron</li></ul>",,"Giày Chạy Bộ Nữ"
288,"Giày ASICS Gel-Kayano 30 Nữ","<p>Đây là <strong>Giày ASICS Gel-Kayano 30 Nữ</strong>. Sản phẩm chính hãng cao cấp, chất liệu siêu nhẹ, thoáng khí. Phù hợp cho mọi hoạt động thể thao cường độ cao. Thiết kế ôm form, tôn dáng, mang lại sự thoải mái tối đa.</p><ul><li>Chất liệu: 100% Cao cấp</li><li>Tính năng: Thấm hút mồ hôi, co giãn 4 chiều</li><li>Thương hiệu: Axeron</li></ul>",,"Giày Chạy Bộ Nữ"
289,"Giày Puma Velocity Nitro Nữ","<p>Đây là <strong>Giày Puma Velocity Nitro Nữ</strong>. Sản phẩm chính hãng cao cấp, chất liệu siêu nhẹ, thoáng khí. Phù hợp cho mọi hoạt động thể thao cường độ cao. Thiết kế ôm form, tôn dáng, mang lại sự thoải mái tối đa.</p><ul><li>Chất liệu: 100% Cao cấp</li><li>Tính năng: Thấm hút mồ hôi, co giãn 4 chiều</li><li>Thương hiệu: Axeron</li></ul>",,"Giày Chạy Bộ Nữ"
290,"Giày New Balance Gel Nữ","<p>Đây là <strong>Giày New Balance Gel Nữ</strong>. Sản phẩm chính hãng cao cấp, chất liệu siêu nhẹ, thoáng khí. Phù hợp cho mọi hoạt động thể thao cường độ cao. Thiết kế ôm form, tôn dáng, mang lại sự thoải mái tối đa.</p><ul><li>Chất liệu: 100% Cao cấp</li><li>Tính năng: Thấm hút mồ hôi, co giãn 4 chiều</li><li>Thương hiệu: Axeron</li></ul>",,"Giày Chạy Bộ Nữ"
291,"Giày Cầu Lông Nữ Yonex SHB-01MXLX","<p>Đây là <strong>Giày Cầu Lông Nữ Yonex SHB-01MXLX</strong>. Sản phẩm chính hãng cao cấp, chất liệu siêu nhẹ, thoáng khí. Phù hợp cho mọi hoạt động thể thao cường độ cao. Thiết kế ôm form, tôn dáng, mang lại sự thoải mái tối đa.</p><ul><li>Chất liệu: 100% Cao cấp</li><li>Tính năng: Thấm hút mồ hôi, co giãn 4 chiều</li><li>Thương hiệu: Axeron</li></ul>",,"Giày Cầu Lông Nữ"
292,"Giày Cầu Lông Nữ DL Wing Lite","<p>Đây là <strong>Giày Cầu Lông Nữ DL Wing Lite</strong>. Sản phẩm chính hãng cao cấp, chất liệu siêu nhẹ, thoáng khí. Phù hợp cho mọi hoạt động thể thao cường độ cao. Thiết kế ôm form, tôn dáng, mang lại sự thoải mái tối đa.</p><ul><li>Chất liệu: 100% Cao cấp</li><li>Tính năng: Thấm hút mồ hôi, co giãn 4 chiều</li><li>Thương hiệu: Axeron</li></ul>",,"Giày Cầu Lông Nữ"
293,"Giày Cầu Lông Nữ Lining Halbertec","<p>Đây là <strong>Giày Cầu Lông Nữ Lining Halbertec</strong>. Sản phẩm chính hãng cao cấp, chất liệu siêu nhẹ, thoáng khí. Phù hợp cho mọi hoạt động thể thao cường độ cao. Thiết kế ôm form, tôn dáng, mang lại sự thoải mái tối đa.</p><ul><li>Chất liệu: 100% Cao cấp</li><li>Tính năng: Thấm hút mồ hôi, co giãn 4 chiều</li><li>Thương hiệu: Axeron</li></ul>",,"Giày Cầu Lông Nữ"
294,"Giày Cầu Lông Nữ Victor A970W","<p>Đây là <strong>Giày Cầu Lông Nữ Victor A970W</strong>. Sản phẩm chính hãng cao cấp, chất liệu siêu nhẹ, thoáng khí. Phù hợp cho mọi hoạt động thể thao cường độ cao. Thiết kế ôm form, tôn dáng, mang lại sự thoải mái tối đa.</p><ul><li>Chất liệu: 100% Cao cấp</li><li>Tính năng: Thấm hút mồ hôi, co giãn 4 chiều</li><li>Thương hiệu: Axeron</li></ul>",,"Giày Cầu Lông Nữ"
295,"Giày Cầu Lông Nữ Kawasaki K086W","<p>Đây là <strong>Giày Cầu Lông Nữ Kawasaki K086W</strong>. Sản phẩm chính hãng cao cấp, chất liệu siêu nhẹ, thoáng khí. Phù hợp cho mọi hoạt động thể thao cường độ cao. Thiết kế ôm form, tôn dáng, mang lại sự thoải mái tối đa.</p><ul><li>Chất liệu: 100% Cao cấp</li><li>Tính năng: Thấm hút mồ hôi, co giãn 4 chiều</li><li>Thương hiệu: Axeron</li></ul>",,"Giày Cầu Lông Nữ"
296,"Giày Cầu Lông Nữ Mizuno Wave Fang","<p>Đây là <strong>Giày Cầu Lông Nữ Mizuno Wave Fang</strong>. Sản phẩm chính hãng cao cấp, chất liệu siêu nhẹ, thoáng khí. Phù hợp cho mọi hoạt động thể thao cường độ cao. Thiết kế ôm form, tôn dáng, mang lại sự thoải mái tối đa.</p><ul><li>Chất liệu: 100% Cao cấp</li><li>Tính năng: Thấm hút mồ hôi, co giãn 4 chiều</li><li>Thương hiệu: Axeron</li></ul>",,"Giày Cầu Lông Nữ"
297,"Giày Cầu Lông Nữ Kumpoo K520W","<p>Đây là <strong>Giày Cầu Lông Nữ Kumpoo K520W</strong>. Sản phẩm chính hãng cao cấp, chất liệu siêu nhẹ, thoáng khí. Phù hợp cho mọi hoạt động thể thao cường độ cao. Thiết kế ôm form, tôn dáng, mang lại sự thoải mái tối đa.</p><ul><li>Chất liệu: 100% Cao cấp</li><li>Tính năng: Thấm hút mồ hôi, co giãn 4 chiều</li><li>Thương hiệu: Axeron</li></ul>",,"Giày Cầu Lông Nữ"
298,"Giày Cầu Lông Nữ Asics Gel-Blade","<p>Đây là <strong>Giày Cầu Lông Nữ Asics Gel-Blade</strong>. Sản phẩm chính hãng cao cấp, chất liệu siêu nhẹ, thoáng khí. Phù hợp cho mọi hoạt động thể thao cường độ cao. Thiết kế ôm form, tôn dáng, mang lại sự thoải mái tối đa.</p><ul><li>Chất liệu: 100% Cao cấp</li><li>Tính năng: Thấm hút mồ hôi, co giãn 4 chiều</li><li>Thương hiệu: Axeron</li></ul>",,"Giày Cầu Lông Nữ"
299,"Giày Thể Thao Nữ Signature 97E1","<p>Đây là <strong>Giày Thể Thao Nữ Signature 97E1</strong>. Sản phẩm chính hãng cao cấp, chất liệu siêu nhẹ, thoáng khí. Phù hợp cho mọi hoạt động thể thao cường độ cao. Thiết kế ôm form, tôn dáng, mang lại sự thoải mái tối đa.</p><ul><li>Chất liệu: 100% Cao cấp</li><li>Tính năng: Thấm hút mồ hôi, co giãn 4 chiều</li><li>Thương hiệu: Axeron</li></ul>",,"Giày Thể Thao Nữ"
300,"Giày Thể Thao Nữ Signature 5703","<p>Đây là <strong>Giày Thể Thao Nữ Signature 5703</strong>. Sản phẩm chính hãng cao cấp, chất liệu siêu nhẹ, thoáng khí. Phù hợp cho mọi hoạt động thể thao cường độ cao. Thiết kế ôm form, tôn dáng, mang lại sự thoải mái tối đa.</p><ul><li>Chất liệu: 100% Cao cấp</li><li>Tính năng: Thấm hút mồ hôi, co giãn 4 chiều</li><li>Thương hiệu: Axeron</li></ul>",,"Giày Thể Thao Nữ"
301,"Giày Thể Thao Nữ Nike Metcon 8W","<p>Đây là <strong>Giày Thể Thao Nữ Nike Metcon 8W</strong>. Sản phẩm chính hãng cao cấp, chất liệu siêu nhẹ, thoáng khí. Phù hợp cho mọi hoạt động thể thao cường độ cao. Thiết kế ôm form, tôn dáng, mang lại sự thoải mái tối đa.</p><ul><li>Chất liệu: 100% Cao cấp</li><li>Tính năng: Thấm hút mồ hôi, co giãn 4 chiều</li><li>Thương hiệu: Axeron</li></ul>",,"Giày Thể Thao Nữ"
302,"Giày Thể Thao Nữ Adidas Dropset W","<p>Đây là <strong>Giày Thể Thao Nữ Adidas Dropset W</strong>. Sản phẩm chính hãng cao cấp, chất liệu siêu nhẹ, thoáng khí. Phù hợp cho mọi hoạt động thể thao cường độ cao. Thiết kế ôm form, tôn dáng, mang lại sự thoải mái tối đa.</p><ul><li>Chất liệu: 100% Cao cấp</li><li>Tính năng: Thấm hút mồ hôi, co giãn 4 chiều</li><li>Thương hiệu: Axeron</li></ul>",,"Giày Thể Thao Nữ"
303,"Giày Thể Thao Nữ Reebok Nano X3W","<p>Đây là <strong>Giày Thể Thao Nữ Reebok Nano X3W</strong>. Sản phẩm chính hãng cao cấp, chất liệu siêu nhẹ, thoáng khí. Phù hợp cho mọi hoạt động thể thao cường độ cao. Thiết kế ôm form, tôn dáng, mang lại sự thoải mái tối đa.</p><ul><li>Chất liệu: 100% Cao cấp</li><li>Tính năng: Thấm hút mồ hôi, co giãn 4 chiều</li><li>Thương hiệu: Axeron</li></ul>",,"Giày Thể Thao Nữ"
304,"Giày Thể Thao Nữ Puma Fuse W","<p>Đây là <strong>Giày Thể Thao Nữ Puma Fuse W</strong>. Sản phẩm chính hãng cao cấp, chất liệu siêu nhẹ, thoáng khí. Phù hợp cho mọi hoạt động thể thao cường độ cao. Thiết kế ôm form, tôn dáng, mang lại sự thoải mái tối đa.</p><ul><li>Chất liệu: 100% Cao cấp</li><li>Tính năng: Thấm hút mồ hôi, co giãn 4 chiều</li><li>Thương hiệu: Axeron</li></ul>",,"Giày Thể Thao Nữ"
305,"Giày Thể Thao Nữ Under Armour W","<p>Đây là <strong>Giày Thể Thao Nữ Under Armour W</strong>. Sản phẩm chính hãng cao cấp, chất liệu siêu nhẹ, thoáng khí. Phù hợp cho mọi hoạt động thể thao cường độ cao. Thiết kế ôm form, tôn dáng, mang lại sự thoải mái tối đa.</p><ul><li>Chất liệu: 100% Cao cấp</li><li>Tính năng: Thấm hút mồ hôi, co giãn 4 chiều</li><li>Thương hiệu: Axeron</li></ul>",,"Giày Thể Thao Nữ"
306,"Giày Thể Thao Nữ DL Active Core","<p>Đây là <strong>Giày Thể Thao Nữ DL Active Core</strong>. Sản phẩm chính hãng cao cấp, chất liệu siêu nhẹ, thoáng khí. Phù hợp cho mọi hoạt động thể thao cường độ cao. Thiết kế ôm form, tôn dáng, mang lại sự thoải mái tối đa.</p><ul><li>Chất liệu: 100% Cao cấp</li><li>Tính năng: Thấm hút mồ hôi, co giãn 4 chiều</li><li>Thương hiệu: Axeron</li></ul>",,"Giày Thể Thao Nữ"
307,"Dép Nữ Signature 7247","<p>Đây là <strong>Dép Nữ Signature 7247</strong>. Sản phẩm chính hãng cao cấp, chất liệu siêu nhẹ, thoáng khí. Phù hợp cho mọi hoạt động thể thao cường độ cao. Thiết kế ôm form, tôn dáng, mang lại sự thoải mái tối đa.</p><ul><li>Chất liệu: 100% Cao cấp</li><li>Tính năng: Thấm hút mồ hôi, co giãn 4 chiều</li><li>Thương hiệu: Axeron</li></ul>",,"Dép Nữ"
308,"Dép Nữ Signature 3EB5","<p>Đây là <strong>Dép Nữ Signature 3EB5</strong>. Sản phẩm chính hãng cao cấp, chất liệu siêu nhẹ, thoáng khí. Phù hợp cho mọi hoạt động thể thao cường độ cao. Thiết kế ôm form, tôn dáng, mang lại sự thoải mái tối đa.</p><ul><li>Chất liệu: 100% Cao cấp</li><li>Tính năng: Thấm hút mồ hôi, co giãn 4 chiều</li><li>Thương hiệu: Axeron</li></ul>",,"Dép Nữ"
309,"Dép Nữ Thể Thao Quai Ngang DL","<p>Đây là <strong>Dép Nữ Thể Thao Quai Ngang DL</strong>. Sản phẩm chính hãng cao cấp, chất liệu siêu nhẹ, thoáng khí. Phù hợp cho mọi hoạt động thể thao cường độ cao. Thiết kế ôm form, tôn dáng, mang lại sự thoải mái tối đa.</p><ul><li>Chất liệu: 100% Cao cấp</li><li>Tính năng: Thấm hút mồ hôi, co giãn 4 chiều</li><li>Thương hiệu: Axeron</li></ul>",,"Dép Nữ"
310,"Dép Nữ Adidas Adilette Aqua","<p>Đây là <strong>Dép Nữ Adidas Adilette Aqua</strong>. Sản phẩm chính hãng cao cấp, chất liệu siêu nhẹ, thoáng khí. Phù hợp cho mọi hoạt động thể thao cường độ cao. Thiết kế ôm form, tôn dáng, mang lại sự thoải mái tối đa.</p><ul><li>Chất liệu: 100% Cao cấp</li><li>Tính năng: Thấm hút mồ hôi, co giãn 4 chiều</li><li>Thương hiệu: Axeron</li></ul>",,"Dép Nữ"
311,"Dép Nữ Nike Victori One Slide","<p>Đây là <strong>Dép Nữ Nike Victori One Slide</strong>. Sản phẩm chính hãng cao cấp, chất liệu siêu nhẹ, thoáng khí. Phù hợp cho mọi hoạt động thể thao cường độ cao. Thiết kế ôm form, tôn dáng, mang lại sự thoải mái tối đa.</p><ul><li>Chất liệu: 100% Cao cấp</li><li>Tính năng: Thấm hút mồ hôi, co giãn 4 chiều</li><li>Thương hiệu: Axeron</li></ul>",,"Dép Nữ"
312,"Dép Nữ Puma Popcat W","<p>Đây là <strong>Dép Nữ Puma Popcat W</strong>. Sản phẩm chính hãng cao cấp, chất liệu siêu nhẹ, thoáng khí. Phù hợp cho mọi hoạt động thể thao cường độ cao. Thiết kế ôm form, tôn dáng, mang lại sự thoải mái tối đa.</p><ul><li>Chất liệu: 100% Cao cấp</li><li>Tính năng: Thấm hút mồ hôi, co giãn 4 chiều</li><li>Thương hiệu: Axeron</li></ul>",,"Dép Nữ"
313,"Dép Nữ Phục Hồi OOFOS OOriginal","<p>Đây là <strong>Dép Nữ Phục Hồi OOFOS OOriginal</strong>. Sản phẩm chính hãng cao cấp, chất liệu siêu nhẹ, thoáng khí. Phù hợp cho mọi hoạt động thể thao cường độ cao. Thiết kế ôm form, tôn dáng, mang lại sự thoải mái tối đa.</p><ul><li>Chất liệu: 100% Cao cấp</li><li>Tính năng: Thấm hút mồ hôi, co giãn 4 chiều</li><li>Thương hiệu: Axeron</li></ul>",,"Dép Nữ"
314,"Dép Xỏ Ngón Nữ Havaianas Slim","<p>Đây là <strong>Dép Xỏ Ngón Nữ Havaianas Slim</strong>. Sản phẩm chính hãng cao cấp, chất liệu siêu nhẹ, thoáng khí. Phù hợp cho mọi hoạt động thể thao cường độ cao. Thiết kế ôm form, tôn dáng, mang lại sự thoải mái tối đa.</p><ul><li>Chất liệu: 100% Cao cấp</li><li>Tính năng: Thấm hút mồ hôi, co giãn 4 chiều</li><li>Thương hiệu: Axeron</li></ul>",,"Dép Nữ"
315,"Áo Phông Nữ - Phiên Bản Cao Cấp 1","<p>Đây là <strong>Áo Phông Nữ - Phiên Bản Cao Cấp 1</strong>. Sản phẩm chính hãng cao cấp, chất liệu siêu nhẹ, thoáng khí. Phù hợp cho mọi hoạt động thể thao cường độ cao. Thiết kế ôm form, tôn dáng, mang lại sự thoải mái tối đa.</p><ul><li>Chất liệu: 100% Cao cấp</li><li>Tính năng: Thấm hút mồ hôi, co giãn 4 chiều</li><li>Thương hiệu: Axeron</li></ul>",,"Áo Phông Nữ"
316,"Áo Phông Nữ - Phiên Bản Cao Cấp 2","<p>Đây là <strong>Áo Phông Nữ - Phiên Bản Cao Cấp 2</strong>. Sản phẩm chính hãng cao cấp, chất liệu siêu nhẹ, thoáng khí. Phù hợp cho mọi hoạt động thể thao cường độ cao. Thiết kế ôm form, tôn dáng, mang lại sự thoải mái tối đa.</p><ul><li>Chất liệu: 100% Cao cấp</li><li>Tính năng: Thấm hút mồ hôi, co giãn 4 chiều</li><li>Thương hiệu: Axeron</li></ul>",,"Áo Phông Nữ"
317,"Áo Phông Nữ - Phiên Bản Cao Cấp 3","<p>Đây là <strong>Áo Phông Nữ - Phiên Bản Cao Cấp 3</strong>. Sản phẩm chính hãng cao cấp, chất liệu siêu nhẹ, thoáng khí. Phù hợp cho mọi hoạt động thể thao cường độ cao. Thiết kế ôm form, tôn dáng, mang lại sự thoải mái tối đa.</p><ul><li>Chất liệu: 100% Cao cấp</li><li>Tính năng: Thấm hút mồ hôi, co giãn 4 chiều</li><li>Thương hiệu: Axeron</li></ul>",,"Áo Phông Nữ"
318,"Áo Phông Nữ - Phiên Bản Cao Cấp 4","<p>Đây là <strong>Áo Phông Nữ - Phiên Bản Cao Cấp 4</strong>. Sản phẩm chính hãng cao cấp, chất liệu siêu nhẹ, thoáng khí. Phù hợp cho mọi hoạt động thể thao cường độ cao. Thiết kế ôm form, tôn dáng, mang lại sự thoải mái tối đa.</p><ul><li>Chất liệu: 100% Cao cấp</li><li>Tính năng: Thấm hút mồ hôi, co giãn 4 chiều</li><li>Thương hiệu: Axeron</li></ul>",,"Áo Phông Nữ"
319,"Áo Phông Nữ - Phiên Bản Cao Cấp 5","<p>Đây là <strong>Áo Phông Nữ - Phiên Bản Cao Cấp 5</strong>. Sản phẩm chính hãng cao cấp, chất liệu siêu nhẹ, thoáng khí. Phù hợp cho mọi hoạt động thể thao cường độ cao. Thiết kế ôm form, tôn dáng, mang lại sự thoải mái tối đa.</p><ul><li>Chất liệu: 100% Cao cấp</li><li>Tính năng: Thấm hút mồ hôi, co giãn 4 chiều</li><li>Thương hiệu: Axeron</li></ul>",,"Áo Phông Nữ"
320,"Áo Phông Nữ - Phiên Bản Cao Cấp 6","<p>Đây là <strong>Áo Phông Nữ - Phiên Bản Cao Cấp 6</strong>. Sản phẩm chính hãng cao cấp, chất liệu siêu nhẹ, thoáng khí. Phù hợp cho mọi hoạt động thể thao cường độ cao. Thiết kế ôm form, tôn dáng, mang lại sự thoải mái tối đa.</p><ul><li>Chất liệu: 100% Cao cấp</li><li>Tính năng: Thấm hút mồ hôi, co giãn 4 chiều</li><li>Thương hiệu: Axeron</li></ul>",,"Áo Phông Nữ"
321,"Áo Sport Bra - Phiên Bản Cao Cấp 1","<p>Đây là <strong>Áo Sport Bra - Phiên Bản Cao Cấp 1</strong>. Sản phẩm chính hãng cao cấp, chất liệu siêu nhẹ, thoáng khí. Phù hợp cho mọi hoạt động thể thao cường độ cao. Thiết kế ôm form, tôn dáng, mang lại sự thoải mái tối đa.</p><ul><li>Chất liệu: 100% Cao cấp</li><li>Tính năng: Thấm hút mồ hôi, co giãn 4 chiều</li><li>Thương hiệu: Axeron</li></ul>",,"Áo Sport Bra"
322,"Áo Sport Bra - Phiên Bản Cao Cấp 2","<p>Đây là <strong>Áo Sport Bra - Phiên Bản Cao Cấp 2</strong>. Sản phẩm chính hãng cao cấp, chất liệu siêu nhẹ, thoáng khí. Phù hợp cho mọi hoạt động thể thao cường độ cao. Thiết kế ôm form, tôn dáng, mang lại sự thoải mái tối đa.</p><ul><li>Chất liệu: 100% Cao cấp</li><li>Tính năng: Thấm hút mồ hôi, co giãn 4 chiều</li><li>Thương hiệu: Axeron</li></ul>",,"Áo Sport Bra"
323,"Áo Sport Bra - Phiên Bản Cao Cấp 3","<p>Đây là <strong>Áo Sport Bra - Phiên Bản Cao Cấp 3</strong>. Sản phẩm chính hãng cao cấp, chất liệu siêu nhẹ, thoáng khí. Phù hợp cho mọi hoạt động thể thao cường độ cao. Thiết kế ôm form, tôn dáng, mang lại sự thoải mái tối đa.</p><ul><li>Chất liệu: 100% Cao cấp</li><li>Tính năng: Thấm hút mồ hôi, co giãn 4 chiều</li><li>Thương hiệu: Axeron</li></ul>",,"Áo Sport Bra"
324,"Áo Sport Bra - Phiên Bản Cao Cấp 4","<p>Đây là <strong>Áo Sport Bra - Phiên Bản Cao Cấp 4</strong>. Sản phẩm chính hãng cao cấp, chất liệu siêu nhẹ, thoáng khí. Phù hợp cho mọi hoạt động thể thao cường độ cao. Thiết kế ôm form, tôn dáng, mang lại sự thoải mái tối đa.</p><ul><li>Chất liệu: 100% Cao cấp</li><li>Tính năng: Thấm hút mồ hôi, co giãn 4 chiều</li><li>Thương hiệu: Axeron</li></ul>",,"Áo Sport Bra"
325,"Áo Sport Bra - Phiên Bản Cao Cấp 5","<p>Đây là <strong>Áo Sport Bra - Phiên Bản Cao Cấp 5</strong>. Sản phẩm chính hãng cao cấp, chất liệu siêu nhẹ, thoáng khí. Phù hợp cho mọi hoạt động thể thao cường độ cao. Thiết kế ôm form, tôn dáng, mang lại sự thoải mái tối đa.</p><ul><li>Chất liệu: 100% Cao cấp</li><li>Tính năng: Thấm hút mồ hôi, co giãn 4 chiều</li><li>Thương hiệu: Axeron</li></ul>",,"Áo Sport Bra"
326,"Áo Sport Bra - Phiên Bản Cao Cấp 6","<p>Đây là <strong>Áo Sport Bra - Phiên Bản Cao Cấp 6</strong>. Sản phẩm chính hãng cao cấp, chất liệu siêu nhẹ, thoáng khí. Phù hợp cho mọi hoạt động thể thao cường độ cao. Thiết kế ôm form, tôn dáng, mang lại sự thoải mái tối đa.</p><ul><li>Chất liệu: 100% Cao cấp</li><li>Tính năng: Thấm hút mồ hôi, co giãn 4 chiều</li><li>Thương hiệu: Axeron</li></ul>",,"Áo Sport Bra"
327,"Quần Short Nữ - Phiên Bản Cao Cấp 1","<p>Đây là <strong>Quần Short Nữ - Phiên Bản Cao Cấp 1</strong>. Sản phẩm chính hãng cao cấp, chất liệu siêu nhẹ, thoáng khí. Phù hợp cho mọi hoạt động thể thao cường độ cao. Thiết kế ôm form, tôn dáng, mang lại sự thoải mái tối đa.</p><ul><li>Chất liệu: 100% Cao cấp</li><li>Tính năng: Thấm hút mồ hôi, co giãn 4 chiều</li><li>Thương hiệu: Axeron</li></ul>",,"Quần Short Nữ"
328,"Quần Short Nữ - Phiên Bản Cao Cấp 2","<p>Đây là <strong>Quần Short Nữ - Phiên Bản Cao Cấp 2</strong>. Sản phẩm chính hãng cao cấp, chất liệu siêu nhẹ, thoáng khí. Phù hợp cho mọi hoạt động thể thao cường độ cao. Thiết kế ôm form, tôn dáng, mang lại sự thoải mái tối đa.</p><ul><li>Chất liệu: 100% Cao cấp</li><li>Tính năng: Thấm hút mồ hôi, co giãn 4 chiều</li><li>Thương hiệu: Axeron</li></ul>",,"Quần Short Nữ"
329,"Quần Short Nữ - Phiên Bản Cao Cấp 3","<p>Đây là <strong>Quần Short Nữ - Phiên Bản Cao Cấp 3</strong>. Sản phẩm chính hãng cao cấp, chất liệu siêu nhẹ, thoáng khí. Phù hợp cho mọi hoạt động thể thao cường độ cao. Thiết kế ôm form, tôn dáng, mang lại sự thoải mái tối đa.</p><ul><li>Chất liệu: 100% Cao cấp</li><li>Tính năng: Thấm hút mồ hôi, co giãn 4 chiều</li><li>Thương hiệu: Axeron</li></ul>",,"Quần Short Nữ"
330,"Quần Short Nữ - Phiên Bản Cao Cấp 4","<p>Đây là <strong>Quần Short Nữ - Phiên Bản Cao Cấp 4</strong>. Sản phẩm chính hãng cao cấp, chất liệu siêu nhẹ, thoáng khí. Phù hợp cho mọi hoạt động thể thao cường độ cao. Thiết kế ôm form, tôn dáng, mang lại sự thoải mái tối đa.</p><ul><li>Chất liệu: 100% Cao cấp</li><li>Tính năng: Thấm hút mồ hôi, co giãn 4 chiều</li><li>Thương hiệu: Axeron</li></ul>",,"Quần Short Nữ"
331,"Quần Short Nữ - Phiên Bản Cao Cấp 5","<p>Đây là <strong>Quần Short Nữ - Phiên Bản Cao Cấp 5</strong>. Sản phẩm chính hãng cao cấp, chất liệu siêu nhẹ, thoáng khí. Phù hợp cho mọi hoạt động thể thao cường độ cao. Thiết kế ôm form, tôn dáng, mang lại sự thoải mái tối đa.</p><ul><li>Chất liệu: 100% Cao cấp</li><li>Tính năng: Thấm hút mồ hôi, co giãn 4 chiều</li><li>Thương hiệu: Axeron</li></ul>",,"Quần Short Nữ"
332,"Quần Short Nữ - Phiên Bản Cao Cấp 6","<p>Đây là <strong>Quần Short Nữ - Phiên Bản Cao Cấp 6</strong>. Sản phẩm chính hãng cao cấp, chất liệu siêu nhẹ, thoáng khí. Phù hợp cho mọi hoạt động thể thao cường độ cao. Thiết kế ôm form, tôn dáng, mang lại sự thoải mái tối đa.</p><ul><li>Chất liệu: 100% Cao cấp</li><li>Tính năng: Thấm hút mồ hôi, co giãn 4 chiều</li><li>Thương hiệu: Axeron</li></ul>",,"Quần Short Nữ"
333,"Quần Legging - Phiên Bản Cao Cấp 1","<p>Đây là <strong>Quần Legging - Phiên Bản Cao Cấp 1</strong>. Sản phẩm chính hãng cao cấp, chất liệu siêu nhẹ, thoáng khí. Phù hợp cho mọi hoạt động thể thao cường độ cao. Thiết kế ôm form, tôn dáng, mang lại sự thoải mái tối đa.</p><ul><li>Chất liệu: 100% Cao cấp</li><li>Tính năng: Thấm hút mồ hôi, co giãn 4 chiều</li><li>Thương hiệu: Axeron</li></ul>",,"Quần Legging"
334,"Quần Legging - Phiên Bản Cao Cấp 2","<p>Đây là <strong>Quần Legging - Phiên Bản Cao Cấp 2</strong>. Sản phẩm chính hãng cao cấp, chất liệu siêu nhẹ, thoáng khí. Phù hợp cho mọi hoạt động thể thao cường độ cao. Thiết kế ôm form, tôn dáng, mang lại sự thoải mái tối đa.</p><ul><li>Chất liệu: 100% Cao cấp</li><li>Tính năng: Thấm hút mồ hôi, co giãn 4 chiều</li><li>Thương hiệu: Axeron</li></ul>",,"Quần Legging"
335,"Quần Legging - Phiên Bản Cao Cấp 3","<p>Đây là <strong>Quần Legging - Phiên Bản Cao Cấp 3</strong>. Sản phẩm chính hãng cao cấp, chất liệu siêu nhẹ, thoáng khí. Phù hợp cho mọi hoạt động thể thao cường độ cao. Thiết kế ôm form, tôn dáng, mang lại sự thoải mái tối đa.</p><ul><li>Chất liệu: 100% Cao cấp</li><li>Tính năng: Thấm hút mồ hôi, co giãn 4 chiều</li><li>Thương hiệu: Axeron</li></ul>",,"Quần Legging"
336,"Quần Legging - Phiên Bản Cao Cấp 4","<p>Đây là <strong>Quần Legging - Phiên Bản Cao Cấp 4</strong>. Sản phẩm chính hãng cao cấp, chất liệu siêu nhẹ, thoáng khí. Phù hợp cho mọi hoạt động thể thao cường độ cao. Thiết kế ôm form, tôn dáng, mang lại sự thoải mái tối đa.</p><ul><li>Chất liệu: 100% Cao cấp</li><li>Tính năng: Thấm hút mồ hôi, co giãn 4 chiều</li><li>Thương hiệu: Axeron</li></ul>",,"Quần Legging"
337,"Quần Legging - Phiên Bản Cao Cấp 5","<p>Đây là <strong>Quần Legging - Phiên Bản Cao Cấp 5</strong>. Sản phẩm chính hãng cao cấp, chất liệu siêu nhẹ, thoáng khí. Phù hợp cho mọi hoạt động thể thao cường độ cao. Thiết kế ôm form, tôn dáng, mang lại sự thoải mái tối đa.</p><ul><li>Chất liệu: 100% Cao cấp</li><li>Tính năng: Thấm hút mồ hôi, co giãn 4 chiều</li><li>Thương hiệu: Axeron</li></ul>",,"Quần Legging"
338,"Quần Legging - Phiên Bản Cao Cấp 6","<p>Đây là <strong>Quần Legging - Phiên Bản Cao Cấp 6</strong>. Sản phẩm chính hãng cao cấp, chất liệu siêu nhẹ, thoáng khí. Phù hợp cho mọi hoạt động thể thao cường độ cao. Thiết kế ôm form, tôn dáng, mang lại sự thoải mái tối đa.</p><ul><li>Chất liệu: 100% Cao cấp</li><li>Tính năng: Thấm hút mồ hôi, co giãn 4 chiều</li><li>Thương hiệu: Axeron</li></ul>",,"Quần Legging"
339,"Chân Váy - Phiên Bản Cao Cấp 1","<p>Đây là <strong>Chân Váy - Phiên Bản Cao Cấp 1</strong>. Sản phẩm chính hãng cao cấp, chất liệu siêu nhẹ, thoáng khí. Phù hợp cho mọi hoạt động thể thao cường độ cao. Thiết kế ôm form, tôn dáng, mang lại sự thoải mái tối đa.</p><ul><li>Chất liệu: 100% Cao cấp</li><li>Tính năng: Thấm hút mồ hôi, co giãn 4 chiều</li><li>Thương hiệu: Axeron</li></ul>",,"Chân Váy"
340,"Chân Váy - Phiên Bản Cao Cấp 2","<p>Đây là <strong>Chân Váy - Phiên Bản Cao Cấp 2</strong>. Sản phẩm chính hãng cao cấp, chất liệu siêu nhẹ, thoáng khí. Phù hợp cho mọi hoạt động thể thao cường độ cao. Thiết kế ôm form, tôn dáng, mang lại sự thoải mái tối đa.</p><ul><li>Chất liệu: 100% Cao cấp</li><li>Tính năng: Thấm hút mồ hôi, co giãn 4 chiều</li><li>Thương hiệu: Axeron</li></ul>",,"Chân Váy"
341,"Chân Váy - Phiên Bản Cao Cấp 3","<p>Đây là <strong>Chân Váy - Phiên Bản Cao Cấp 3</strong>. Sản phẩm chính hãng cao cấp, chất liệu siêu nhẹ, thoáng khí. Phù hợp cho mọi hoạt động thể thao cường độ cao. Thiết kế ôm form, tôn dáng, mang lại sự thoải mái tối đa.</p><ul><li>Chất liệu: 100% Cao cấp</li><li>Tính năng: Thấm hút mồ hôi, co giãn 4 chiều</li><li>Thương hiệu: Axeron</li></ul>",,"Chân Váy"
342,"Chân Váy - Phiên Bản Cao Cấp 4","<p>Đây là <strong>Chân Váy - Phiên Bản Cao Cấp 4</strong>. Sản phẩm chính hãng cao cấp, chất liệu siêu nhẹ, thoáng khí. Phù hợp cho mọi hoạt động thể thao cường độ cao. Thiết kế ôm form, tôn dáng, mang lại sự thoải mái tối đa.</p><ul><li>Chất liệu: 100% Cao cấp</li><li>Tính năng: Thấm hút mồ hôi, co giãn 4 chiều</li><li>Thương hiệu: Axeron</li></ul>",,"Chân Váy"
343,"Chân Váy - Phiên Bản Cao Cấp 5","<p>Đây là <strong>Chân Váy - Phiên Bản Cao Cấp 5</strong>. Sản phẩm chính hãng cao cấp, chất liệu siêu nhẹ, thoáng khí. Phù hợp cho mọi hoạt động thể thao cường độ cao. Thiết kế ôm form, tôn dáng, mang lại sự thoải mái tối đa.</p><ul><li>Chất liệu: 100% Cao cấp</li><li>Tính năng: Thấm hút mồ hôi, co giãn 4 chiều</li><li>Thương hiệu: Axeron</li></ul>",,"Chân Váy"
344,"Chân Váy - Phiên Bản Cao Cấp 6","<p>Đây là <strong>Chân Váy - Phiên Bản Cao Cấp 6</strong>. Sản phẩm chính hãng cao cấp, chất liệu siêu nhẹ, thoáng khí. Phù hợp cho mọi hoạt động thể thao cường độ cao. Thiết kế ôm form, tôn dáng, mang lại sự thoải mái tối đa.</p><ul><li>Chất liệu: 100% Cao cấp</li><li>Tính năng: Thấm hút mồ hôi, co giãn 4 chiều</li><li>Thương hiệu: Axeron</li></ul>",,"Chân Váy"
345,"Bóng Đá Sân Cỏ - Phiên Bản Cao Cấp 1","<p>Đây là <strong>Bóng Đá Sân Cỏ - Phiên Bản Cao Cấp 1</strong>. Sản phẩm chính hãng cao cấp, chất liệu siêu nhẹ, thoáng khí. Phù hợp cho mọi hoạt động thể thao cường độ cao. Thiết kế ôm form, tôn dáng, mang lại sự thoải mái tối đa.</p><ul><li>Chất liệu: 100% Cao cấp</li><li>Tính năng: Thấm hút mồ hôi, co giãn 4 chiều</li><li>Thương hiệu: Axeron</li></ul>",,"Bóng Đá Sân Cỏ"
346,"Bóng Đá Sân Cỏ - Phiên Bản Cao Cấp 2","<p>Đây là <strong>Bóng Đá Sân Cỏ - Phiên Bản Cao Cấp 2</strong>. Sản phẩm chính hãng cao cấp, chất liệu siêu nhẹ, thoáng khí. Phù hợp cho mọi hoạt động thể thao cường độ cao. Thiết kế ôm form, tôn dáng, mang lại sự thoải mái tối đa.</p><ul><li>Chất liệu: 100% Cao cấp</li><li>Tính năng: Thấm hút mồ hôi, co giãn 4 chiều</li><li>Thương hiệu: Axeron</li></ul>",,"Bóng Đá Sân Cỏ"
347,"Bóng Đá Sân Cỏ - Phiên Bản Cao Cấp 3","<p>Đây là <strong>Bóng Đá Sân Cỏ - Phiên Bản Cao Cấp 3</strong>. Sản phẩm chính hãng cao cấp, chất liệu siêu nhẹ, thoáng khí. Phù hợp cho mọi hoạt động thể thao cường độ cao. Thiết kế ôm form, tôn dáng, mang lại sự thoải mái tối đa.</p><ul><li>Chất liệu: 100% Cao cấp</li><li>Tính năng: Thấm hút mồ hôi, co giãn 4 chiều</li><li>Thương hiệu: Axeron</li></ul>",,"Bóng Đá Sân Cỏ"
348,"Bóng Đá Sân Cỏ - Phiên Bản Cao Cấp 4","<p>Đây là <strong>Bóng Đá Sân Cỏ - Phiên Bản Cao Cấp 4</strong>. Sản phẩm chính hãng cao cấp, chất liệu siêu nhẹ, thoáng khí. Phù hợp cho mọi hoạt động thể thao cường độ cao. Thiết kế ôm form, tôn dáng, mang lại sự thoải mái tối đa.</p><ul><li>Chất liệu: 100% Cao cấp</li><li>Tính năng: Thấm hút mồ hôi, co giãn 4 chiều</li><li>Thương hiệu: Axeron</li></ul>",,"Bóng Đá Sân Cỏ"
349,"Bóng Đá Sân Cỏ - Phiên Bản Cao Cấp 5","<p>Đây là <strong>Bóng Đá Sân Cỏ - Phiên Bản Cao Cấp 5</strong>. Sản phẩm chính hãng cao cấp, chất liệu siêu nhẹ, thoáng khí. Phù hợp cho mọi hoạt động thể thao cường độ cao. Thiết kế ôm form, tôn dáng, mang lại sự thoải mái tối đa.</p><ul><li>Chất liệu: 100% Cao cấp</li><li>Tính năng: Thấm hút mồ hôi, co giãn 4 chiều</li><li>Thương hiệu: Axeron</li></ul>",,"Bóng Đá Sân Cỏ"
350,"Bóng Đá Sân Cỏ - Phiên Bản Cao Cấp 6","<p>Đây là <strong>Bóng Đá Sân Cỏ - Phiên Bản Cao Cấp 6</strong>. Sản phẩm chính hãng cao cấp, chất liệu siêu nhẹ, thoáng khí. Phù hợp cho mọi hoạt động thể thao cường độ cao. Thiết kế ôm form, tôn dáng, mang lại sự thoải mái tối đa.</p><ul><li>Chất liệu: 100% Cao cấp</li><li>Tính năng: Thấm hút mồ hôi, co giãn 4 chiều</li><li>Thương hiệu: Axeron</li></ul>",,"Bóng Đá Sân Cỏ"
351,"Bóng Futsal - Phiên Bản Cao Cấp 1","<p>Đây là <strong>Bóng Futsal - Phiên Bản Cao Cấp 1</strong>. Sản phẩm chính hãng cao cấp, chất liệu siêu nhẹ, thoáng khí. Phù hợp cho mọi hoạt động thể thao cường độ cao. Thiết kế ôm form, tôn dáng, mang lại sự thoải mái tối đa.</p><ul><li>Chất liệu: 100% Cao cấp</li><li>Tính năng: Thấm hút mồ hôi, co giãn 4 chiều</li><li>Thương hiệu: Axeron</li></ul>",,"Bóng Futsal"
352,"Bóng Futsal - Phiên Bản Cao Cấp 2","<p>Đây là <strong>Bóng Futsal - Phiên Bản Cao Cấp 2</strong>. Sản phẩm chính hãng cao cấp, chất liệu siêu nhẹ, thoáng khí. Phù hợp cho mọi hoạt động thể thao cường độ cao. Thiết kế ôm form, tôn dáng, mang lại sự thoải mái tối đa.</p><ul><li>Chất liệu: 100% Cao cấp</li><li>Tính năng: Thấm hút mồ hôi, co giãn 4 chiều</li><li>Thương hiệu: Axeron</li></ul>",,"Bóng Futsal"
353,"Bóng Futsal - Phiên Bản Cao Cấp 3","<p>Đây là <strong>Bóng Futsal - Phiên Bản Cao Cấp 3</strong>. Sản phẩm chính hãng cao cấp, chất liệu siêu nhẹ, thoáng khí. Phù hợp cho mọi hoạt động thể thao cường độ cao. Thiết kế ôm form, tôn dáng, mang lại sự thoải mái tối đa.</p><ul><li>Chất liệu: 100% Cao cấp</li><li>Tính năng: Thấm hút mồ hôi, co giãn 4 chiều</li><li>Thương hiệu: Axeron</li></ul>",,"Bóng Futsal"
354,"Bóng Futsal - Phiên Bản Cao Cấp 4","<p>Đây là <strong>Bóng Futsal - Phiên Bản Cao Cấp 4</strong>. Sản phẩm chính hãng cao cấp, chất liệu siêu nhẹ, thoáng khí. Phù hợp cho mọi hoạt động thể thao cường độ cao. Thiết kế ôm form, tôn dáng, mang lại sự thoải mái tối đa.</p><ul><li>Chất liệu: 100% Cao cấp</li><li>Tính năng: Thấm hút mồ hôi, co giãn 4 chiều</li><li>Thương hiệu: Axeron</li></ul>",,"Bóng Futsal"
355,"Bóng Futsal - Phiên Bản Cao Cấp 5","<p>Đây là <strong>Bóng Futsal - Phiên Bản Cao Cấp 5</strong>. Sản phẩm chính hãng cao cấp, chất liệu siêu nhẹ, thoáng khí. Phù hợp cho mọi hoạt động thể thao cường độ cao. Thiết kế ôm form, tôn dáng, mang lại sự thoải mái tối đa.</p><ul><li>Chất liệu: 100% Cao cấp</li><li>Tính năng: Thấm hút mồ hôi, co giãn 4 chiều</li><li>Thương hiệu: Axeron</li></ul>",,"Bóng Futsal"
356,"Bóng Futsal - Phiên Bản Cao Cấp 6","<p>Đây là <strong>Bóng Futsal - Phiên Bản Cao Cấp 6</strong>. Sản phẩm chính hãng cao cấp, chất liệu siêu nhẹ, thoáng khí. Phù hợp cho mọi hoạt động thể thao cường độ cao. Thiết kế ôm form, tôn dáng, mang lại sự thoải mái tối đa.</p><ul><li>Chất liệu: 100% Cao cấp</li><li>Tính năng: Thấm hút mồ hôi, co giãn 4 chiều</li><li>Thương hiệu: Axeron</li></ul>",,"Bóng Futsal"
357,"Vợt Cầu Lông - Phiên Bản Cao Cấp 1","<p>Đây là <strong>Vợt Cầu Lông - Phiên Bản Cao Cấp 1</strong>. Sản phẩm chính hãng cao cấp, chất liệu siêu nhẹ, thoáng khí. Phù hợp cho mọi hoạt động thể thao cường độ cao. Thiết kế ôm form, tôn dáng, mang lại sự thoải mái tối đa.</p><ul><li>Chất liệu: 100% Cao cấp</li><li>Tính năng: Thấm hút mồ hôi, co giãn 4 chiều</li><li>Thương hiệu: Axeron</li></ul>",,"Vợt Cầu Lông"
358,"Vợt Cầu Lông - Phiên Bản Cao Cấp 2","<p>Đây là <strong>Vợt Cầu Lông - Phiên Bản Cao Cấp 2</strong>. Sản phẩm chính hãng cao cấp, chất liệu siêu nhẹ, thoáng khí. Phù hợp cho mọi hoạt động thể thao cường độ cao. Thiết kế ôm form, tôn dáng, mang lại sự thoải mái tối đa.</p><ul><li>Chất liệu: 100% Cao cấp</li><li>Tính năng: Thấm hút mồ hôi, co giãn 4 chiều</li><li>Thương hiệu: Axeron</li></ul>",,"Vợt Cầu Lông"
359,"Vợt Cầu Lông - Phiên Bản Cao Cấp 3","<p>Đây là <strong>Vợt Cầu Lông - Phiên Bản Cao Cấp 3</strong>. Sản phẩm chính hãng cao cấp, chất liệu siêu nhẹ, thoáng khí. Phù hợp cho mọi hoạt động thể thao cường độ cao. Thiết kế ôm form, tôn dáng, mang lại sự thoải mái tối đa.</p><ul><li>Chất liệu: 100% Cao cấp</li><li>Tính năng: Thấm hút mồ hôi, co giãn 4 chiều</li><li>Thương hiệu: Axeron</li></ul>",,"Vợt Cầu Lông"
360,"Vợt Cầu Lông - Phiên Bản Cao Cấp 4","<p>Đây là <strong>Vợt Cầu Lông - Phiên Bản Cao Cấp 4</strong>. Sản phẩm chính hãng cao cấp, chất liệu siêu nhẹ, thoáng khí. Phù hợp cho mọi hoạt động thể thao cường độ cao. Thiết kế ôm form, tôn dáng, mang lại sự thoải mái tối đa.</p><ul><li>Chất liệu: 100% Cao cấp</li><li>Tính năng: Thấm hút mồ hôi, co giãn 4 chiều</li><li>Thương hiệu: Axeron</li></ul>",,"Vợt Cầu Lông"
361,"Vợt Cầu Lông - Phiên Bản Cao Cấp 5","<p>Đây là <strong>Vợt Cầu Lông - Phiên Bản Cao Cấp 5</strong>. Sản phẩm chính hãng cao cấp, chất liệu siêu nhẹ, thoáng khí. Phù hợp cho mọi hoạt động thể thao cường độ cao. Thiết kế ôm form, tôn dáng, mang lại sự thoải mái tối đa.</p><ul><li>Chất liệu: 100% Cao cấp</li><li>Tính năng: Thấm hút mồ hôi, co giãn 4 chiều</li><li>Thương hiệu: Axeron</li></ul>",,"Vợt Cầu Lông"
362,"Vợt Cầu Lông - Phiên Bản Cao Cấp 6","<p>Đây là <strong>Vợt Cầu Lông - Phiên Bản Cao Cấp 6</strong>. Sản phẩm chính hãng cao cấp, chất liệu siêu nhẹ, thoáng khí. Phù hợp cho mọi hoạt động thể thao cường độ cao. Thiết kế ôm form, tôn dáng, mang lại sự thoải mái tối đa.</p><ul><li>Chất liệu: 100% Cao cấp</li><li>Tính năng: Thấm hút mồ hôi, co giãn 4 chiều</li><li>Thương hiệu: Axeron</li></ul>",,"Vợt Cầu Lông"
363,"Cầu Lông Lưới - Phiên Bản Cao Cấp 1","<p>Đây là <strong>Cầu Lông Lưới - Phiên Bản Cao Cấp 1</strong>. Sản phẩm chính hãng cao cấp, chất liệu siêu nhẹ, thoáng khí. Phù hợp cho mọi hoạt động thể thao cường độ cao. Thiết kế ôm form, tôn dáng, mang lại sự thoải mái tối đa.</p><ul><li>Chất liệu: 100% Cao cấp</li><li>Tính năng: Thấm hút mồ hôi, co giãn 4 chiều</li><li>Thương hiệu: Axeron</li></ul>",,"Cầu Lông Lưới"
364,"Cầu Lông Lưới - Phiên Bản Cao Cấp 2","<p>Đây là <strong>Cầu Lông Lưới - Phiên Bản Cao Cấp 2</strong>. Sản phẩm chính hãng cao cấp, chất liệu siêu nhẹ, thoáng khí. Phù hợp cho mọi hoạt động thể thao cường độ cao. Thiết kế ôm form, tôn dáng, mang lại sự thoải mái tối đa.</p><ul><li>Chất liệu: 100% Cao cấp</li><li>Tính năng: Thấm hút mồ hôi, co giãn 4 chiều</li><li>Thương hiệu: Axeron</li></ul>",,"Cầu Lông Lưới"
365,"Cầu Lông Lưới - Phiên Bản Cao Cấp 3","<p>Đây là <strong>Cầu Lông Lưới - Phiên Bản Cao Cấp 3</strong>. Sản phẩm chính hãng cao cấp, chất liệu siêu nhẹ, thoáng khí. Phù hợp cho mọi hoạt động thể thao cường độ cao. Thiết kế ôm form, tôn dáng, mang lại sự thoải mái tối đa.</p><ul><li>Chất liệu: 100% Cao cấp</li><li>Tính năng: Thấm hút mồ hôi, co giãn 4 chiều</li><li>Thương hiệu: Axeron</li></ul>",,"Cầu Lông Lưới"
366,"Cầu Lông Lưới - Phiên Bản Cao Cấp 4","<p>Đây là <strong>Cầu Lông Lưới - Phiên Bản Cao Cấp 4</strong>. Sản phẩm chính hãng cao cấp, chất liệu siêu nhẹ, thoáng khí. Phù hợp cho mọi hoạt động thể thao cường độ cao. Thiết kế ôm form, tôn dáng, mang lại sự thoải mái tối đa.</p><ul><li>Chất liệu: 100% Cao cấp</li><li>Tính năng: Thấm hút mồ hôi, co giãn 4 chiều</li><li>Thương hiệu: Axeron</li></ul>",,"Cầu Lông Lưới"
367,"Cầu Lông Lưới - Phiên Bản Cao Cấp 5","<p>Đây là <strong>Cầu Lông Lưới - Phiên Bản Cao Cấp 5</strong>. Sản phẩm chính hãng cao cấp, chất liệu siêu nhẹ, thoáng khí. Phù hợp cho mọi hoạt động thể thao cường độ cao. Thiết kế ôm form, tôn dáng, mang lại sự thoải mái tối đa.</p><ul><li>Chất liệu: 100% Cao cấp</li><li>Tính năng: Thấm hút mồ hôi, co giãn 4 chiều</li><li>Thương hiệu: Axeron</li></ul>",,"Cầu Lông Lưới"
368,"Cầu Lông Lưới - Phiên Bản Cao Cấp 6","<p>Đây là <strong>Cầu Lông Lưới - Phiên Bản Cao Cấp 6</strong>. Sản phẩm chính hãng cao cấp, chất liệu siêu nhẹ, thoáng khí. Phù hợp cho mọi hoạt động thể thao cường độ cao. Thiết kế ôm form, tôn dáng, mang lại sự thoải mái tối đa.</p><ul><li>Chất liệu: 100% Cao cấp</li><li>Tính năng: Thấm hút mồ hôi, co giãn 4 chiều</li><li>Thương hiệu: Axeron</li></ul>",,"Cầu Lông Lưới"
369,"Vợt Pickleball - Phiên Bản Cao Cấp 1","<p>Đây là <strong>Vợt Pickleball - Phiên Bản Cao Cấp 1</strong>. Sản phẩm chính hãng cao cấp, chất liệu siêu nhẹ, thoáng khí. Phù hợp cho mọi hoạt động thể thao cường độ cao. Thiết kế ôm form, tôn dáng, mang lại sự thoải mái tối đa.</p><ul><li>Chất liệu: 100% Cao cấp</li><li>Tính năng: Thấm hút mồ hôi, co giãn 4 chiều</li><li>Thương hiệu: Axeron</li></ul>",,"Vợt Pickleball"
370,"Vợt Pickleball - Phiên Bản Cao Cấp 2","<p>Đây là <strong>Vợt Pickleball - Phiên Bản Cao Cấp 2</strong>. Sản phẩm chính hãng cao cấp, chất liệu siêu nhẹ, thoáng khí. Phù hợp cho mọi hoạt động thể thao cường độ cao. Thiết kế ôm form, tôn dáng, mang lại sự thoải mái tối đa.</p><ul><li>Chất liệu: 100% Cao cấp</li><li>Tính năng: Thấm hút mồ hôi, co giãn 4 chiều</li><li>Thương hiệu: Axeron</li></ul>",,"Vợt Pickleball"
371,"Vợt Pickleball - Phiên Bản Cao Cấp 3","<p>Đây là <strong>Vợt Pickleball - Phiên Bản Cao Cấp 3</strong>. Sản phẩm chính hãng cao cấp, chất liệu siêu nhẹ, thoáng khí. Phù hợp cho mọi hoạt động thể thao cường độ cao. Thiết kế ôm form, tôn dáng, mang lại sự thoải mái tối đa.</p><ul><li>Chất liệu: 100% Cao cấp</li><li>Tính năng: Thấm hút mồ hôi, co giãn 4 chiều</li><li>Thương hiệu: Axeron</li></ul>",,"Vợt Pickleball"
372,"Vợt Pickleball - Phiên Bản Cao Cấp 4","<p>Đây là <strong>Vợt Pickleball - Phiên Bản Cao Cấp 4</strong>. Sản phẩm chính hãng cao cấp, chất liệu siêu nhẹ, thoáng khí. Phù hợp cho mọi hoạt động thể thao cường độ cao. Thiết kế ôm form, tôn dáng, mang lại sự thoải mái tối đa.</p><ul><li>Chất liệu: 100% Cao cấp</li><li>Tính năng: Thấm hút mồ hôi, co giãn 4 chiều</li><li>Thương hiệu: Axeron</li></ul>",,"Vợt Pickleball"
373,"Vợt Pickleball - Phiên Bản Cao Cấp 5","<p>Đây là <strong>Vợt Pickleball - Phiên Bản Cao Cấp 5</strong>. Sản phẩm chính hãng cao cấp, chất liệu siêu nhẹ, thoáng khí. Phù hợp cho mọi hoạt động thể thao cường độ cao. Thiết kế ôm form, tôn dáng, mang lại sự thoải mái tối đa.</p><ul><li>Chất liệu: 100% Cao cấp</li><li>Tính năng: Thấm hút mồ hôi, co giãn 4 chiều</li><li>Thương hiệu: Axeron</li></ul>",,"Vợt Pickleball"
374,"Vợt Pickleball - Phiên Bản Cao Cấp 6","<p>Đây là <strong>Vợt Pickleball - Phiên Bản Cao Cấp 6</strong>. Sản phẩm chính hãng cao cấp, chất liệu siêu nhẹ, thoáng khí. Phù hợp cho mọi hoạt động thể thao cường độ cao. Thiết kế ôm form, tôn dáng, mang lại sự thoải mái tối đa.</p><ul><li>Chất liệu: 100% Cao cấp</li><li>Tính năng: Thấm hút mồ hôi, co giãn 4 chiều</li><li>Thương hiệu: Axeron</li></ul>",,"Vợt Pickleball"
375,"Bóng Pickleball - Phiên Bản Cao Cấp 1","<p>Đây là <strong>Bóng Pickleball - Phiên Bản Cao Cấp 1</strong>. Sản phẩm chính hãng cao cấp, chất liệu siêu nhẹ, thoáng khí. Phù hợp cho mọi hoạt động thể thao cường độ cao. Thiết kế ôm form, tôn dáng, mang lại sự thoải mái tối đa.</p><ul><li>Chất liệu: 100% Cao cấp</li><li>Tính năng: Thấm hút mồ hôi, co giãn 4 chiều</li><li>Thương hiệu: Axeron</li></ul>",,"Bóng Pickleball"
376,"Bóng Pickleball - Phiên Bản Cao Cấp 2","<p>Đây là <strong>Bóng Pickleball - Phiên Bản Cao Cấp 2</strong>. Sản phẩm chính hãng cao cấp, chất liệu siêu nhẹ, thoáng khí. Phù hợp cho mọi hoạt động thể thao cường độ cao. Thiết kế ôm form, tôn dáng, mang lại sự thoải mái tối đa.</p><ul><li>Chất liệu: 100% Cao cấp</li><li>Tính năng: Thấm hút mồ hôi, co giãn 4 chiều</li><li>Thương hiệu: Axeron</li></ul>",,"Bóng Pickleball"
377,"Bóng Pickleball - Phiên Bản Cao Cấp 3","<p>Đây là <strong>Bóng Pickleball - Phiên Bản Cao Cấp 3</strong>. Sản phẩm chính hãng cao cấp, chất liệu siêu nhẹ, thoáng khí. Phù hợp cho mọi hoạt động thể thao cường độ cao. Thiết kế ôm form, tôn dáng, mang lại sự thoải mái tối đa.</p><ul><li>Chất liệu: 100% Cao cấp</li><li>Tính năng: Thấm hút mồ hôi, co giãn 4 chiều</li><li>Thương hiệu: Axeron</li></ul>",,"Bóng Pickleball"
378,"Bóng Pickleball - Phiên Bản Cao Cấp 4","<p>Đây là <strong>Bóng Pickleball - Phiên Bản Cao Cấp 4</strong>. Sản phẩm chính hãng cao cấp, chất liệu siêu nhẹ, thoáng khí. Phù hợp cho mọi hoạt động thể thao cường độ cao. Thiết kế ôm form, tôn dáng, mang lại sự thoải mái tối đa.</p><ul><li>Chất liệu: 100% Cao cấp</li><li>Tính năng: Thấm hút mồ hôi, co giãn 4 chiều</li><li>Thương hiệu: Axeron</li></ul>",,"Bóng Pickleball"
379,"Bóng Pickleball - Phiên Bản Cao Cấp 5","<p>Đây là <strong>Bóng Pickleball - Phiên Bản Cao Cấp 5</strong>. Sản phẩm chính hãng cao cấp, chất liệu siêu nhẹ, thoáng khí. Phù hợp cho mọi hoạt động thể thao cường độ cao. Thiết kế ôm form, tôn dáng, mang lại sự thoải mái tối đa.</p><ul><li>Chất liệu: 100% Cao cấp</li><li>Tính năng: Thấm hút mồ hôi, co giãn 4 chiều</li><li>Thương hiệu: Axeron</li></ul>",,"Bóng Pickleball"
380,"Bóng Pickleball - Phiên Bản Cao Cấp 6","<p>Đây là <strong>Bóng Pickleball - Phiên Bản Cao Cấp 6</strong>. Sản phẩm chính hãng cao cấp, chất liệu siêu nhẹ, thoáng khí. Phù hợp cho mọi hoạt động thể thao cường độ cao. Thiết kế ôm form, tôn dáng, mang lại sự thoải mái tối đa.</p><ul><li>Chất liệu: 100% Cao cấp</li><li>Tính năng: Thấm hút mồ hôi, co giãn 4 chiều</li><li>Thương hiệu: Axeron</li></ul>",,"Bóng Pickleball"
381,"Máy Chạy Bộ - Phiên Bản Cao Cấp 1","<p>Đây là <strong>Máy Chạy Bộ - Phiên Bản Cao Cấp 1</strong>. Sản phẩm chính hãng cao cấp, chất liệu siêu nhẹ, thoáng khí. Phù hợp cho mọi hoạt động thể thao cường độ cao. Thiết kế ôm form, tôn dáng, mang lại sự thoải mái tối đa.</p><ul><li>Chất liệu: 100% Cao cấp</li><li>Tính năng: Thấm hút mồ hôi, co giãn 4 chiều</li><li>Thương hiệu: Axeron</li></ul>",,"Máy Chạy Bộ"
382,"Máy Chạy Bộ - Phiên Bản Cao Cấp 2","<p>Đây là <strong>Máy Chạy Bộ - Phiên Bản Cao Cấp 2</strong>. Sản phẩm chính hãng cao cấp, chất liệu siêu nhẹ, thoáng khí. Phù hợp cho mọi hoạt động thể thao cường độ cao. Thiết kế ôm form, tôn dáng, mang lại sự thoải mái tối đa.</p><ul><li>Chất liệu: 100% Cao cấp</li><li>Tính năng: Thấm hút mồ hôi, co giãn 4 chiều</li><li>Thương hiệu: Axeron</li></ul>",,"Máy Chạy Bộ"
383,"Máy Chạy Bộ - Phiên Bản Cao Cấp 3","<p>Đây là <strong>Máy Chạy Bộ - Phiên Bản Cao Cấp 3</strong>. Sản phẩm chính hãng cao cấp, chất liệu siêu nhẹ, thoáng khí. Phù hợp cho mọi hoạt động thể thao cường độ cao. Thiết kế ôm form, tôn dáng, mang lại sự thoải mái tối đa.</p><ul><li>Chất liệu: 100% Cao cấp</li><li>Tính năng: Thấm hút mồ hôi, co giãn 4 chiều</li><li>Thương hiệu: Axeron</li></ul>",,"Máy Chạy Bộ"
384,"Máy Chạy Bộ - Phiên Bản Cao Cấp 4","<p>Đây là <strong>Máy Chạy Bộ - Phiên Bản Cao Cấp 4</strong>. Sản phẩm chính hãng cao cấp, chất liệu siêu nhẹ, thoáng khí. Phù hợp cho mọi hoạt động thể thao cường độ cao. Thiết kế ôm form, tôn dáng, mang lại sự thoải mái tối đa.</p><ul><li>Chất liệu: 100% Cao cấp</li><li>Tính năng: Thấm hút mồ hôi, co giãn 4 chiều</li><li>Thương hiệu: Axeron</li></ul>",,"Máy Chạy Bộ"
385,"Máy Chạy Bộ - Phiên Bản Cao Cấp 5","<p>Đây là <strong>Máy Chạy Bộ - Phiên Bản Cao Cấp 5</strong>. Sản phẩm chính hãng cao cấp, chất liệu siêu nhẹ, thoáng khí. Phù hợp cho mọi hoạt động thể thao cường độ cao. Thiết kế ôm form, tôn dáng, mang lại sự thoải mái tối đa.</p><ul><li>Chất liệu: 100% Cao cấp</li><li>Tính năng: Thấm hút mồ hôi, co giãn 4 chiều</li><li>Thương hiệu: Axeron</li></ul>",,"Máy Chạy Bộ"
386,"Máy Chạy Bộ - Phiên Bản Cao Cấp 6","<p>Đây là <strong>Máy Chạy Bộ - Phiên Bản Cao Cấp 6</strong>. Sản phẩm chính hãng cao cấp, chất liệu siêu nhẹ, thoáng khí. Phù hợp cho mọi hoạt động thể thao cường độ cao. Thiết kế ôm form, tôn dáng, mang lại sự thoải mái tối đa.</p><ul><li>Chất liệu: 100% Cao cấp</li><li>Tính năng: Thấm hút mồ hôi, co giãn 4 chiều</li><li>Thương hiệu: Axeron</li></ul>",,"Máy Chạy Bộ"
387,"Tạ Tay Và Ghế - Phiên Bản Cao Cấp 1","<p>Đây là <strong>Tạ Tay Và Ghế - Phiên Bản Cao Cấp 1</strong>. Sản phẩm chính hãng cao cấp, chất liệu siêu nhẹ, thoáng khí. Phù hợp cho mọi hoạt động thể thao cường độ cao. Thiết kế ôm form, tôn dáng, mang lại sự thoải mái tối đa.</p><ul><li>Chất liệu: 100% Cao cấp</li><li>Tính năng: Thấm hút mồ hôi, co giãn 4 chiều</li><li>Thương hiệu: Axeron</li></ul>",,"Tạ Tay Và Ghế"
388,"Tạ Tay Và Ghế - Phiên Bản Cao Cấp 2","<p>Đây là <strong>Tạ Tay Và Ghế - Phiên Bản Cao Cấp 2</strong>. Sản phẩm chính hãng cao cấp, chất liệu siêu nhẹ, thoáng khí. Phù hợp cho mọi hoạt động thể thao cường độ cao. Thiết kế ôm form, tôn dáng, mang lại sự thoải mái tối đa.</p><ul><li>Chất liệu: 100% Cao cấp</li><li>Tính năng: Thấm hút mồ hôi, co giãn 4 chiều</li><li>Thương hiệu: Axeron</li></ul>",,"Tạ Tay Và Ghế"
389,"Tạ Tay Và Ghế - Phiên Bản Cao Cấp 3","<p>Đây là <strong>Tạ Tay Và Ghế - Phiên Bản Cao Cấp 3</strong>. Sản phẩm chính hãng cao cấp, chất liệu siêu nhẹ, thoáng khí. Phù hợp cho mọi hoạt động thể thao cường độ cao. Thiết kế ôm form, tôn dáng, mang lại sự thoải mái tối đa.</p><ul><li>Chất liệu: 100% Cao cấp</li><li>Tính năng: Thấm hút mồ hôi, co giãn 4 chiều</li><li>Thương hiệu: Axeron</li></ul>",,"Tạ Tay Và Ghế"
390,"Tạ Tay Và Ghế - Phiên Bản Cao Cấp 4","<p>Đây là <strong>Tạ Tay Và Ghế - Phiên Bản Cao Cấp 4</strong>. Sản phẩm chính hãng cao cấp, chất liệu siêu nhẹ, thoáng khí. Phù hợp cho mọi hoạt động thể thao cường độ cao. Thiết kế ôm form, tôn dáng, mang lại sự thoải mái tối đa.</p><ul><li>Chất liệu: 100% Cao cấp</li><li>Tính năng: Thấm hút mồ hôi, co giãn 4 chiều</li><li>Thương hiệu: Axeron</li></ul>",,"Tạ Tay Và Ghế"
391,"Tạ Tay Và Ghế - Phiên Bản Cao Cấp 5","<p>Đây là <strong>Tạ Tay Và Ghế - Phiên Bản Cao Cấp 5</strong>. Sản phẩm chính hãng cao cấp, chất liệu siêu nhẹ, thoáng khí. Phù hợp cho mọi hoạt động thể thao cường độ cao. Thiết kế ôm form, tôn dáng, mang lại sự thoải mái tối đa.</p><ul><li>Chất liệu: 100% Cao cấp</li><li>Tính năng: Thấm hút mồ hôi, co giãn 4 chiều</li><li>Thương hiệu: Axeron</li></ul>",,"Tạ Tay Và Ghế"
392,"Tạ Tay Và Ghế - Phiên Bản Cao Cấp 6","<p>Đây là <strong>Tạ Tay Và Ghế - Phiên Bản Cao Cấp 6</strong>. Sản phẩm chính hãng cao cấp, chất liệu siêu nhẹ, thoáng khí. Phù hợp cho mọi hoạt động thể thao cường độ cao. Thiết kế ôm form, tôn dáng, mang lại sự thoải mái tối đa.</p><ul><li>Chất liệu: 100% Cao cấp</li><li>Tính năng: Thấm hút mồ hôi, co giãn 4 chiều</li><li>Thương hiệu: Axeron</li></ul>",,"Tạ Tay Và Ghế"
393,"Giàn Tập - Phiên Bản Cao Cấp 1","<p>Đây là <strong>Giàn Tập - Phiên Bản Cao Cấp 1</strong>. Sản phẩm chính hãng cao cấp, chất liệu siêu nhẹ, thoáng khí. Phù hợp cho mọi hoạt động thể thao cường độ cao. Thiết kế ôm form, tôn dáng, mang lại sự thoải mái tối đa.</p><ul><li>Chất liệu: 100% Cao cấp</li><li>Tính năng: Thấm hút mồ hôi, co giãn 4 chiều</li><li>Thương hiệu: Axeron</li></ul>",,"Giàn Tập"
394,"Giàn Tập - Phiên Bản Cao Cấp 2","<p>Đây là <strong>Giàn Tập - Phiên Bản Cao Cấp 2</strong>. Sản phẩm chính hãng cao cấp, chất liệu siêu nhẹ, thoáng khí. Phù hợp cho mọi hoạt động thể thao cường độ cao. Thiết kế ôm form, tôn dáng, mang lại sự thoải mái tối đa.</p><ul><li>Chất liệu: 100% Cao cấp</li><li>Tính năng: Thấm hút mồ hôi, co giãn 4 chiều</li><li>Thương hiệu: Axeron</li></ul>",,"Giàn Tập"
395,"Giàn Tập - Phiên Bản Cao Cấp 3","<p>Đây là <strong>Giàn Tập - Phiên Bản Cao Cấp 3</strong>. Sản phẩm chính hãng cao cấp, chất liệu siêu nhẹ, thoáng khí. Phù hợp cho mọi hoạt động thể thao cường độ cao. Thiết kế ôm form, tôn dáng, mang lại sự thoải mái tối đa.</p><ul><li>Chất liệu: 100% Cao cấp</li><li>Tính năng: Thấm hút mồ hôi, co giãn 4 chiều</li><li>Thương hiệu: Axeron</li></ul>",,"Giàn Tập"
396,"Giàn Tập - Phiên Bản Cao Cấp 4","<p>Đây là <strong>Giàn Tập - Phiên Bản Cao Cấp 4</strong>. Sản phẩm chính hãng cao cấp, chất liệu siêu nhẹ, thoáng khí. Phù hợp cho mọi hoạt động thể thao cường độ cao. Thiết kế ôm form, tôn dáng, mang lại sự thoải mái tối đa.</p><ul><li>Chất liệu: 100% Cao cấp</li><li>Tính năng: Thấm hút mồ hôi, co giãn 4 chiều</li><li>Thương hiệu: Axeron</li></ul>",,"Giàn Tập"
397,"Giàn Tập - Phiên Bản Cao Cấp 5","<p>Đây là <strong>Giàn Tập - Phiên Bản Cao Cấp 5</strong>. Sản phẩm chính hãng cao cấp, chất liệu siêu nhẹ, thoáng khí. Phù hợp cho mọi hoạt động thể thao cường độ cao. Thiết kế ôm form, tôn dáng, mang lại sự thoải mái tối đa.</p><ul><li>Chất liệu: 100% Cao cấp</li><li>Tính năng: Thấm hút mồ hôi, co giãn 4 chiều</li><li>Thương hiệu: Axeron</li></ul>",,"Giàn Tập"
398,"Giàn Tập - Phiên Bản Cao Cấp 6","<p>Đây là <strong>Giàn Tập - Phiên Bản Cao Cấp 6</strong>. Sản phẩm chính hãng cao cấp, chất liệu siêu nhẹ, thoáng khí. Phù hợp cho mọi hoạt động thể thao cường độ cao. Thiết kế ôm form, tôn dáng, mang lại sự thoải mái tối đa.</p><ul><li>Chất liệu: 100% Cao cấp</li><li>Tính năng: Thấm hút mồ hôi, co giãn 4 chiều</li><li>Thương hiệu: Axeron</li></ul>",,"Giàn Tập"
399,"Giày Pickleball - Phiên Bản Cao Cấp 1","<p>Đây là <strong>Giày Pickleball - Phiên Bản Cao Cấp 1</strong>. Sản phẩm chính hãng cao cấp, chất liệu siêu nhẹ, thoáng khí. Phù hợp cho mọi hoạt động thể thao cường độ cao. Thiết kế ôm form, tôn dáng, mang lại sự thoải mái tối đa.</p><ul><li>Chất liệu: 100% Cao cấp</li><li>Tính năng: Thấm hút mồ hôi, co giãn 4 chiều</li><li>Thương hiệu: Axeron</li></ul>",,"Giày Pickleball"
400,"Giày Pickleball - Phiên Bản Cao Cấp 2","<p>Đây là <strong>Giày Pickleball - Phiên Bản Cao Cấp 2</strong>. Sản phẩm chính hãng cao cấp, chất liệu siêu nhẹ, thoáng khí. Phù hợp cho mọi hoạt động thể thao cường độ cao. Thiết kế ôm form, tôn dáng, mang lại sự thoải mái tối đa.</p><ul><li>Chất liệu: 100% Cao cấp</li><li>Tính năng: Thấm hút mồ hôi, co giãn 4 chiều</li><li>Thương hiệu: Axeron</li></ul>",,"Giày Pickleball"
401,"Giày Pickleball - Phiên Bản Cao Cấp 3","<p>Đây là <strong>Giày Pickleball - Phiên Bản Cao Cấp 3</strong>. Sản phẩm chính hãng cao cấp, chất liệu siêu nhẹ, thoáng khí. Phù hợp cho mọi hoạt động thể thao cường độ cao. Thiết kế ôm form, tôn dáng, mang lại sự thoải mái tối đa.</p><ul><li>Chất liệu: 100% Cao cấp</li><li>Tính năng: Thấm hút mồ hôi, co giãn 4 chiều</li><li>Thương hiệu: Axeron</li></ul>",,"Giày Pickleball"
402,"Giày Pickleball - Phiên Bản Cao Cấp 4","<p>Đây là <strong>Giày Pickleball - Phiên Bản Cao Cấp 4</strong>. Sản phẩm chính hãng cao cấp, chất liệu siêu nhẹ, thoáng khí. Phù hợp cho mọi hoạt động thể thao cường độ cao. Thiết kế ôm form, tôn dáng, mang lại sự thoải mái tối đa.</p><ul><li>Chất liệu: 100% Cao cấp</li><li>Tính năng: Thấm hút mồ hôi, co giãn 4 chiều</li><li>Thương hiệu: Axeron</li></ul>",,"Giày Pickleball"
403,"Giày Pickleball - Phiên Bản Cao Cấp 5","<p>Đây là <strong>Giày Pickleball - Phiên Bản Cao Cấp 5</strong>. Sản phẩm chính hãng cao cấp, chất liệu siêu nhẹ, thoáng khí. Phù hợp cho mọi hoạt động thể thao cường độ cao. Thiết kế ôm form, tôn dáng, mang lại sự thoải mái tối đa.</p><ul><li>Chất liệu: 100% Cao cấp</li><li>Tính năng: Thấm hút mồ hôi, co giãn 4 chiều</li><li>Thương hiệu: Axeron</li></ul>",,"Giày Pickleball"
404,"Giày Pickleball - Phiên Bản Cao Cấp 6","<p>Đây là <strong>Giày Pickleball - Phiên Bản Cao Cấp 6</strong>. Sản phẩm chính hãng cao cấp, chất liệu siêu nhẹ, thoáng khí. Phù hợp cho mọi hoạt động thể thao cường độ cao. Thiết kế ôm form, tôn dáng, mang lại sự thoải mái tối đa.</p><ul><li>Chất liệu: 100% Cao cấp</li><li>Tính năng: Thấm hút mồ hôi, co giãn 4 chiều</li><li>Thương hiệu: Axeron</li></ul>",,"Giày Pickleball"
405,"Giày cầu lông - Phiên Bản Cao Cấp 1","<p>Đây là <strong>Giày cầu lông - Phiên Bản Cao Cấp 1</strong>. Sản phẩm chính hãng cao cấp, chất liệu siêu nhẹ, thoáng khí. Phù hợp cho mọi hoạt động thể thao cường độ cao. Thiết kế ôm form, tôn dáng, mang lại sự thoải mái tối đa.</p><ul><li>Chất liệu: 100% Cao cấp</li><li>Tính năng: Thấm hút mồ hôi, co giãn 4 chiều</li><li>Thương hiệu: Axeron</li></ul>",,"Giày cầu lông"
406,"Giày cầu lông - Phiên Bản Cao Cấp 2","<p>Đây là <strong>Giày cầu lông - Phiên Bản Cao Cấp 2</strong>. Sản phẩm chính hãng cao cấp, chất liệu siêu nhẹ, thoáng khí. Phù hợp cho mọi hoạt động thể thao cường độ cao. Thiết kế ôm form, tôn dáng, mang lại sự thoải mái tối đa.</p><ul><li>Chất liệu: 100% Cao cấp</li><li>Tính năng: Thấm hút mồ hôi, co giãn 4 chiều</li><li>Thương hiệu: Axeron</li></ul>",,"Giày cầu lông"
407,"Giày cầu lông - Phiên Bản Cao Cấp 3","<p>Đây là <strong>Giày cầu lông - Phiên Bản Cao Cấp 3</strong>. Sản phẩm chính hãng cao cấp, chất liệu siêu nhẹ, thoáng khí. Phù hợp cho mọi hoạt động thể thao cường độ cao. Thiết kế ôm form, tôn dáng, mang lại sự thoải mái tối đa.</p><ul><li>Chất liệu: 100% Cao cấp</li><li>Tính năng: Thấm hút mồ hôi, co giãn 4 chiều</li><li>Thương hiệu: Axeron</li></ul>",,"Giày cầu lông"
408,"Giày cầu lông - Phiên Bản Cao Cấp 4","<p>Đây là <strong>Giày cầu lông - Phiên Bản Cao Cấp 4</strong>. Sản phẩm chính hãng cao cấp, chất liệu siêu nhẹ, thoáng khí. Phù hợp cho mọi hoạt động thể thao cường độ cao. Thiết kế ôm form, tôn dáng, mang lại sự thoải mái tối đa.</p><ul><li>Chất liệu: 100% Cao cấp</li><li>Tính năng: Thấm hút mồ hôi, co giãn 4 chiều</li><li>Thương hiệu: Axeron</li></ul>",,"Giày cầu lông"
409,"Giày cầu lông - Phiên Bản Cao Cấp 5","<p>Đây là <strong>Giày cầu lông - Phiên Bản Cao Cấp 5</strong>. Sản phẩm chính hãng cao cấp, chất liệu siêu nhẹ, thoáng khí. Phù hợp cho mọi hoạt động thể thao cường độ cao. Thiết kế ôm form, tôn dáng, mang lại sự thoải mái tối đa.</p><ul><li>Chất liệu: 100% Cao cấp</li><li>Tính năng: Thấm hút mồ hôi, co giãn 4 chiều</li><li>Thương hiệu: Axeron</li></ul>",,"Giày cầu lông"
410,"Giày cầu lông - Phiên Bản Cao Cấp 6","<p>Đây là <strong>Giày cầu lông - Phiên Bản Cao Cấp 6</strong>. Sản phẩm chính hãng cao cấp, chất liệu siêu nhẹ, thoáng khí. Phù hợp cho mọi hoạt động thể thao cường độ cao. Thiết kế ôm form, tôn dáng, mang lại sự thoải mái tối đa.</p><ul><li>Chất liệu: 100% Cao cấp</li><li>Tính năng: Thấm hút mồ hôi, co giãn 4 chiều</li><li>Thương hiệu: Axeron</li></ul>",,"Giày cầu lông"
411,"Giày chạy bộ - Phiên Bản Cao Cấp 1","<p>Đây là <strong>Giày chạy bộ - Phiên Bản Cao Cấp 1</strong>. Sản phẩm chính hãng cao cấp, chất liệu siêu nhẹ, thoáng khí. Phù hợp cho mọi hoạt động thể thao cường độ cao. Thiết kế ôm form, tôn dáng, mang lại sự thoải mái tối đa.</p><ul><li>Chất liệu: 100% Cao cấp</li><li>Tính năng: Thấm hút mồ hôi, co giãn 4 chiều</li><li>Thương hiệu: Axeron</li></ul>",,"Giày chạy bộ"
412,"Giày chạy bộ - Phiên Bản Cao Cấp 2","<p>Đây là <strong>Giày chạy bộ - Phiên Bản Cao Cấp 2</strong>. Sản phẩm chính hãng cao cấp, chất liệu siêu nhẹ, thoáng khí. Phù hợp cho mọi hoạt động thể thao cường độ cao. Thiết kế ôm form, tôn dáng, mang lại sự thoải mái tối đa.</p><ul><li>Chất liệu: 100% Cao cấp</li><li>Tính năng: Thấm hút mồ hôi, co giãn 4 chiều</li><li>Thương hiệu: Axeron</li></ul>",,"Giày chạy bộ"
413,"Giày chạy bộ - Phiên Bản Cao Cấp 3","<p>Đây là <strong>Giày chạy bộ - Phiên Bản Cao Cấp 3</strong>. Sản phẩm chính hãng cao cấp, chất liệu siêu nhẹ, thoáng khí. Phù hợp cho mọi hoạt động thể thao cường độ cao. Thiết kế ôm form, tôn dáng, mang lại sự thoải mái tối đa.</p><ul><li>Chất liệu: 100% Cao cấp</li><li>Tính năng: Thấm hút mồ hôi, co giãn 4 chiều</li><li>Thương hiệu: Axeron</li></ul>",,"Giày chạy bộ"
414,"Giày chạy bộ - Phiên Bản Cao Cấp 4","<p>Đây là <strong>Giày chạy bộ - Phiên Bản Cao Cấp 4</strong>. Sản phẩm chính hãng cao cấp, chất liệu siêu nhẹ, thoáng khí. Phù hợp cho mọi hoạt động thể thao cường độ cao. Thiết kế ôm form, tôn dáng, mang lại sự thoải mái tối đa.</p><ul><li>Chất liệu: 100% Cao cấp</li><li>Tính năng: Thấm hút mồ hôi, co giãn 4 chiều</li><li>Thương hiệu: Axeron</li></ul>",,"Giày chạy bộ"
415,"Giày chạy bộ - Phiên Bản Cao Cấp 5","<p>Đây là <strong>Giày chạy bộ - Phiên Bản Cao Cấp 5</strong>. Sản phẩm chính hãng cao cấp, chất liệu siêu nhẹ, thoáng khí. Phù hợp cho mọi hoạt động thể thao cường độ cao. Thiết kế ôm form, tôn dáng, mang lại sự thoải mái tối đa.</p><ul><li>Chất liệu: 100% Cao cấp</li><li>Tính năng: Thấm hút mồ hôi, co giãn 4 chiều</li><li>Thương hiệu: Axeron</li></ul>",,"Giày chạy bộ"
416,"Giày chạy bộ - Phiên Bản Cao Cấp 6","<p>Đây là <strong>Giày chạy bộ - Phiên Bản Cao Cấp 6</strong>. Sản phẩm chính hãng cao cấp, chất liệu siêu nhẹ, thoáng khí. Phù hợp cho mọi hoạt động thể thao cường độ cao. Thiết kế ôm form, tôn dáng, mang lại sự thoải mái tối đa.</p><ul><li>Chất liệu: 100% Cao cấp</li><li>Tính năng: Thấm hút mồ hôi, co giãn 4 chiều</li><li>Thương hiệu: Axeron</li></ul>",,"Giày chạy bộ"
417,"Bộ Suvec Nam - Phiên Bản Cao Cấp 1","<p>Đây là <strong>Bộ Suvec Nam - Phiên Bản Cao Cấp 1</strong>. Sản phẩm chính hãng cao cấp, chất liệu siêu nhẹ, thoáng khí. Phù hợp cho mọi hoạt động thể thao cường độ cao. Thiết kế ôm form, tôn dáng, mang lại sự thoải mái tối đa.</p><ul><li>Chất liệu: 100% Cao cấp</li><li>Tính năng: Thấm hút mồ hôi, co giãn 4 chiều</li><li>Thương hiệu: Axeron</li></ul>",,"Bộ Suvec Nam"
418,"Bộ Suvec Nam - Phiên Bản Cao Cấp 2","<p>Đây là <strong>Bộ Suvec Nam - Phiên Bản Cao Cấp 2</strong>. Sản phẩm chính hãng cao cấp, chất liệu siêu nhẹ, thoáng khí. Phù hợp cho mọi hoạt động thể thao cường độ cao. Thiết kế ôm form, tôn dáng, mang lại sự thoải mái tối đa.</p><ul><li>Chất liệu: 100% Cao cấp</li><li>Tính năng: Thấm hút mồ hôi, co giãn 4 chiều</li><li>Thương hiệu: Axeron</li></ul>",,"Bộ Suvec Nam"
419,"Bộ Suvec Nam - Phiên Bản Cao Cấp 3","<p>Đây là <strong>Bộ Suvec Nam - Phiên Bản Cao Cấp 3</strong>. Sản phẩm chính hãng cao cấp, chất liệu siêu nhẹ, thoáng khí. Phù hợp cho mọi hoạt động thể thao cường độ cao. Thiết kế ôm form, tôn dáng, mang lại sự thoải mái tối đa.</p><ul><li>Chất liệu: 100% Cao cấp</li><li>Tính năng: Thấm hút mồ hôi, co giãn 4 chiều</li><li>Thương hiệu: Axeron</li></ul>",,"Bộ Suvec Nam"
420,"Bộ Suvec Nam - Phiên Bản Cao Cấp 4","<p>Đây là <strong>Bộ Suvec Nam - Phiên Bản Cao Cấp 4</strong>. Sản phẩm chính hãng cao cấp, chất liệu siêu nhẹ, thoáng khí. Phù hợp cho mọi hoạt động thể thao cường độ cao. Thiết kế ôm form, tôn dáng, mang lại sự thoải mái tối đa.</p><ul><li>Chất liệu: 100% Cao cấp</li><li>Tính năng: Thấm hút mồ hôi, co giãn 4 chiều</li><li>Thương hiệu: Axeron</li></ul>",,"Bộ Suvec Nam"
421,"Bộ Suvec Nam - Phiên Bản Cao Cấp 5","<p>Đây là <strong>Bộ Suvec Nam - Phiên Bản Cao Cấp 5</strong>. Sản phẩm chính hãng cao cấp, chất liệu siêu nhẹ, thoáng khí. Phù hợp cho mọi hoạt động thể thao cường độ cao. Thiết kế ôm form, tôn dáng, mang lại sự thoải mái tối đa.</p><ul><li>Chất liệu: 100% Cao cấp</li><li>Tính năng: Thấm hút mồ hôi, co giãn 4 chiều</li><li>Thương hiệu: Axeron</li></ul>",,"Bộ Suvec Nam"
422,"Bộ Suvec Nam - Phiên Bản Cao Cấp 6","<p>Đây là <strong>Bộ Suvec Nam - Phiên Bản Cao Cấp 6</strong>. Sản phẩm chính hãng cao cấp, chất liệu siêu nhẹ, thoáng khí. Phù hợp cho mọi hoạt động thể thao cường độ cao. Thiết kế ôm form, tôn dáng, mang lại sự thoải mái tối đa.</p><ul><li>Chất liệu: 100% Cao cấp</li><li>Tính năng: Thấm hút mồ hôi, co giãn 4 chiều</li><li>Thương hiệu: Axeron</li></ul>",,"Bộ Suvec Nam"
423,"Bộ Bóng Đá Nam - Phiên Bản Cao Cấp 1","<p>Đây là <strong>Bộ Bóng Đá Nam - Phiên Bản Cao Cấp 1</strong>. Sản phẩm chính hãng cao cấp, chất liệu siêu nhẹ, thoáng khí. Phù hợp cho mọi hoạt động thể thao cường độ cao. Thiết kế ôm form, tôn dáng, mang lại sự thoải mái tối đa.</p><ul><li>Chất liệu: 100% Cao cấp</li><li>Tính năng: Thấm hút mồ hôi, co giãn 4 chiều</li><li>Thương hiệu: Axeron</li></ul>",,"Bộ Bóng Đá Nam"
424,"Bộ Bóng Đá Nam - Phiên Bản Cao Cấp 2","<p>Đây là <strong>Bộ Bóng Đá Nam - Phiên Bản Cao Cấp 2</strong>. Sản phẩm chính hãng cao cấp, chất liệu siêu nhẹ, thoáng khí. Phù hợp cho mọi hoạt động thể thao cường độ cao. Thiết kế ôm form, tôn dáng, mang lại sự thoải mái tối đa.</p><ul><li>Chất liệu: 100% Cao cấp</li><li>Tính năng: Thấm hút mồ hôi, co giãn 4 chiều</li><li>Thương hiệu: Axeron</li></ul>",,"Bộ Bóng Đá Nam"
425,"Bộ Bóng Đá Nam - Phiên Bản Cao Cấp 3","<p>Đây là <strong>Bộ Bóng Đá Nam - Phiên Bản Cao Cấp 3</strong>. Sản phẩm chính hãng cao cấp, chất liệu siêu nhẹ, thoáng khí. Phù hợp cho mọi hoạt động thể thao cường độ cao. Thiết kế ôm form, tôn dáng, mang lại sự thoải mái tối đa.</p><ul><li>Chất liệu: 100% Cao cấp</li><li>Tính năng: Thấm hút mồ hôi, co giãn 4 chiều</li><li>Thương hiệu: Axeron</li></ul>",,"Bộ Bóng Đá Nam"
426,"Bộ Bóng Đá Nam - Phiên Bản Cao Cấp 4","<p>Đây là <strong>Bộ Bóng Đá Nam - Phiên Bản Cao Cấp 4</strong>. Sản phẩm chính hãng cao cấp, chất liệu siêu nhẹ, thoáng khí. Phù hợp cho mọi hoạt động thể thao cường độ cao. Thiết kế ôm form, tôn dáng, mang lại sự thoải mái tối đa.</p><ul><li>Chất liệu: 100% Cao cấp</li><li>Tính năng: Thấm hút mồ hôi, co giãn 4 chiều</li><li>Thương hiệu: Axeron</li></ul>",,"Bộ Bóng Đá Nam"
427,"Bộ Bóng Đá Nam - Phiên Bản Cao Cấp 5","<p>Đây là <strong>Bộ Bóng Đá Nam - Phiên Bản Cao Cấp 5</strong>. Sản phẩm chính hãng cao cấp, chất liệu siêu nhẹ, thoáng khí. Phù hợp cho mọi hoạt động thể thao cường độ cao. Thiết kế ôm form, tôn dáng, mang lại sự thoải mái tối đa.</p><ul><li>Chất liệu: 100% Cao cấp</li><li>Tính năng: Thấm hút mồ hôi, co giãn 4 chiều</li><li>Thương hiệu: Axeron</li></ul>",,"Bộ Bóng Đá Nam"
428,"Bộ Bóng Đá Nam - Phiên Bản Cao Cấp 6","<p>Đây là <strong>Bộ Bóng Đá Nam - Phiên Bản Cao Cấp 6</strong>. Sản phẩm chính hãng cao cấp, chất liệu siêu nhẹ, thoáng khí. Phù hợp cho mọi hoạt động thể thao cường độ cao. Thiết kế ôm form, tôn dáng, mang lại sự thoải mái tối đa.</p><ul><li>Chất liệu: 100% Cao cấp</li><li>Tính năng: Thấm hút mồ hôi, co giãn 4 chiều</li><li>Thương hiệu: Axeron</li></ul>",,"Bộ Bóng Đá Nam"
429,"Bộ Cầu Lông Nam - Phiên Bản Cao Cấp 1","<p>Đây là <strong>Bộ Cầu Lông Nam - Phiên Bản Cao Cấp 1</strong>. Sản phẩm chính hãng cao cấp, chất liệu siêu nhẹ, thoáng khí. Phù hợp cho mọi hoạt động thể thao cường độ cao. Thiết kế ôm form, tôn dáng, mang lại sự thoải mái tối đa.</p><ul><li>Chất liệu: 100% Cao cấp</li><li>Tính năng: Thấm hút mồ hôi, co giãn 4 chiều</li><li>Thương hiệu: Axeron</li></ul>",,"Bộ Cầu Lông Nam"
430,"Bộ Cầu Lông Nam - Phiên Bản Cao Cấp 2","<p>Đây là <strong>Bộ Cầu Lông Nam - Phiên Bản Cao Cấp 2</strong>. Sản phẩm chính hãng cao cấp, chất liệu siêu nhẹ, thoáng khí. Phù hợp cho mọi hoạt động thể thao cường độ cao. Thiết kế ôm form, tôn dáng, mang lại sự thoải mái tối đa.</p><ul><li>Chất liệu: 100% Cao cấp</li><li>Tính năng: Thấm hút mồ hôi, co giãn 4 chiều</li><li>Thương hiệu: Axeron</li></ul>",,"Bộ Cầu Lông Nam"
431,"Bộ Cầu Lông Nam - Phiên Bản Cao Cấp 3","<p>Đây là <strong>Bộ Cầu Lông Nam - Phiên Bản Cao Cấp 3</strong>. Sản phẩm chính hãng cao cấp, chất liệu siêu nhẹ, thoáng khí. Phù hợp cho mọi hoạt động thể thao cường độ cao. Thiết kế ôm form, tôn dáng, mang lại sự thoải mái tối đa.</p><ul><li>Chất liệu: 100% Cao cấp</li><li>Tính năng: Thấm hút mồ hôi, co giãn 4 chiều</li><li>Thương hiệu: Axeron</li></ul>",,"Bộ Cầu Lông Nam"
432,"Bộ Cầu Lông Nam - Phiên Bản Cao Cấp 4","<p>Đây là <strong>Bộ Cầu Lông Nam - Phiên Bản Cao Cấp 4</strong>. Sản phẩm chính hãng cao cấp, chất liệu siêu nhẹ, thoáng khí. Phù hợp cho mọi hoạt động thể thao cường độ cao. Thiết kế ôm form, tôn dáng, mang lại sự thoải mái tối đa.</p><ul><li>Chất liệu: 100% Cao cấp</li><li>Tính năng: Thấm hút mồ hôi, co giãn 4 chiều</li><li>Thương hiệu: Axeron</li></ul>",,"Bộ Cầu Lông Nam"
433,"Bộ Cầu Lông Nam - Phiên Bản Cao Cấp 5","<p>Đây là <strong>Bộ Cầu Lông Nam - Phiên Bản Cao Cấp 5</strong>. Sản phẩm chính hãng cao cấp, chất liệu siêu nhẹ, thoáng khí. Phù hợp cho mọi hoạt động thể thao cường độ cao. Thiết kế ôm form, tôn dáng, mang lại sự thoải mái tối đa.</p><ul><li>Chất liệu: 100% Cao cấp</li><li>Tính năng: Thấm hút mồ hôi, co giãn 4 chiều</li><li>Thương hiệu: Axeron</li></ul>",,"Bộ Cầu Lông Nam"
434,"Bộ Cầu Lông Nam - Phiên Bản Cao Cấp 6","<p>Đây là <strong>Bộ Cầu Lông Nam - Phiên Bản Cao Cấp 6</strong>. Sản phẩm chính hãng cao cấp, chất liệu siêu nhẹ, thoáng khí. Phù hợp cho mọi hoạt động thể thao cường độ cao. Thiết kế ôm form, tôn dáng, mang lại sự thoải mái tối đa.</p><ul><li>Chất liệu: 100% Cao cấp</li><li>Tính năng: Thấm hút mồ hôi, co giãn 4 chiều</li><li>Thương hiệu: Axeron</li></ul>",,"Bộ Cầu Lông Nam"
435,"Bộ Bóng Chuyền Nam - Phiên Bản Cao Cấp 1","<p>Đây là <strong>Bộ Bóng Chuyền Nam - Phiên Bản Cao Cấp 1</strong>. Sản phẩm chính hãng cao cấp, chất liệu siêu nhẹ, thoáng khí. Phù hợp cho mọi hoạt động thể thao cường độ cao. Thiết kế ôm form, tôn dáng, mang lại sự thoải mái tối đa.</p><ul><li>Chất liệu: 100% Cao cấp</li><li>Tính năng: Thấm hút mồ hôi, co giãn 4 chiều</li><li>Thương hiệu: Axeron</li></ul>",,"Bộ Bóng Chuyền Nam"
436,"Bộ Bóng Chuyền Nam - Phiên Bản Cao Cấp 2","<p>Đây là <strong>Bộ Bóng Chuyền Nam - Phiên Bản Cao Cấp 2</strong>. Sản phẩm chính hãng cao cấp, chất liệu siêu nhẹ, thoáng khí. Phù hợp cho mọi hoạt động thể thao cường độ cao. Thiết kế ôm form, tôn dáng, mang lại sự thoải mái tối đa.</p><ul><li>Chất liệu: 100% Cao cấp</li><li>Tính năng: Thấm hút mồ hôi, co giãn 4 chiều</li><li>Thương hiệu: Axeron</li></ul>",,"Bộ Bóng Chuyền Nam"
437,"Bộ Bóng Chuyền Nam - Phiên Bản Cao Cấp 3","<p>Đây là <strong>Bộ Bóng Chuyền Nam - Phiên Bản Cao Cấp 3</strong>. Sản phẩm chính hãng cao cấp, chất liệu siêu nhẹ, thoáng khí. Phù hợp cho mọi hoạt động thể thao cường độ cao. Thiết kế ôm form, tôn dáng, mang lại sự thoải mái tối đa.</p><ul><li>Chất liệu: 100% Cao cấp</li><li>Tính năng: Thấm hút mồ hôi, co giãn 4 chiều</li><li>Thương hiệu: Axeron</li></ul>",,"Bộ Bóng Chuyền Nam"
438,"Bộ Bóng Chuyền Nam - Phiên Bản Cao Cấp 4","<p>Đây là <strong>Bộ Bóng Chuyền Nam - Phiên Bản Cao Cấp 4</strong>. Sản phẩm chính hãng cao cấp, chất liệu siêu nhẹ, thoáng khí. Phù hợp cho mọi hoạt động thể thao cường độ cao. Thiết kế ôm form, tôn dáng, mang lại sự thoải mái tối đa.</p><ul><li>Chất liệu: 100% Cao cấp</li><li>Tính năng: Thấm hút mồ hôi, co giãn 4 chiều</li><li>Thương hiệu: Axeron</li></ul>",,"Bộ Bóng Chuyền Nam"
439,"Bộ Bóng Chuyền Nam - Phiên Bản Cao Cấp 5","<p>Đây là <strong>Bộ Bóng Chuyền Nam - Phiên Bản Cao Cấp 5</strong>. Sản phẩm chính hãng cao cấp, chất liệu siêu nhẹ, thoáng khí. Phù hợp cho mọi hoạt động thể thao cường độ cao. Thiết kế ôm form, tôn dáng, mang lại sự thoải mái tối đa.</p><ul><li>Chất liệu: 100% Cao cấp</li><li>Tính năng: Thấm hút mồ hôi, co giãn 4 chiều</li><li>Thương hiệu: Axeron</li></ul>",,"Bộ Bóng Chuyền Nam"
440,"Bộ Bóng Chuyền Nam - Phiên Bản Cao Cấp 6","<p>Đây là <strong>Bộ Bóng Chuyền Nam - Phiên Bản Cao Cấp 6</strong>. Sản phẩm chính hãng cao cấp, chất liệu siêu nhẹ, thoáng khí. Phù hợp cho mọi hoạt động thể thao cường độ cao. Thiết kế ôm form, tôn dáng, mang lại sự thoải mái tối đa.</p><ul><li>Chất liệu: 100% Cao cấp</li><li>Tính năng: Thấm hút mồ hôi, co giãn 4 chiều</li><li>Thương hiệu: Axeron</li></ul>",,"Bộ Bóng Chuyền Nam"
441,"Bộ Pickleball Nam - Phiên Bản Cao Cấp 1","<p>Đây là <strong>Bộ Pickleball Nam - Phiên Bản Cao Cấp 1</strong>. Sản phẩm chính hãng cao cấp, chất liệu siêu nhẹ, thoáng khí. Phù hợp cho mọi hoạt động thể thao cường độ cao. Thiết kế ôm form, tôn dáng, mang lại sự thoải mái tối đa.</p><ul><li>Chất liệu: 100% Cao cấp</li><li>Tính năng: Thấm hút mồ hôi, co giãn 4 chiều</li><li>Thương hiệu: Axeron</li></ul>",,"Bộ Pickleball Nam"
442,"Bộ Pickleball Nam - Phiên Bản Cao Cấp 2","<p>Đây là <strong>Bộ Pickleball Nam - Phiên Bản Cao Cấp 2</strong>. Sản phẩm chính hãng cao cấp, chất liệu siêu nhẹ, thoáng khí. Phù hợp cho mọi hoạt động thể thao cường độ cao. Thiết kế ôm form, tôn dáng, mang lại sự thoải mái tối đa.</p><ul><li>Chất liệu: 100% Cao cấp</li><li>Tính năng: Thấm hút mồ hôi, co giãn 4 chiều</li><li>Thương hiệu: Axeron</li></ul>",,"Bộ Pickleball Nam"
443,"Bộ Pickleball Nam - Phiên Bản Cao Cấp 3","<p>Đây là <strong>Bộ Pickleball Nam - Phiên Bản Cao Cấp 3</strong>. Sản phẩm chính hãng cao cấp, chất liệu siêu nhẹ, thoáng khí. Phù hợp cho mọi hoạt động thể thao cường độ cao. Thiết kế ôm form, tôn dáng, mang lại sự thoải mái tối đa.</p><ul><li>Chất liệu: 100% Cao cấp</li><li>Tính năng: Thấm hút mồ hôi, co giãn 4 chiều</li><li>Thương hiệu: Axeron</li></ul>",,"Bộ Pickleball Nam"
444,"Bộ Pickleball Nam - Phiên Bản Cao Cấp 4","<p>Đây là <strong>Bộ Pickleball Nam - Phiên Bản Cao Cấp 4</strong>. Sản phẩm chính hãng cao cấp, chất liệu siêu nhẹ, thoáng khí. Phù hợp cho mọi hoạt động thể thao cường độ cao. Thiết kế ôm form, tôn dáng, mang lại sự thoải mái tối đa.</p><ul><li>Chất liệu: 100% Cao cấp</li><li>Tính năng: Thấm hút mồ hôi, co giãn 4 chiều</li><li>Thương hiệu: Axeron</li></ul>",,"Bộ Pickleball Nam"
445,"Bộ Pickleball Nam - Phiên Bản Cao Cấp 5","<p>Đây là <strong>Bộ Pickleball Nam - Phiên Bản Cao Cấp 5</strong>. Sản phẩm chính hãng cao cấp, chất liệu siêu nhẹ, thoáng khí. Phù hợp cho mọi hoạt động thể thao cường độ cao. Thiết kế ôm form, tôn dáng, mang lại sự thoải mái tối đa.</p><ul><li>Chất liệu: 100% Cao cấp</li><li>Tính năng: Thấm hút mồ hôi, co giãn 4 chiều</li><li>Thương hiệu: Axeron</li></ul>",,"Bộ Pickleball Nam"
446,"Bộ Pickleball Nam - Phiên Bản Cao Cấp 6","<p>Đây là <strong>Bộ Pickleball Nam - Phiên Bản Cao Cấp 6</strong>. Sản phẩm chính hãng cao cấp, chất liệu siêu nhẹ, thoáng khí. Phù hợp cho mọi hoạt động thể thao cường độ cao. Thiết kế ôm form, tôn dáng, mang lại sự thoải mái tối đa.</p><ul><li>Chất liệu: 100% Cao cấp</li><li>Tính năng: Thấm hút mồ hôi, co giãn 4 chiều</li><li>Thương hiệu: Axeron</li></ul>",,"Bộ Pickleball Nam"
447,"Mũ Nam - Phiên Bản Cao Cấp 1","<p>Đây là <strong>Mũ Nam - Phiên Bản Cao Cấp 1</strong>. Sản phẩm chính hãng cao cấp, chất liệu siêu nhẹ, thoáng khí. Phù hợp cho mọi hoạt động thể thao cường độ cao. Thiết kế ôm form, tôn dáng, mang lại sự thoải mái tối đa.</p><ul><li>Chất liệu: 100% Cao cấp</li><li>Tính năng: Thấm hút mồ hôi, co giãn 4 chiều</li><li>Thương hiệu: Axeron</li></ul>",,"Mũ Nam"
448,"Mũ Nam - Phiên Bản Cao Cấp 2","<p>Đây là <strong>Mũ Nam - Phiên Bản Cao Cấp 2</strong>. Sản phẩm chính hãng cao cấp, chất liệu siêu nhẹ, thoáng khí. Phù hợp cho mọi hoạt động thể thao cường độ cao. Thiết kế ôm form, tôn dáng, mang lại sự thoải mái tối đa.</p><ul><li>Chất liệu: 100% Cao cấp</li><li>Tính năng: Thấm hút mồ hôi, co giãn 4 chiều</li><li>Thương hiệu: Axeron</li></ul>",,"Mũ Nam"
449,"Mũ Nam - Phiên Bản Cao Cấp 3","<p>Đây là <strong>Mũ Nam - Phiên Bản Cao Cấp 3</strong>. Sản phẩm chính hãng cao cấp, chất liệu siêu nhẹ, thoáng khí. Phù hợp cho mọi hoạt động thể thao cường độ cao. Thiết kế ôm form, tôn dáng, mang lại sự thoải mái tối đa.</p><ul><li>Chất liệu: 100% Cao cấp</li><li>Tính năng: Thấm hút mồ hôi, co giãn 4 chiều</li><li>Thương hiệu: Axeron</li></ul>",,"Mũ Nam"
450,"Mũ Nam - Phiên Bản Cao Cấp 4","<p>Đây là <strong>Mũ Nam - Phiên Bản Cao Cấp 4</strong>. Sản phẩm chính hãng cao cấp, chất liệu siêu nhẹ, thoáng khí. Phù hợp cho mọi hoạt động thể thao cường độ cao. Thiết kế ôm form, tôn dáng, mang lại sự thoải mái tối đa.</p><ul><li>Chất liệu: 100% Cao cấp</li><li>Tính năng: Thấm hút mồ hôi, co giãn 4 chiều</li><li>Thương hiệu: Axeron</li></ul>",,"Mũ Nam"
451,"Mũ Nam - Phiên Bản Cao Cấp 5","<p>Đây là <strong>Mũ Nam - Phiên Bản Cao Cấp 5</strong>. Sản phẩm chính hãng cao cấp, chất liệu siêu nhẹ, thoáng khí. Phù hợp cho mọi hoạt động thể thao cường độ cao. Thiết kế ôm form, tôn dáng, mang lại sự thoải mái tối đa.</p><ul><li>Chất liệu: 100% Cao cấp</li><li>Tính năng: Thấm hút mồ hôi, co giãn 4 chiều</li><li>Thương hiệu: Axeron</li></ul>",,"Mũ Nam"
452,"Mũ Nam - Phiên Bản Cao Cấp 6","<p>Đây là <strong>Mũ Nam - Phiên Bản Cao Cấp 6</strong>. Sản phẩm chính hãng cao cấp, chất liệu siêu nhẹ, thoáng khí. Phù hợp cho mọi hoạt động thể thao cường độ cao. Thiết kế ôm form, tôn dáng, mang lại sự thoải mái tối đa.</p><ul><li>Chất liệu: 100% Cao cấp</li><li>Tính năng: Thấm hút mồ hôi, co giãn 4 chiều</li><li>Thương hiệu: Axeron</li></ul>",,"Mũ Nam"
453,"Balo Nam - Phiên Bản Cao Cấp 1","<p>Đây là <strong>Balo Nam - Phiên Bản Cao Cấp 1</strong>. Sản phẩm chính hãng cao cấp, chất liệu siêu nhẹ, thoáng khí. Phù hợp cho mọi hoạt động thể thao cường độ cao. Thiết kế ôm form, tôn dáng, mang lại sự thoải mái tối đa.</p><ul><li>Chất liệu: 100% Cao cấp</li><li>Tính năng: Thấm hút mồ hôi, co giãn 4 chiều</li><li>Thương hiệu: Axeron</li></ul>",,"Balo Nam"
454,"Balo Nam - Phiên Bản Cao Cấp 2","<p>Đây là <strong>Balo Nam - Phiên Bản Cao Cấp 2</strong>. Sản phẩm chính hãng cao cấp, chất liệu siêu nhẹ, thoáng khí. Phù hợp cho mọi hoạt động thể thao cường độ cao. Thiết kế ôm form, tôn dáng, mang lại sự thoải mái tối đa.</p><ul><li>Chất liệu: 100% Cao cấp</li><li>Tính năng: Thấm hút mồ hôi, co giãn 4 chiều</li><li>Thương hiệu: Axeron</li></ul>",,"Balo Nam"
455,"Balo Nam - Phiên Bản Cao Cấp 3","<p>Đây là <strong>Balo Nam - Phiên Bản Cao Cấp 3</strong>. Sản phẩm chính hãng cao cấp, chất liệu siêu nhẹ, thoáng khí. Phù hợp cho mọi hoạt động thể thao cường độ cao. Thiết kế ôm form, tôn dáng, mang lại sự thoải mái tối đa.</p><ul><li>Chất liệu: 100% Cao cấp</li><li>Tính năng: Thấm hút mồ hôi, co giãn 4 chiều</li><li>Thương hiệu: Axeron</li></ul>",,"Balo Nam"
456,"Balo Nam - Phiên Bản Cao Cấp 4","<p>Đây là <strong>Balo Nam - Phiên Bản Cao Cấp 4</strong>. Sản phẩm chính hãng cao cấp, chất liệu siêu nhẹ, thoáng khí. Phù hợp cho mọi hoạt động thể thao cường độ cao. Thiết kế ôm form, tôn dáng, mang lại sự thoải mái tối đa.</p><ul><li>Chất liệu: 100% Cao cấp</li><li>Tính năng: Thấm hút mồ hôi, co giãn 4 chiều</li><li>Thương hiệu: Axeron</li></ul>",,"Balo Nam"
457,"Balo Nam - Phiên Bản Cao Cấp 5","<p>Đây là <strong>Balo Nam - Phiên Bản Cao Cấp 5</strong>. Sản phẩm chính hãng cao cấp, chất liệu siêu nhẹ, thoáng khí. Phù hợp cho mọi hoạt động thể thao cường độ cao. Thiết kế ôm form, tôn dáng, mang lại sự thoải mái tối đa.</p><ul><li>Chất liệu: 100% Cao cấp</li><li>Tính năng: Thấm hút mồ hôi, co giãn 4 chiều</li><li>Thương hiệu: Axeron</li></ul>",,"Balo Nam"
458,"Balo Nam - Phiên Bản Cao Cấp 6","<p>Đây là <strong>Balo Nam - Phiên Bản Cao Cấp 6</strong>. Sản phẩm chính hãng cao cấp, chất liệu siêu nhẹ, thoáng khí. Phù hợp cho mọi hoạt động thể thao cường độ cao. Thiết kế ôm form, tôn dáng, mang lại sự thoải mái tối đa.</p><ul><li>Chất liệu: 100% Cao cấp</li><li>Tính năng: Thấm hút mồ hôi, co giãn 4 chiều</li><li>Thương hiệu: Axeron</li></ul>",,"Balo Nam"
459,"Tất Nam - Phiên Bản Cao Cấp 1","<p>Đây là <strong>Tất Nam - Phiên Bản Cao Cấp 1</strong>. Sản phẩm chính hãng cao cấp, chất liệu siêu nhẹ, thoáng khí. Phù hợp cho mọi hoạt động thể thao cường độ cao. Thiết kế ôm form, tôn dáng, mang lại sự thoải mái tối đa.</p><ul><li>Chất liệu: 100% Cao cấp</li><li>Tính năng: Thấm hút mồ hôi, co giãn 4 chiều</li><li>Thương hiệu: Axeron</li></ul>",,"Tất Nam"
460,"Tất Nam - Phiên Bản Cao Cấp 2","<p>Đây là <strong>Tất Nam - Phiên Bản Cao Cấp 2</strong>. Sản phẩm chính hãng cao cấp, chất liệu siêu nhẹ, thoáng khí. Phù hợp cho mọi hoạt động thể thao cường độ cao. Thiết kế ôm form, tôn dáng, mang lại sự thoải mái tối đa.</p><ul><li>Chất liệu: 100% Cao cấp</li><li>Tính năng: Thấm hút mồ hôi, co giãn 4 chiều</li><li>Thương hiệu: Axeron</li></ul>",,"Tất Nam"
461,"Tất Nam - Phiên Bản Cao Cấp 3","<p>Đây là <strong>Tất Nam - Phiên Bản Cao Cấp 3</strong>. Sản phẩm chính hãng cao cấp, chất liệu siêu nhẹ, thoáng khí. Phù hợp cho mọi hoạt động thể thao cường độ cao. Thiết kế ôm form, tôn dáng, mang lại sự thoải mái tối đa.</p><ul><li>Chất liệu: 100% Cao cấp</li><li>Tính năng: Thấm hút mồ hôi, co giãn 4 chiều</li><li>Thương hiệu: Axeron</li></ul>",,"Tất Nam"
462,"Tất Nam - Phiên Bản Cao Cấp 4","<p>Đây là <strong>Tất Nam - Phiên Bản Cao Cấp 4</strong>. Sản phẩm chính hãng cao cấp, chất liệu siêu nhẹ, thoáng khí. Phù hợp cho mọi hoạt động thể thao cường độ cao. Thiết kế ôm form, tôn dáng, mang lại sự thoải mái tối đa.</p><ul><li>Chất liệu: 100% Cao cấp</li><li>Tính năng: Thấm hút mồ hôi, co giãn 4 chiều</li><li>Thương hiệu: Axeron</li></ul>",,"Tất Nam"
463,"Tất Nam - Phiên Bản Cao Cấp 5","<p>Đây là <strong>Tất Nam - Phiên Bản Cao Cấp 5</strong>. Sản phẩm chính hãng cao cấp, chất liệu siêu nhẹ, thoáng khí. Phù hợp cho mọi hoạt động thể thao cường độ cao. Thiết kế ôm form, tôn dáng, mang lại sự thoải mái tối đa.</p><ul><li>Chất liệu: 100% Cao cấp</li><li>Tính năng: Thấm hút mồ hôi, co giãn 4 chiều</li><li>Thương hiệu: Axeron</li></ul>",,"Tất Nam"
464,"Tất Nam - Phiên Bản Cao Cấp 6","<p>Đây là <strong>Tất Nam - Phiên Bản Cao Cấp 6</strong>. Sản phẩm chính hãng cao cấp, chất liệu siêu nhẹ, thoáng khí. Phù hợp cho mọi hoạt động thể thao cường độ cao. Thiết kế ôm form, tôn dáng, mang lại sự thoải mái tối đa.</p><ul><li>Chất liệu: 100% Cao cấp</li><li>Tính năng: Thấm hút mồ hôi, co giãn 4 chiều</li><li>Thương hiệu: Axeron</li></ul>",,"Tất Nam"
465,"Bộ Suvec Nữ - Phiên Bản Cao Cấp 1","<p>Đây là <strong>Bộ Suvec Nữ - Phiên Bản Cao Cấp 1</strong>. Sản phẩm chính hãng cao cấp, chất liệu siêu nhẹ, thoáng khí. Phù hợp cho mọi hoạt động thể thao cường độ cao. Thiết kế ôm form, tôn dáng, mang lại sự thoải mái tối đa.</p><ul><li>Chất liệu: 100% Cao cấp</li><li>Tính năng: Thấm hút mồ hôi, co giãn 4 chiều</li><li>Thương hiệu: Axeron</li></ul>",,"Bộ Suvec Nữ"
466,"Bộ Suvec Nữ - Phiên Bản Cao Cấp 2","<p>Đây là <strong>Bộ Suvec Nữ - Phiên Bản Cao Cấp 2</strong>. Sản phẩm chính hãng cao cấp, chất liệu siêu nhẹ, thoáng khí. Phù hợp cho mọi hoạt động thể thao cường độ cao. Thiết kế ôm form, tôn dáng, mang lại sự thoải mái tối đa.</p><ul><li>Chất liệu: 100% Cao cấp</li><li>Tính năng: Thấm hút mồ hôi, co giãn 4 chiều</li><li>Thương hiệu: Axeron</li></ul>",,"Bộ Suvec Nữ"
467,"Bộ Suvec Nữ - Phiên Bản Cao Cấp 3","<p>Đây là <strong>Bộ Suvec Nữ - Phiên Bản Cao Cấp 3</strong>. Sản phẩm chính hãng cao cấp, chất liệu siêu nhẹ, thoáng khí. Phù hợp cho mọi hoạt động thể thao cường độ cao. Thiết kế ôm form, tôn dáng, mang lại sự thoải mái tối đa.</p><ul><li>Chất liệu: 100% Cao cấp</li><li>Tính năng: Thấm hút mồ hôi, co giãn 4 chiều</li><li>Thương hiệu: Axeron</li></ul>",,"Bộ Suvec Nữ"
468,"Bộ Suvec Nữ - Phiên Bản Cao Cấp 4","<p>Đây là <strong>Bộ Suvec Nữ - Phiên Bản Cao Cấp 4</strong>. Sản phẩm chính hãng cao cấp, chất liệu siêu nhẹ, thoáng khí. Phù hợp cho mọi hoạt động thể thao cường độ cao. Thiết kế ôm form, tôn dáng, mang lại sự thoải mái tối đa.</p><ul><li>Chất liệu: 100% Cao cấp</li><li>Tính năng: Thấm hút mồ hôi, co giãn 4 chiều</li><li>Thương hiệu: Axeron</li></ul>",,"Bộ Suvec Nữ"
469,"Bộ Suvec Nữ - Phiên Bản Cao Cấp 5","<p>Đây là <strong>Bộ Suvec Nữ - Phiên Bản Cao Cấp 5</strong>. Sản phẩm chính hãng cao cấp, chất liệu siêu nhẹ, thoáng khí. Phù hợp cho mọi hoạt động thể thao cường độ cao. Thiết kế ôm form, tôn dáng, mang lại sự thoải mái tối đa.</p><ul><li>Chất liệu: 100% Cao cấp</li><li>Tính năng: Thấm hút mồ hôi, co giãn 4 chiều</li><li>Thương hiệu: Axeron</li></ul>",,"Bộ Suvec Nữ"
470,"Bộ Suvec Nữ - Phiên Bản Cao Cấp 6","<p>Đây là <strong>Bộ Suvec Nữ - Phiên Bản Cao Cấp 6</strong>. Sản phẩm chính hãng cao cấp, chất liệu siêu nhẹ, thoáng khí. Phù hợp cho mọi hoạt động thể thao cường độ cao. Thiết kế ôm form, tôn dáng, mang lại sự thoải mái tối đa.</p><ul><li>Chất liệu: 100% Cao cấp</li><li>Tính năng: Thấm hút mồ hôi, co giãn 4 chiều</li><li>Thương hiệu: Axeron</li></ul>",,"Bộ Suvec Nữ"
471,"Bộ Cầu Lông Nữ - Phiên Bản Cao Cấp 1","<p>Đây là <strong>Bộ Cầu Lông Nữ - Phiên Bản Cao Cấp 1</strong>. Sản phẩm chính hãng cao cấp, chất liệu siêu nhẹ, thoáng khí. Phù hợp cho mọi hoạt động thể thao cường độ cao. Thiết kế ôm form, tôn dáng, mang lại sự thoải mái tối đa.</p><ul><li>Chất liệu: 100% Cao cấp</li><li>Tính năng: Thấm hút mồ hôi, co giãn 4 chiều</li><li>Thương hiệu: Axeron</li></ul>",,"Bộ Cầu Lông Nữ"
472,"Bộ Cầu Lông Nữ - Phiên Bản Cao Cấp 2","<p>Đây là <strong>Bộ Cầu Lông Nữ - Phiên Bản Cao Cấp 2</strong>. Sản phẩm chính hãng cao cấp, chất liệu siêu nhẹ, thoáng khí. Phù hợp cho mọi hoạt động thể thao cường độ cao. Thiết kế ôm form, tôn dáng, mang lại sự thoải mái tối đa.</p><ul><li>Chất liệu: 100% Cao cấp</li><li>Tính năng: Thấm hút mồ hôi, co giãn 4 chiều</li><li>Thương hiệu: Axeron</li></ul>",,"Bộ Cầu Lông Nữ"
473,"Bộ Cầu Lông Nữ - Phiên Bản Cao Cấp 3","<p>Đây là <strong>Bộ Cầu Lông Nữ - Phiên Bản Cao Cấp 3</strong>. Sản phẩm chính hãng cao cấp, chất liệu siêu nhẹ, thoáng khí. Phù hợp cho mọi hoạt động thể thao cường độ cao. Thiết kế ôm form, tôn dáng, mang lại sự thoải mái tối đa.</p><ul><li>Chất liệu: 100% Cao cấp</li><li>Tính năng: Thấm hút mồ hôi, co giãn 4 chiều</li><li>Thương hiệu: Axeron</li></ul>",,"Bộ Cầu Lông Nữ"
474,"Bộ Cầu Lông Nữ - Phiên Bản Cao Cấp 4","<p>Đây là <strong>Bộ Cầu Lông Nữ - Phiên Bản Cao Cấp 4</strong>. Sản phẩm chính hãng cao cấp, chất liệu siêu nhẹ, thoáng khí. Phù hợp cho mọi hoạt động thể thao cường độ cao. Thiết kế ôm form, tôn dáng, mang lại sự thoải mái tối đa.</p><ul><li>Chất liệu: 100% Cao cấp</li><li>Tính năng: Thấm hút mồ hôi, co giãn 4 chiều</li><li>Thương hiệu: Axeron</li></ul>",,"Bộ Cầu Lông Nữ"
475,"Bộ Cầu Lông Nữ - Phiên Bản Cao Cấp 5","<p>Đây là <strong>Bộ Cầu Lông Nữ - Phiên Bản Cao Cấp 5</strong>. Sản phẩm chính hãng cao cấp, chất liệu siêu nhẹ, thoáng khí. Phù hợp cho mọi hoạt động thể thao cường độ cao. Thiết kế ôm form, tôn dáng, mang lại sự thoải mái tối đa.</p><ul><li>Chất liệu: 100% Cao cấp</li><li>Tính năng: Thấm hút mồ hôi, co giãn 4 chiều</li><li>Thương hiệu: Axeron</li></ul>",,"Bộ Cầu Lông Nữ"
476,"Bộ Cầu Lông Nữ - Phiên Bản Cao Cấp 6","<p>Đây là <strong>Bộ Cầu Lông Nữ - Phiên Bản Cao Cấp 6</strong>. Sản phẩm chính hãng cao cấp, chất liệu siêu nhẹ, thoáng khí. Phù hợp cho mọi hoạt động thể thao cường độ cao. Thiết kế ôm form, tôn dáng, mang lại sự thoải mái tối đa.</p><ul><li>Chất liệu: 100% Cao cấp</li><li>Tính năng: Thấm hút mồ hôi, co giãn 4 chiều</li><li>Thương hiệu: Axeron</li></ul>",,"Bộ Cầu Lông Nữ"
477,"Bộ Bóng Chuyền Nữ - Phiên Bản Cao Cấp 1","<p>Đây là <strong>Bộ Bóng Chuyền Nữ - Phiên Bản Cao Cấp 1</strong>. Sản phẩm chính hãng cao cấp, chất liệu siêu nhẹ, thoáng khí. Phù hợp cho mọi hoạt động thể thao cường độ cao. Thiết kế ôm form, tôn dáng, mang lại sự thoải mái tối đa.</p><ul><li>Chất liệu: 100% Cao cấp</li><li>Tính năng: Thấm hút mồ hôi, co giãn 4 chiều</li><li>Thương hiệu: Axeron</li></ul>",,"Bộ Bóng Chuyền Nữ"
478,"Bộ Bóng Chuyền Nữ - Phiên Bản Cao Cấp 2","<p>Đây là <strong>Bộ Bóng Chuyền Nữ - Phiên Bản Cao Cấp 2</strong>. Sản phẩm chính hãng cao cấp, chất liệu siêu nhẹ, thoáng khí. Phù hợp cho mọi hoạt động thể thao cường độ cao. Thiết kế ôm form, tôn dáng, mang lại sự thoải mái tối đa.</p><ul><li>Chất liệu: 100% Cao cấp</li><li>Tính năng: Thấm hút mồ hôi, co giãn 4 chiều</li><li>Thương hiệu: Axeron</li></ul>",,"Bộ Bóng Chuyền Nữ"
479,"Bộ Bóng Chuyền Nữ - Phiên Bản Cao Cấp 3","<p>Đây là <strong>Bộ Bóng Chuyền Nữ - Phiên Bản Cao Cấp 3</strong>. Sản phẩm chính hãng cao cấp, chất liệu siêu nhẹ, thoáng khí. Phù hợp cho mọi hoạt động thể thao cường độ cao. Thiết kế ôm form, tôn dáng, mang lại sự thoải mái tối đa.</p><ul><li>Chất liệu: 100% Cao cấp</li><li>Tính năng: Thấm hút mồ hôi, co giãn 4 chiều</li><li>Thương hiệu: Axeron</li></ul>",,"Bộ Bóng Chuyền Nữ"
480,"Bộ Bóng Chuyền Nữ - Phiên Bản Cao Cấp 4","<p>Đây là <strong>Bộ Bóng Chuyền Nữ - Phiên Bản Cao Cấp 4</strong>. Sản phẩm chính hãng cao cấp, chất liệu siêu nhẹ, thoáng khí. Phù hợp cho mọi hoạt động thể thao cường độ cao. Thiết kế ôm form, tôn dáng, mang lại sự thoải mái tối đa.</p><ul><li>Chất liệu: 100% Cao cấp</li><li>Tính năng: Thấm hút mồ hôi, co giãn 4 chiều</li><li>Thương hiệu: Axeron</li></ul>",,"Bộ Bóng Chuyền Nữ"
481,"Bộ Bóng Chuyền Nữ - Phiên Bản Cao Cấp 5","<p>Đây là <strong>Bộ Bóng Chuyền Nữ - Phiên Bản Cao Cấp 5</strong>. Sản phẩm chính hãng cao cấp, chất liệu siêu nhẹ, thoáng khí. Phù hợp cho mọi hoạt động thể thao cường độ cao. Thiết kế ôm form, tôn dáng, mang lại sự thoải mái tối đa.</p><ul><li>Chất liệu: 100% Cao cấp</li><li>Tính năng: Thấm hút mồ hôi, co giãn 4 chiều</li><li>Thương hiệu: Axeron</li></ul>",,"Bộ Bóng Chuyền Nữ"
482,"Bộ Bóng Chuyền Nữ - Phiên Bản Cao Cấp 6","<p>Đây là <strong>Bộ Bóng Chuyền Nữ - Phiên Bản Cao Cấp 6</strong>. Sản phẩm chính hãng cao cấp, chất liệu siêu nhẹ, thoáng khí. Phù hợp cho mọi hoạt động thể thao cường độ cao. Thiết kế ôm form, tôn dáng, mang lại sự thoải mái tối đa.</p><ul><li>Chất liệu: 100% Cao cấp</li><li>Tính năng: Thấm hút mồ hôi, co giãn 4 chiều</li><li>Thương hiệu: Axeron</li></ul>",,"Bộ Bóng Chuyền Nữ"
483,"Bộ Pickleball Nữ - Phiên Bản Cao Cấp 1","<p>Đây là <strong>Bộ Pickleball Nữ - Phiên Bản Cao Cấp 1</strong>. Sản phẩm chính hãng cao cấp, chất liệu siêu nhẹ, thoáng khí. Phù hợp cho mọi hoạt động thể thao cường độ cao. Thiết kế ôm form, tôn dáng, mang lại sự thoải mái tối đa.</p><ul><li>Chất liệu: 100% Cao cấp</li><li>Tính năng: Thấm hút mồ hôi, co giãn 4 chiều</li><li>Thương hiệu: Axeron</li></ul>",,"Bộ Pickleball Nữ"
484,"Bộ Pickleball Nữ - Phiên Bản Cao Cấp 2","<p>Đây là <strong>Bộ Pickleball Nữ - Phiên Bản Cao Cấp 2</strong>. Sản phẩm chính hãng cao cấp, chất liệu siêu nhẹ, thoáng khí. Phù hợp cho mọi hoạt động thể thao cường độ cao. Thiết kế ôm form, tôn dáng, mang lại sự thoải mái tối đa.</p><ul><li>Chất liệu: 100% Cao cấp</li><li>Tính năng: Thấm hút mồ hôi, co giãn 4 chiều</li><li>Thương hiệu: Axeron</li></ul>",,"Bộ Pickleball Nữ"
485,"Bộ Pickleball Nữ - Phiên Bản Cao Cấp 3","<p>Đây là <strong>Bộ Pickleball Nữ - Phiên Bản Cao Cấp 3</strong>. Sản phẩm chính hãng cao cấp, chất liệu siêu nhẹ, thoáng khí. Phù hợp cho mọi hoạt động thể thao cường độ cao. Thiết kế ôm form, tôn dáng, mang lại sự thoải mái tối đa.</p><ul><li>Chất liệu: 100% Cao cấp</li><li>Tính năng: Thấm hút mồ hôi, co giãn 4 chiều</li><li>Thương hiệu: Axeron</li></ul>",,"Bộ Pickleball Nữ"
486,"Bộ Pickleball Nữ - Phiên Bản Cao Cấp 4","<p>Đây là <strong>Bộ Pickleball Nữ - Phiên Bản Cao Cấp 4</strong>. Sản phẩm chính hãng cao cấp, chất liệu siêu nhẹ, thoáng khí. Phù hợp cho mọi hoạt động thể thao cường độ cao. Thiết kế ôm form, tôn dáng, mang lại sự thoải mái tối đa.</p><ul><li>Chất liệu: 100% Cao cấp</li><li>Tính năng: Thấm hút mồ hôi, co giãn 4 chiều</li><li>Thương hiệu: Axeron</li></ul>",,"Bộ Pickleball Nữ"
487,"Bộ Pickleball Nữ - Phiên Bản Cao Cấp 5","<p>Đây là <strong>Bộ Pickleball Nữ - Phiên Bản Cao Cấp 5</strong>. Sản phẩm chính hãng cao cấp, chất liệu siêu nhẹ, thoáng khí. Phù hợp cho mọi hoạt động thể thao cường độ cao. Thiết kế ôm form, tôn dáng, mang lại sự thoải mái tối đa.</p><ul><li>Chất liệu: 100% Cao cấp</li><li>Tính năng: Thấm hút mồ hôi, co giãn 4 chiều</li><li>Thương hiệu: Axeron</li></ul>",,"Bộ Pickleball Nữ"
488,"Bộ Pickleball Nữ - Phiên Bản Cao Cấp 6","<p>Đây là <strong>Bộ Pickleball Nữ - Phiên Bản Cao Cấp 6</strong>. Sản phẩm chính hãng cao cấp, chất liệu siêu nhẹ, thoáng khí. Phù hợp cho mọi hoạt động thể thao cường độ cao. Thiết kế ôm form, tôn dáng, mang lại sự thoải mái tối đa.</p><ul><li>Chất liệu: 100% Cao cấp</li><li>Tính năng: Thấm hút mồ hôi, co giãn 4 chiều</li><li>Thương hiệu: Axeron</li></ul>",,"Bộ Pickleball Nữ"
489,"Mũ Nữ - Phiên Bản Cao Cấp 1","<p>Đây là <strong>Mũ Nữ - Phiên Bản Cao Cấp 1</strong>. Sản phẩm chính hãng cao cấp, chất liệu siêu nhẹ, thoáng khí. Phù hợp cho mọi hoạt động thể thao cường độ cao. Thiết kế ôm form, tôn dáng, mang lại sự thoải mái tối đa.</p><ul><li>Chất liệu: 100% Cao cấp</li><li>Tính năng: Thấm hút mồ hôi, co giãn 4 chiều</li><li>Thương hiệu: Axeron</li></ul>",,"Mũ Nữ"
490,"Mũ Nữ - Phiên Bản Cao Cấp 2","<p>Đây là <strong>Mũ Nữ - Phiên Bản Cao Cấp 2</strong>. Sản phẩm chính hãng cao cấp, chất liệu siêu nhẹ, thoáng khí. Phù hợp cho mọi hoạt động thể thao cường độ cao. Thiết kế ôm form, tôn dáng, mang lại sự thoải mái tối đa.</p><ul><li>Chất liệu: 100% Cao cấp</li><li>Tính năng: Thấm hút mồ hôi, co giãn 4 chiều</li><li>Thương hiệu: Axeron</li></ul>",,"Mũ Nữ"
491,"Mũ Nữ - Phiên Bản Cao Cấp 3","<p>Đây là <strong>Mũ Nữ - Phiên Bản Cao Cấp 3</strong>. Sản phẩm chính hãng cao cấp, chất liệu siêu nhẹ, thoáng khí. Phù hợp cho mọi hoạt động thể thao cường độ cao. Thiết kế ôm form, tôn dáng, mang lại sự thoải mái tối đa.</p><ul><li>Chất liệu: 100% Cao cấp</li><li>Tính năng: Thấm hút mồ hôi, co giãn 4 chiều</li><li>Thương hiệu: Axeron</li></ul>",,"Mũ Nữ"
492,"Mũ Nữ - Phiên Bản Cao Cấp 4","<p>Đây là <strong>Mũ Nữ - Phiên Bản Cao Cấp 4</strong>. Sản phẩm chính hãng cao cấp, chất liệu siêu nhẹ, thoáng khí. Phù hợp cho mọi hoạt động thể thao cường độ cao. Thiết kế ôm form, tôn dáng, mang lại sự thoải mái tối đa.</p><ul><li>Chất liệu: 100% Cao cấp</li><li>Tính năng: Thấm hút mồ hôi, co giãn 4 chiều</li><li>Thương hiệu: Axeron</li></ul>",,"Mũ Nữ"
493,"Mũ Nữ - Phiên Bản Cao Cấp 5","<p>Đây là <strong>Mũ Nữ - Phiên Bản Cao Cấp 5</strong>. Sản phẩm chính hãng cao cấp, chất liệu siêu nhẹ, thoáng khí. Phù hợp cho mọi hoạt động thể thao cường độ cao. Thiết kế ôm form, tôn dáng, mang lại sự thoải mái tối đa.</p><ul><li>Chất liệu: 100% Cao cấp</li><li>Tính năng: Thấm hút mồ hôi, co giãn 4 chiều</li><li>Thương hiệu: Axeron</li></ul>",,"Mũ Nữ"
494,"Mũ Nữ - Phiên Bản Cao Cấp 6","<p>Đây là <strong>Mũ Nữ - Phiên Bản Cao Cấp 6</strong>. Sản phẩm chính hãng cao cấp, chất liệu siêu nhẹ, thoáng khí. Phù hợp cho mọi hoạt động thể thao cường độ cao. Thiết kế ôm form, tôn dáng, mang lại sự thoải mái tối đa.</p><ul><li>Chất liệu: 100% Cao cấp</li><li>Tính năng: Thấm hút mồ hôi, co giãn 4 chiều</li><li>Thương hiệu: Axeron</li></ul>",,"Mũ Nữ"
495,"Balo Nữ - Phiên Bản Cao Cấp 1","<p>Đây là <strong>Balo Nữ - Phiên Bản Cao Cấp 1</strong>. Sản phẩm chính hãng cao cấp, chất liệu siêu nhẹ, thoáng khí. Phù hợp cho mọi hoạt động thể thao cường độ cao. Thiết kế ôm form, tôn dáng, mang lại sự thoải mái tối đa.</p><ul><li>Chất liệu: 100% Cao cấp</li><li>Tính năng: Thấm hút mồ hôi, co giãn 4 chiều</li><li>Thương hiệu: Axeron</li></ul>",,"Balo Nữ"
496,"Balo Nữ - Phiên Bản Cao Cấp 2","<p>Đây là <strong>Balo Nữ - Phiên Bản Cao Cấp 2</strong>. Sản phẩm chính hãng cao cấp, chất liệu siêu nhẹ, thoáng khí. Phù hợp cho mọi hoạt động thể thao cường độ cao. Thiết kế ôm form, tôn dáng, mang lại sự thoải mái tối đa.</p><ul><li>Chất liệu: 100% Cao cấp</li><li>Tính năng: Thấm hút mồ hôi, co giãn 4 chiều</li><li>Thương hiệu: Axeron</li></ul>",,"Balo Nữ"
497,"Balo Nữ - Phiên Bản Cao Cấp 3","<p>Đây là <strong>Balo Nữ - Phiên Bản Cao Cấp 3</strong>. Sản phẩm chính hãng cao cấp, chất liệu siêu nhẹ, thoáng khí. Phù hợp cho mọi hoạt động thể thao cường độ cao. Thiết kế ôm form, tôn dáng, mang lại sự thoải mái tối đa.</p><ul><li>Chất liệu: 100% Cao cấp</li><li>Tính năng: Thấm hút mồ hôi, co giãn 4 chiều</li><li>Thương hiệu: Axeron</li></ul>",,"Balo Nữ"
498,"Balo Nữ - Phiên Bản Cao Cấp 4","<p>Đây là <strong>Balo Nữ - Phiên Bản Cao Cấp 4</strong>. Sản phẩm chính hãng cao cấp, chất liệu siêu nhẹ, thoáng khí. Phù hợp cho mọi hoạt động thể thao cường độ cao. Thiết kế ôm form, tôn dáng, mang lại sự thoải mái tối đa.</p><ul><li>Chất liệu: 100% Cao cấp</li><li>Tính năng: Thấm hút mồ hôi, co giãn 4 chiều</li><li>Thương hiệu: Axeron</li></ul>",,"Balo Nữ"
499,"Balo Nữ - Phiên Bản Cao Cấp 5","<p>Đây là <strong>Balo Nữ - Phiên Bản Cao Cấp 5</strong>. Sản phẩm chính hãng cao cấp, chất liệu siêu nhẹ, thoáng khí. Phù hợp cho mọi hoạt động thể thao cường độ cao. Thiết kế ôm form, tôn dáng, mang lại sự thoải mái tối đa.</p><ul><li>Chất liệu: 100% Cao cấp</li><li>Tính năng: Thấm hút mồ hôi, co giãn 4 chiều</li><li>Thương hiệu: Axeron</li></ul>",,"Balo Nữ"
500,"Balo Nữ - Phiên Bản Cao Cấp 6","<p>Đây là <strong>Balo Nữ - Phiên Bản Cao Cấp 6</strong>. Sản phẩm chính hãng cao cấp, chất liệu siêu nhẹ, thoáng khí. Phù hợp cho mọi hoạt động thể thao cường độ cao. Thiết kế ôm form, tôn dáng, mang lại sự thoải mái tối đa.</p><ul><li>Chất liệu: 100% Cao cấp</li><li>Tính năng: Thấm hút mồ hôi, co giãn 4 chiều</li><li>Thương hiệu: Axeron</li></ul>",,"Balo Nữ"
501,"Tất Nữ - Phiên Bản Cao Cấp 1","<p>Đây là <strong>Tất Nữ - Phiên Bản Cao Cấp 1</strong>. Sản phẩm chính hãng cao cấp, chất liệu siêu nhẹ, thoáng khí. Phù hợp cho mọi hoạt động thể thao cường độ cao. Thiết kế ôm form, tôn dáng, mang lại sự thoải mái tối đa.</p><ul><li>Chất liệu: 100% Cao cấp</li><li>Tính năng: Thấm hút mồ hôi, co giãn 4 chiều</li><li>Thương hiệu: Axeron</li></ul>",,"Tất Nữ"
502,"Tất Nữ - Phiên Bản Cao Cấp 2","<p>Đây là <strong>Tất Nữ - Phiên Bản Cao Cấp 2</strong>. Sản phẩm chính hãng cao cấp, chất liệu siêu nhẹ, thoáng khí. Phù hợp cho mọi hoạt động thể thao cường độ cao. Thiết kế ôm form, tôn dáng, mang lại sự thoải mái tối đa.</p><ul><li>Chất liệu: 100% Cao cấp</li><li>Tính năng: Thấm hút mồ hôi, co giãn 4 chiều</li><li>Thương hiệu: Axeron</li></ul>",,"Tất Nữ"
503,"Tất Nữ - Phiên Bản Cao Cấp 3","<p>Đây là <strong>Tất Nữ - Phiên Bản Cao Cấp 3</strong>. Sản phẩm chính hãng cao cấp, chất liệu siêu nhẹ, thoáng khí. Phù hợp cho mọi hoạt động thể thao cường độ cao. Thiết kế ôm form, tôn dáng, mang lại sự thoải mái tối đa.</p><ul><li>Chất liệu: 100% Cao cấp</li><li>Tính năng: Thấm hút mồ hôi, co giãn 4 chiều</li><li>Thương hiệu: Axeron</li></ul>",,"Tất Nữ"
504,"Tất Nữ - Phiên Bản Cao Cấp 4","<p>Đây là <strong>Tất Nữ - Phiên Bản Cao Cấp 4</strong>. Sản phẩm chính hãng cao cấp, chất liệu siêu nhẹ, thoáng khí. Phù hợp cho mọi hoạt động thể thao cường độ cao. Thiết kế ôm form, tôn dáng, mang lại sự thoải mái tối đa.</p><ul><li>Chất liệu: 100% Cao cấp</li><li>Tính năng: Thấm hút mồ hôi, co giãn 4 chiều</li><li>Thương hiệu: Axeron</li></ul>",,"Tất Nữ"
505,"Tất Nữ - Phiên Bản Cao Cấp 5","<p>Đây là <strong>Tất Nữ - Phiên Bản Cao Cấp 5</strong>. Sản phẩm chính hãng cao cấp, chất liệu siêu nhẹ, thoáng khí. Phù hợp cho mọi hoạt động thể thao cường độ cao. Thiết kế ôm form, tôn dáng, mang lại sự thoải mái tối đa.</p><ul><li>Chất liệu: 100% Cao cấp</li><li>Tính năng: Thấm hút mồ hôi, co giãn 4 chiều</li><li>Thương hiệu: Axeron</li></ul>",,"Tất Nữ"
506,"Tất Nữ - Phiên Bản Cao Cấp 6","<p>Đây là <strong>Tất Nữ - Phiên Bản Cao Cấp 6</strong>. Sản phẩm chính hãng cao cấp, chất liệu siêu nhẹ, thoáng khí. Phù hợp cho mọi hoạt động thể thao cường độ cao. Thiết kế ôm form, tôn dáng, mang lại sự thoải mái tối đa.</p><ul><li>Chất liệu: 100% Cao cấp</li><li>Tính năng: Thấm hút mồ hôi, co giãn 4 chiều</li><li>Thương hiệu: Axeron</li></ul>",,"Tất Nữ"
507,"Quần Short Nữ - Mẫu Mới Cập Nhật 771","<p>Sản phẩm <strong>Quần Short Nữ - Mẫu Mới Cập Nhật 771</strong> mới nhất vừa cập bến. Thiết kế hiện đại, chất liệu bền bỉ, phù hợp với mọi nhu cầu tập luyện và thi đấu. Sản phẩm hỗ trợ tối đa cho các vận động viên và người yêu thể thao.</p><ul><li>Phân loại: Quần Short Nữ</li><li>Cam kết chất lượng cao cấp</li><li>Bảo hành chính hãng Axeron</li></ul>",,"Quần Short Nữ"
508,"Tạ Tay Và Ghế - Mẫu Mới Cập Nhật 522","<p>Sản phẩm <strong>Tạ Tay Và Ghế - Mẫu Mới Cập Nhật 522</strong> mới nhất vừa cập bến. Thiết kế hiện đại, chất liệu bền bỉ, phù hợp với mọi nhu cầu tập luyện và thi đấu. Sản phẩm hỗ trợ tối đa cho các vận động viên và người yêu thể thao.</p><ul><li>Phân loại: Tạ Tay Và Ghế</li><li>Cam kết chất lượng cao cấp</li><li>Bảo hành chính hãng Axeron</li></ul>",,"Tạ Tay Và Ghế"
509,"Bóng Futsal - Mẫu Mới Cập Nhật 544","<p>Sản phẩm <strong>Bóng Futsal - Mẫu Mới Cập Nhật 544</strong> mới nhất vừa cập bến. Thiết kế hiện đại, chất liệu bền bỉ, phù hợp với mọi nhu cầu tập luyện và thi đấu. Sản phẩm hỗ trợ tối đa cho các vận động viên và người yêu thể thao.</p><ul><li>Phân loại: Bóng Futsal</li><li>Cam kết chất lượng cao cấp</li><li>Bảo hành chính hãng Axeron</li></ul>",,"Bóng Futsal"
510,"Áo Phông Nữ - Mẫu Mới Cập Nhật 555","<p>Sản phẩm <strong>Áo Phông Nữ - Mẫu Mới Cập Nhật 555</strong> mới nhất vừa cập bến. Thiết kế hiện đại, chất liệu bền bỉ, phù hợp với mọi nhu cầu tập luyện và thi đấu. Sản phẩm hỗ trợ tối đa cho các vận động viên và người yêu thể thao.</p><ul><li>Phân loại: Áo Phông Nữ</li><li>Cam kết chất lượng cao cấp</li><li>Bảo hành chính hãng Axeron</li></ul>",,"Áo Phông Nữ"
511,"Tất Nam - Mẫu Mới Cập Nhật 254","<p>Sản phẩm <strong>Tất Nam - Mẫu Mới Cập Nhật 254</strong> mới nhất vừa cập bến. Thiết kế hiện đại, chất liệu bền bỉ, phù hợp với mọi nhu cầu tập luyện và thi đấu. Sản phẩm hỗ trợ tối đa cho các vận động viên và người yêu thể thao.</p><ul><li>Phân loại: Tất Nam</li><li>Cam kết chất lượng cao cấp</li><li>Bảo hành chính hãng Axeron</li></ul>",,"Tất Nam"
512,"Bóng Đá Sân Cỏ - Mẫu Mới Cập Nhật 775","<p>Sản phẩm <strong>Bóng Đá Sân Cỏ - Mẫu Mới Cập Nhật 775</strong> mới nhất vừa cập bến. Thiết kế hiện đại, chất liệu bền bỉ, phù hợp với mọi nhu cầu tập luyện và thi đấu. Sản phẩm hỗ trợ tối đa cho các vận động viên và người yêu thể thao.</p><ul><li>Phân loại: Bóng Đá Sân Cỏ</li><li>Cam kết chất lượng cao cấp</li><li>Bảo hành chính hãng Axeron</li></ul>",,"Bóng Đá Sân Cỏ"
513,"Bộ Pickleball Nam - Mẫu Mới Cập Nhật 939","<p>Sản phẩm <strong>Bộ Pickleball Nam - Mẫu Mới Cập Nhật 939</strong> mới nhất vừa cập bến. Thiết kế hiện đại, chất liệu bền bỉ, phù hợp với mọi nhu cầu tập luyện và thi đấu. Sản phẩm hỗ trợ tối đa cho các vận động viên và người yêu thể thao.</p><ul><li>Phân loại: Bộ Pickleball Nam</li><li>Cam kết chất lượng cao cấp</li><li>Bảo hành chính hãng Axeron</li></ul>",,"Bộ Pickleball Nam"
514,"Mũ Nữ - Mẫu Mới Cập Nhật 865","<p>Sản phẩm <strong>Mũ Nữ - Mẫu Mới Cập Nhật 865</strong> mới nhất vừa cập bến. Thiết kế hiện đại, chất liệu bền bỉ, phù hợp với mọi nhu cầu tập luyện và thi đấu. Sản phẩm hỗ trợ tối đa cho các vận động viên và người yêu thể thao.</p><ul><li>Phân loại: Mũ Nữ</li><li>Cam kết chất lượng cao cấp</li><li>Bảo hành chính hãng Axeron</li></ul>",,"Mũ Nữ"
515,"Bộ Bóng Đá Nam - Mẫu Mới Cập Nhật 260","<p>Sản phẩm <strong>Bộ Bóng Đá Nam - Mẫu Mới Cập Nhật 260</strong> mới nhất vừa cập bến. Thiết kế hiện đại, chất liệu bền bỉ, phù hợp với mọi nhu cầu tập luyện và thi đấu. Sản phẩm hỗ trợ tối đa cho các vận động viên và người yêu thể thao.</p><ul><li>Phân loại: Bộ Bóng Đá Nam</li><li>Cam kết chất lượng cao cấp</li><li>Bảo hành chính hãng Axeron</li></ul>",,"Bộ Bóng Đá Nam"
516,"Bộ Cầu Lông Nữ - Mẫu Mới Cập Nhật 126","<p>Sản phẩm <strong>Bộ Cầu Lông Nữ - Mẫu Mới Cập Nhật 126</strong> mới nhất vừa cập bến. Thiết kế hiện đại, chất liệu bền bỉ, phù hợp với mọi nhu cầu tập luyện và thi đấu. Sản phẩm hỗ trợ tối đa cho các vận động viên và người yêu thể thao.</p><ul><li>Phân loại: Bộ Cầu Lông Nữ</li><li>Cam kết chất lượng cao cấp</li><li>Bảo hành chính hãng Axeron</li></ul>",,"Bộ Cầu Lông Nữ"
517,"Balo Nam - Mẫu Mới Cập Nhật 476","<p>Sản phẩm <strong>Balo Nam - Mẫu Mới Cập Nhật 476</strong> mới nhất vừa cập bến. Thiết kế hiện đại, chất liệu bền bỉ, phù hợp với mọi nhu cầu tập luyện và thi đấu. Sản phẩm hỗ trợ tối đa cho các vận động viên và người yêu thể thao.</p><ul><li>Phân loại: Balo Nam</li><li>Cam kết chất lượng cao cấp</li><li>Bảo hành chính hãng Axeron</li></ul>",,"Balo Nam"
518,"Tất Nữ - Mẫu Mới Cập Nhật 505","<p>Sản phẩm <strong>Tất Nữ - Mẫu Mới Cập Nhật 505</strong> mới nhất vừa cập bến. Thiết kế hiện đại, chất liệu bền bỉ, phù hợp với mọi nhu cầu tập luyện và thi đấu. Sản phẩm hỗ trợ tối đa cho các vận động viên và người yêu thể thao.</p><ul><li>Phân loại: Tất Nữ</li><li>Cam kết chất lượng cao cấp</li><li>Bảo hành chính hãng Axeron</li></ul>",,"Tất Nữ"
519,"Chân Váy - Mẫu Mới Cập Nhật 285","<p>Sản phẩm <strong>Chân Váy - Mẫu Mới Cập Nhật 285</strong> mới nhất vừa cập bến. Thiết kế hiện đại, chất liệu bền bỉ, phù hợp với mọi nhu cầu tập luyện và thi đấu. Sản phẩm hỗ trợ tối đa cho các vận động viên và người yêu thể thao.</p><ul><li>Phân loại: Chân Váy</li><li>Cam kết chất lượng cao cấp</li><li>Bảo hành chính hãng Axeron</li></ul>",,"Chân Váy"
520,"Bộ Bóng Chuyền Nam - Mẫu Mới Cập Nhật 158","<p>Sản phẩm <strong>Bộ Bóng Chuyền Nam - Mẫu Mới Cập Nhật 158</strong> mới nhất vừa cập bến. Thiết kế hiện đại, chất liệu bền bỉ, phù hợp với mọi nhu cầu tập luyện và thi đấu. Sản phẩm hỗ trợ tối đa cho các vận động viên và người yêu thể thao.</p><ul><li>Phân loại: Bộ Bóng Chuyền Nam</li><li>Cam kết chất lượng cao cấp</li><li>Bảo hành chính hãng Axeron</li></ul>",,"Bộ Bóng Chuyền Nam"
521,"Bộ Pickleball Nữ - Mẫu Mới Cập Nhật 279","<p>Sản phẩm <strong>Bộ Pickleball Nữ - Mẫu Mới Cập Nhật 279</strong> mới nhất vừa cập bến. Thiết kế hiện đại, chất liệu bền bỉ, phù hợp với mọi nhu cầu tập luyện và thi đấu. Sản phẩm hỗ trợ tối đa cho các vận động viên và người yêu thể thao.</p><ul><li>Phân loại: Bộ Pickleball Nữ</li><li>Cam kết chất lượng cao cấp</li><li>Bảo hành chính hãng Axeron</li></ul>",,"Bộ Pickleball Nữ"
